Date,SP500_Price_Index,US_Treasury_2Y_Yield,US_Treasury_10Y_Yield,US_HighYield_Spread,SP500_logret,delta_2Y_bp,delta_10Y_bp,delta_HY_bp,primary_loss
2005-01-04,1188.050048828125,3.2,4.29,2.97,-0.011740004384716443,10.000000000000009,5.999999999999961,-8.999999999999986,0.011740004384716443
2005-01-05,1183.739990234375,3.22,4.29,3.04,-0.0036344391932794083,2.0000000000000018,0.0,6.999999999999984,0.0036344391932794083
2005-01-06,1187.890014648438,3.18,4.29,3.09,0.0034997268893883597,-4.0000000000000036,0.0,4.999999999999982,-0.0034997268893883597
2005-01-07,1186.18994140625,3.2,4.29,3.07,-0.001432195683594498,2.0000000000000018,0.0,-2.0000000000000018,0.001432195683594498
2005-01-10,1190.25,3.23,4.29,3.1,0.0034169283837069677,2.9999999999999805,0.0,3.000000000000025,-0.0034169283837069677
2005-01-11,1182.989990234375,3.24,4.26,3.19,-0.0061182454723810965,1.000000000000023,-3.000000000000025,8.999999999999986,0.0061182454723810965
2005-01-12,1187.699951171875,3.22,4.25,3.2,0.003973499066449697,-2.0000000000000018,-0.9999999999999787,1.000000000000023,-0.003973499066449697
2005-01-13,1177.449951171875,3.21,4.2,3.24,-0.008667580994090578,-1.000000000000023,-4.999999999999982,4.0000000000000036,0.008667580994090578
2005-01-14,1184.52001953125,3.24,4.23,3.22,0.005986604031937076,3.000000000000025,3.000000000000025,-2.0000000000000018,-0.005986604031937076
2005-01-18,1195.97998046875,3.26,4.21,3.24,0.009628270925436201,1.9999999999999574,-2.000000000000046,2.0000000000000018,-0.009628270925436201
2005-01-19,1184.630004882812,3.26,4.2,3.24,-0.009535422983762852,0.0,-0.9999999999999787,0.0,0.009535422983762852
2005-01-20,1175.410034179688,3.21,4.17,3.33,-0.007813441684862884,-4.999999999999982,-3.000000000000025,8.999999999999986,0.007813441684862884
2005-01-21,1167.869995117188,3.16,4.16,3.37,-0.006435479320456572,-4.999999999999982,-0.9999999999999787,4.0000000000000036,0.006435479320456572
2005-01-24,1163.75,3.2,4.14,3.37,-0.003534023051620263,4.0000000000000036,-2.000000000000046,0.0,0.003534023051620263
2005-01-25,1168.410034179688,3.23,4.2,3.29,0.003996329851615468,2.9999999999999805,6.00000000000005,-8.000000000000007,-0.003996329851615468
2005-01-26,1174.069946289062,3.27,4.21,3.27,0.004832419632937839,4.0000000000000036,0.9999999999999787,-2.0000000000000018,-0.004832419632937839
2005-01-27,1174.550048828125,3.28,4.22,3.23,0.00040883799571543366,0.9999999999999787,0.9999999999999787,-4.0000000000000036,-0.00040883799571543366
2005-01-28,1171.359985351562,3.25,4.16,3.27,-0.0027196826787091776,-2.9999999999999805,-5.999999999999961,4.0000000000000036,0.0027196826787091776
2005-01-31,1181.27001953125,3.29,4.14,3.29,0.008424693022827374,4.0000000000000036,-2.000000000000046,2.0000000000000018,-0.008424693022827374
2005-02-01,1189.410034179688,3.29,4.15,3.26,0.006867267158630702,0.0,1.0000000000000675,-3.000000000000025,-0.006867267158630702
2005-02-02,1193.18994140625,3.32,4.15,3.2,0.0031729290996990876,2.9999999999999805,0.0,-5.999999999999961,-0.0031729290996990876
2005-02-03,1189.890014648438,3.34,4.18,3.15,-0.002769465505019367,2.0000000000000018,2.999999999999936,-5.000000000000027,0.002769465505019367
2005-02-04,1203.030029296875,3.29,4.09,3.19,0.010982520503198652,-4.999999999999982,-8.999999999999986,4.0000000000000036,-0.010982520503198652
2005-02-07,1201.719970703125,3.31,4.07,3.17,-0.0010895591835757032,2.0000000000000018,-1.9999999999999574,-2.0000000000000018,0.0010895591835757032
2005-02-08,1202.300048828125,3.33,4.05,3.14,0.00048259010452929307,2.0000000000000018,-2.000000000000046,-2.9999999999999805,-0.00048259010452929307
2005-02-09,1191.989990234375,3.24,4.0,3.22,-0.008612258457473676,-8.999999999999986,-4.999999999999982,8.000000000000007,0.008612258457473676
2005-02-10,1197.010009765625,3.29,4.07,3.16,0.004202617764653276,4.999999999999982,7.000000000000028,-6.000000000000005,-0.004202617764653276
2005-02-11,1205.300048828125,3.34,4.1,3.12,0.006901750205170698,4.999999999999982,2.999999999999936,-4.0000000000000036,-0.006901750205170698
2005-02-14,1206.140014648438,3.38,4.08,3.11,0.0006966508245477101,4.0000000000000036,-1.9999999999999574,-1.000000000000023,-0.0006966508245477101
2005-02-15,1210.119995117188,3.37,4.1,3.06,0.003294334262127831,-0.9999999999999787,1.9999999999999574,-4.999999999999982,-0.003294334262127831
2005-02-16,1210.339965820312,3.41,4.16,2.99,0.0001817594236463904,4.0000000000000036,6.00000000000005,-6.999999999999984,-0.0001817594236463904
2005-02-17,1200.75,3.38,4.19,2.99,-0.00795492207086507,-3.000000000000025,3.000000000000025,0.0,0.00795492207086507
2005-02-18,1201.589965820312,3.45,4.27,2.93,0.000699289747905747,7.000000000000028,7.999999999999918,-6.000000000000005,-0.000699289747905747
2005-02-22,1184.160034179688,3.46,4.29,2.92,-0.014611959979604423,0.9999999999999787,2.000000000000046,-1.000000000000023,0.014611959979604423
2005-02-23,1190.800048828125,3.46,4.27,2.93,0.005591699832857217,0.0,-2.000000000000046,1.000000000000023,-0.005591699832857217
2005-02-24,1200.199951171875,3.52,4.29,2.88,0.007862777725995748,6.000000000000005,2.000000000000046,-5.000000000000027,-0.007862777725995748
2005-02-25,1211.369995117188,3.54,4.27,2.85,0.009263777602272302,2.0000000000000018,-2.000000000000046,-2.9999999999999805,-0.009263777602272302
2005-02-28,1203.599975585938,3.59,4.36,2.83,-0.006434901002669486,4.999999999999982,9.000000000000075,-2.0000000000000018,0.006434901002669486
2005-03-01,1210.410034179688,3.59,4.38,2.81,0.005642127938093621,0.0,1.9999999999999574,-2.0000000000000018,-0.005642127938093621
2005-03-02,1210.079956054688,3.57,4.38,2.84,-0.0002727366181043891,-2.0000000000000018,0.0,2.9999999999999805,0.0002727366181043891
2005-03-03,1210.469970703125,3.59,4.39,2.83,0.00032225292897347153,2.0000000000000018,0.9999999999999787,-0.9999999999999787,-0.00032225292897347153
2005-03-04,1222.119995117188,3.57,4.32,2.86,0.009578361866920395,-2.0000000000000018,-6.99999999999994,2.9999999999999805,-0.009578361866920395
2005-03-07,1225.31005859375,3.61,4.31,2.82,0.002606869420682706,4.0000000000000036,-1.0000000000000675,-4.0000000000000036,-0.002606869420682706
2005-03-08,1219.430053710938,3.62,4.38,2.76,-0.004810340527826612,1.000000000000023,7.000000000000028,-6.000000000000005,0.004810340527826612
2005-03-09,1207.010009765625,3.66,4.52,2.71,-0.010237345322319277,4.0000000000000036,13.999999999999968,-4.999999999999982,0.010237345322319277
2005-03-10,1209.25,3.68,4.48,2.78,0.0018540975449818477,2.0000000000000018,-3.9999999999999147,6.999999999999984,-0.0018540975449818477
2005-03-11,1200.079956054688,3.73,4.56,2.73,-0.007612148101110478,4.999999999999982,7.999999999999918,-4.999999999999982,0.007612148101110478
2005-03-14,1206.829956054688,3.75,4.52,2.77,0.005608866091690017,2.0000000000000018,-4.0000000000000036,4.0000000000000036,-0.005608866091690017
2005-03-15,1197.75,3.75,4.54,2.77,-0.00755225393044045,0.0,2.000000000000046,0.0,0.00755225393044045
2005-03-16,1188.069946289062,3.72,4.52,2.89,-0.008114700226148895,-2.9999999999999805,-2.000000000000046,12.00000000000001,0.008114700226148895
2005-03-17,1190.2099609375,3.7,4.47,3.0,0.0017996327677861053,-2.0000000000000018,-4.999999999999982,10.999999999999988,-0.0017996327677861053
2005-03-18,1189.650024414062,3.72,4.51,2.98,-0.0004705625853761206,2.0000000000000018,4.0000000000000036,-2.0000000000000018,0.0004705625853761206
2005-03-21,1183.780029296875,3.72,4.53,3.08,-0.004946433602739257,0.0,2.000000000000046,10.000000000000009,0.004946433602739257
2005-03-22,1171.7099609375,3.86,4.63,3.08,-0.010248546209256063,13.999999999999968,9.999999999999964,0.0,0.010248546209256063
2005-03-23,1172.530029296875,3.84,4.61,3.19,0.0006996454255908223,-2.0000000000000018,-1.9999999999999574,10.999999999999988,-0.0006996454255908223
2005-03-24,1171.420043945312,3.88,4.6,3.18,-0.0009471067214328896,4.0000000000000036,-1.0000000000000675,-0.9999999999999787,0.0009471067214328896
2005-03-28,1174.280029296875,3.9,4.64,3.19,0.0024384931401668104,2.0000000000000018,4.0000000000000036,0.9999999999999787,-0.0024384931401668104
2005-03-29,1165.359985351562,3.87,4.6,3.28,-0.007625179181011878,-2.9999999999999805,-4.0000000000000036,8.999999999999986,0.007625179181011878
2005-03-30,1181.410034179688,3.86,4.56,3.38,0.013678629731371466,-1.000000000000023,-4.0000000000000036,10.000000000000009,-0.013678629731371466
2005-03-31,1180.589965820312,3.8,4.5,3.52,-0.0006943847521820143,-6.000000000000005,-5.999999999999961,14.000000000000012,0.0006943847521820143
2005-04-01,1172.920043945312,3.75,4.46,3.55,-0.006517880949263398,-4.999999999999982,-4.0000000000000036,2.9999999999999805,0.006517880949263398
2005-04-04,1176.119995117188,3.74,4.47,3.59,0.0027244773167251274,-0.9999999999999787,0.9999999999999787,4.0000000000000036,-0.0027244773167251274
2005-04-05,1181.390014648438,3.75,4.48,3.53,0.00447084278556942,0.9999999999999787,1.0000000000000675,-6.000000000000005,-0.00447084278556942
2005-04-06,1184.069946289062,3.7,4.44,3.48,0.0022658872536407385,-4.999999999999982,-4.0000000000000036,-4.999999999999982,-0.0022658872536407385
2005-04-07,1191.140014648438,3.72,4.49,3.41,0.0059532330669590065,2.0000000000000018,4.999999999999982,-6.999999999999984,-0.0059532330669590065
2005-04-08,1181.199951171875,3.77,4.5,3.39,-0.00838001449159222,4.999999999999982,0.9999999999999787,-2.0000000000000018,0.00838001449159222
2005-04-11,1181.2099609375,3.75,4.45,3.47,8.474198803386038e-06,-2.0000000000000018,-4.999999999999982,8.000000000000007,-8.474198803386038e-06
2005-04-12,1187.760009765625,3.71,4.38,3.58,0.005529884802782768,-4.0000000000000036,-7.000000000000028,10.999999999999988,-0.005529884802782768
2005-04-13,1173.7900390625,3.66,4.38,3.61,-0.01183132550562878,-4.999999999999982,0.0,2.9999999999999805,0.01183132550562878
2005-04-14,1162.050048828125,3.6,4.37,3.75,-0.010052134263021657,-6.000000000000005,-0.9999999999999787,14.000000000000012,0.010052134263021657
2005-04-15,1142.619995117188,3.54,4.27,3.89,-0.01686186196276503,-6.000000000000005,-10.000000000000053,14.000000000000012,0.01686186196276503
2005-04-18,1145.97998046875,3.55,4.27,3.98,0.0029362822699340613,0.9999999999999787,0.0,8.999999999999986,-0.0029362822699340613
2005-04-19,1152.780029296875,3.5,4.21,4.0,0.005916292813629376,-4.999999999999982,-5.999999999999961,2.0000000000000018,-0.005916292813629376
2005-04-20,1137.5,3.52,4.22,3.94,-0.013343570060666856,2.0000000000000018,0.9999999999999787,-6.000000000000005,0.013343570060666856
2005-04-21,1159.949951171875,3.65,4.32,3.82,0.019543986803022037,12.99999999999999,10.000000000000053,-12.00000000000001,-0.019543986803022037
2005-04-22,1152.119995117188,3.62,4.26,3.86,-0.006773139368705562,-2.9999999999999805,-6.00000000000005,4.0000000000000036,0.006773139368705562
2005-04-25,1162.099975585938,3.64,4.26,3.88,0.008624972960833317,2.0000000000000018,0.0,2.0000000000000018,-0.008624972960833317
2005-04-26,1151.829956054688,3.67,4.28,3.92,-0.008876748450908203,2.9999999999999805,2.000000000000046,4.0000000000000036,0.008876748450908203
2005-04-27,1156.380004882812,3.64,4.25,4.04,0.003942496392165882,-2.9999999999999805,-3.000000000000025,12.00000000000001,-0.003942496392165882
2005-04-28,1143.219970703125,3.59,4.19,4.16,-0.011445623573941648,-5.000000000000027,-5.999999999999961,12.00000000000001,0.011445623573941648
2005-04-29,1156.849975585938,3.66,4.21,4.15,0.011851956462206468,7.000000000000028,1.9999999999999574,-0.9999999999999787,-0.011851956462206468
2005-05-02,1162.160034179688,3.64,4.21,4.17,0.004579598925333747,-2.0000000000000018,0.0,1.9999999999999574,-0.004579598925333747
2005-05-03,1161.170043945312,3.68,4.21,4.13,-0.0008522166554067942,4.0000000000000036,0.0,-4.0000000000000036,0.0008522166554067942
2005-05-04,1175.650024414062,3.63,4.2,4.12,0.01239305156034736,-5.000000000000027,-0.9999999999999787,-0.9999999999999787,-0.01239305156034736
2005-05-05,1172.630004882812,3.58,4.19,4.13,-0.0025721133412976343,-4.999999999999982,-0.9999999999999787,0.9999999999999787,0.0025721133412976343
2005-05-06,1171.349975585938,3.73,4.28,4.07,-0.0010921846046314525,14.999999999999991,8.999999999999986,-5.999999999999961,0.0010921846046314525
2005-05-09,1178.839965820312,3.76,4.29,4.05,0.006373966172401243,2.9999999999999805,0.9999999999999787,-2.000000000000046,-0.006373966172401243
2005-05-10,1166.219970703125,3.69,4.23,4.13,-0.01076315086971911,-6.999999999999984,-5.999999999999961,8.000000000000007,0.01076315086971911
2005-05-11,1171.109985351562,3.68,4.21,4.23,0.004184280247109371,-0.9999999999999787,-2.000000000000046,10.000000000000053,-0.004184280247109371
2005-05-12,1159.359985351562,3.66,4.18,4.28,-0.010083888412137035,-2.0000000000000018,-3.000000000000025,4.999999999999982,0.010083888412137035
2005-05-13,1154.050048828125,3.61,4.12,4.39,-0.004590579075785717,-5.000000000000027,-5.999999999999961,10.999999999999943,0.004590579075785717
2005-05-16,1165.68994140625,3.61,4.13,4.49,0.010035599091202397,0.0,0.9999999999999787,10.000000000000053,-0.010035599091202397
2005-05-17,1173.800048828125,3.61,4.12,4.57,0.006933254635373273,0.0,-0.9999999999999787,8.000000000000007,-0.006933254635373273
2005-05-18,1185.56005859375,3.56,4.07,4.55,0.009968895481321639,-4.999999999999982,-4.999999999999982,-2.000000000000046,-0.009968895481321639
2005-05-19,1191.079956054688,3.64,4.11,4.4,0.004645135445232105,8.000000000000007,4.0000000000000036,-14.999999999999947,-0.004645135445232105
2005-05-20,1189.280029296875,3.69,4.13,4.33,-0.0015123150380110962,4.999999999999982,1.9999999999999574,-7.000000000000028,0.0015123150380110962
2005-05-23,1193.859985351562,3.65,4.07,4.29,0.0038436362656391015,-4.0000000000000036,-5.999999999999961,-4.0000000000000036,-0.0038436362656391015
2005-05-24,1194.069946289062,3.61,4.04,4.28,0.00017585184159638718,-4.0000000000000036,-3.000000000000025,-0.9999999999999787,-0.00017585184159638718
2005-05-25,1190.010009765625,3.61,4.08,4.16,-0.0034058760803957282,0.0,4.0000000000000036,-12.00000000000001,0.0034058760803957282
2005-05-26,1197.619995117188,3.64,4.08,4.07,0.006374531317727981,3.000000000000025,0.0,-8.999999999999986,-0.006374531317727981
2005-05-27,1198.780029296875,3.64,4.08,4.02,0.000968147436553147,0.0,0.0,-5.000000000000071,-0.000968147436553147
2005-05-31,1191.5,3.6,4.0,4.13,-0.006091379853434456,-4.0000000000000036,-8.000000000000007,11.000000000000032,0.006091379853434456
2005-06-01,1202.219970703125,3.5,3.91,4.13,0.008956805725932198,-10.000000000000009,-8.999999999999986,0.0,-0.008956805725932198
2005-06-02,1204.2900390625,3.52,3.89,4.0,0.001720390824511472,2.0000000000000018,-2.0000000000000018,-12.99999999999999,-0.001720390824511472
2005-06-03,1196.02001953125,3.57,3.98,3.9,-0.006890819980251237,4.999999999999982,8.999999999999986,-10.000000000000009,0.006890819980251237
2005-06-06,1197.510009765625,3.59,3.96,3.99,0.001245015026845047,2.0000000000000018,-2.0000000000000018,9.00000000000003,-0.001245015026845047
2005-06-07,1197.260009765625,3.57,3.92,3.99,-0.00020878831693162237,-2.0000000000000018,-4.0000000000000036,0.0,0.00020878831693162237
2005-06-08,1194.670043945312,3.6,3.95,3.98,-0.0021655874330353923,3.000000000000025,3.000000000000025,-1.000000000000023,0.0021655874330353923
2005-06-09,1200.930053710938,3.64,3.98,4.01,0.005226267957248171,4.0000000000000036,2.9999999999999805,2.9999999999999805,-0.005226267957248171
2005-06-10,1198.109985351562,3.71,4.05,3.91,-0.0023509984096803417,6.999999999999984,6.999999999999984,-9.999999999999964,0.0023509984096803417
2005-06-13,1200.819946289062,3.71,4.09,3.88,0.0022593090815211927,0.0,4.0000000000000036,-3.000000000000025,-0.0022593090815211927
2005-06-14,1203.910034179688,3.71,4.13,3.83,0.0025700096198295664,0.0,4.0000000000000036,-4.999999999999982,-0.0025700096198295664
2005-06-15,1206.579956054688,3.72,4.12,3.78,0.0022152533117078253,1.000000000000023,-0.9999999999999787,-5.000000000000027,-0.0022152533117078253
2005-06-16,1210.9599609375,3.7,4.09,3.83,0.003623526250350155,-2.0000000000000018,-3.000000000000025,5.000000000000027,-0.003623526250350155
2005-06-17,1216.9599609375,3.72,4.09,3.81,0.004942512444624592,2.0000000000000018,0.0,-2.0000000000000018,-0.004942512444624592
2005-06-20,1216.099975585938,3.72,4.11,3.81,-0.0007069167302177391,0.0,2.000000000000046,0.0,0.0007069167302177391
2005-06-21,1213.609985351562,3.71,4.06,3.82,-0.0020496200337485546,-1.000000000000023,-5.000000000000071,0.9999999999999787,0.0020496200337485546
2005-06-22,1213.880004882812,3.62,3.95,3.9,0.0002224680912793435,-8.999999999999986,-10.999999999999943,8.000000000000007,-0.0002224680912793435
2005-06-23,1200.72998046875,3.63,3.96,3.88,-0.010892156085217968,0.9999999999999787,0.9999999999999787,-2.0000000000000018,0.010892156085217968
2005-06-24,1191.569946289062,3.59,3.92,3.93,-0.007657968670772042,-4.0000000000000036,-4.0000000000000036,5.000000000000027,0.007657968670772042
2005-06-27,1190.68994140625,3.6,3.9,3.96,-0.00073879842193925,1.000000000000023,-2.0000000000000018,2.9999999999999805,0.00073879842193925
2005-06-28,1201.569946289062,3.65,3.97,3.86,0.009096068495659752,4.999999999999982,7.000000000000028,-10.000000000000009,-0.009096068495659752
2005-06-29,1199.849975585938,3.65,3.99,3.81,-0.001432461671167025,0.0,2.0000000000000018,-4.999999999999982,0.001432461671167025
2005-06-30,1191.329956054688,3.66,3.94,3.85,-0.007126235441053447,1.000000000000023,-5.000000000000027,4.0000000000000036,0.007126235441053447
2005-07-01,1194.43994140625,3.76,4.06,3.75,0.0026071140527260984,9.999999999999964,11.999999999999966,-10.000000000000009,-0.0026071140527260984
2005-07-05,1204.989990234375,3.79,4.11,3.71,0.008793852803795384,3.000000000000025,5.000000000000071,-4.0000000000000036,-0.008793852803795384
2005-07-06,1194.93994140625,3.77,4.08,3.75,-0.008375334165637524,-2.0000000000000018,-3.000000000000025,4.0000000000000036,0.008375334165637524
2005-07-07,1197.869995117188,3.71,4.05,3.78,0.002449049655565606,-6.000000000000005,-3.000000000000025,2.9999999999999805,-0.002449049655565606
2005-07-08,1211.859985351562,3.78,4.11,3.67,0.011611381797823903,6.999999999999984,6.00000000000005,-10.999999999999988,-0.011611381797823903
2005-07-11,1219.43994140625,3.81,4.11,3.61,0.006235331585300069,3.000000000000025,0.0,-6.000000000000005,-0.006235331585300069
2005-07-12,1222.2099609375,3.82,4.15,3.54,0.0022689745298750826,0.9999999999999787,4.0000000000000036,-6.999999999999984,-0.0022689745298750826
2005-07-13,1223.2900390625,3.84,4.17,3.51,0.0008833189083851104,2.0000000000000018,1.9999999999999574,-3.000000000000025,-0.0008833189083851104
2005-07-14,1226.5,3.86,4.19,3.46,0.002620602356418461,2.0000000000000018,2.000000000000046,-4.999999999999982,-0.002620602356418461
2005-07-15,1227.920043945312,3.86,4.18,3.43,0.0011571320950242027,0.0,-1.0000000000000675,-2.9999999999999805,-0.0011571320950242027
2005-07-18,1221.130004882812,3.89,4.22,3.4,-0.005545053245331578,3.000000000000025,4.0000000000000036,-3.000000000000025,0.005545053245331578
2005-07-19,1229.349975585938,3.88,4.2,3.43,0.006708890992641406,-1.000000000000023,-1.9999999999999574,3.000000000000025,-0.006708890992641406
2005-07-20,1235.199951171875,3.9,4.17,3.43,0.004747306199091306,2.0000000000000018,-3.000000000000025,0.0,-0.004747306199091306
2005-07-21,1227.0400390625,3.96,4.28,3.36,-0.006628063888680194,6.000000000000005,11.000000000000032,-7.000000000000028,0.006628063888680194
2005-07-22,1233.680053710938,3.92,4.23,3.39,0.005396819235282519,-4.0000000000000036,-4.999999999999982,3.000000000000025,-0.005396819235282519
2005-07-25,1229.030029296875,3.95,4.25,3.36,-0.00377635189155874,3.000000000000025,1.9999999999999574,-3.000000000000025,0.00377635189155874
2005-07-26,1231.160034179688,3.95,4.24,3.35,0.0017315779350913013,0.0,-0.9999999999999787,-0.9999999999999787,-0.0017315779350913013
2005-07-27,1236.7900390625,3.99,4.27,3.31,0.00456250287251312,4.0000000000000036,2.999999999999936,-4.0000000000000036,-0.00456250287251312
2005-07-28,1243.719970703125,3.96,4.2,3.33,0.00558752002041879,-3.000000000000025,-6.99999999999994,2.0000000000000018,-0.00558752002041879
2005-07-29,1234.180053710938,4.02,4.28,3.25,-0.007700039576875821,5.999999999999961,8.000000000000007,-8.000000000000007,0.007700039576875821
2005-08-01,1235.349975585938,4.04,4.32,3.29,0.0009474855123392279,2.000000000000046,4.0000000000000036,4.0000000000000036,-0.0009474855123392279
2005-08-02,1244.119995117188,4.06,4.34,3.29,0.007074137786163408,1.9999999999999574,1.9999999999999574,0.0,-0.007074137786163408
2005-08-03,1245.0400390625,4.02,4.3,3.32,0.0007392405265849314,-4.0000000000000036,-4.0000000000000036,2.9999999999999805,-0.0007392405265849314
2005-08-04,1235.859985351562,4.04,4.32,3.31,-0.007400617130229088,2.000000000000046,2.000000000000046,-0.9999999999999787,0.007400617130229088
2005-08-05,1226.420043945312,4.11,4.4,3.29,-0.007667679991179147,7.000000000000028,8.000000000000007,-2.0000000000000018,0.007667679991179147
2005-08-08,1223.130004882812,4.16,4.42,3.31,-0.002686241126164497,4.999999999999982,1.9999999999999574,2.0000000000000018,0.002686241126164497
2005-08-09,1231.380004882812,4.13,4.41,3.33,0.006722344610712961,-3.000000000000025,-0.9999999999999787,2.0000000000000018,-0.006722344610712961
2005-08-10,1229.130004882812,4.13,4.4,3.32,-0.0018288896352600188,0.0,-0.9999999999999787,-1.000000000000023,0.0018288896352600188
2005-08-11,1237.81005859375,4.1,4.32,3.37,0.007037130459696545,-3.000000000000025,-8.000000000000007,5.000000000000027,-0.007037130459696545
2005-08-12,1230.390014648438,4.05,4.24,3.42,-0.006012532273180514,-4.999999999999982,-8.000000000000007,4.999999999999982,0.006012532273180514
2005-08-15,1233.869995117188,4.08,4.27,3.37,0.002824363312543445,3.000000000000025,2.999999999999936,-4.999999999999982,-0.002824363312543445
2005-08-16,1219.339965820312,4.03,4.23,3.41,-0.011845866793173468,-4.999999999999982,-3.9999999999999147,4.0000000000000036,0.011845866793173468
2005-08-17,1220.239990234375,4.07,4.28,3.37,0.0007378519836271456,4.0000000000000036,4.999999999999982,-4.0000000000000036,-0.0007378519836271456
2005-08-18,1219.02001953125,4.01,4.21,3.41,-0.0010002794289758986,-6.00000000000005,-7.000000000000028,4.0000000000000036,0.0010002794289758986
2005-08-19,1219.7099609375,4.03,4.21,3.39,0.0005658202672560684,2.000000000000046,0.0,-2.0000000000000018,-0.0005658202672560684
2005-08-22,1221.72998046875,4.03,4.22,3.39,0.0016547775416798668,0.0,0.9999999999999787,0.0,-0.0016547775416798668
2005-08-23,1217.589965820312,4.01,4.2,3.4,-0.0033944039442894056,-2.000000000000046,-1.9999999999999574,0.9999999999999787,0.0033944039442894056
2005-08-24,1209.589965820312,3.99,4.19,3.38,-0.0065920361862354246,-1.9999999999999574,-0.9999999999999787,-2.0000000000000018,0.0065920361862354246
2005-08-25,1212.369995117188,4.0,4.18,3.38,0.002295686603123645,0.9999999999999787,-1.0000000000000675,0.0,-0.002295686603123645
2005-08-26,1205.099975585938,4.06,4.2,3.34,-0.006014586766805522,5.999999999999961,2.000000000000046,-4.0000000000000036,0.006014586766805522
2005-08-29,1212.280029296875,4.06,4.2,3.37,0.005940377442203264,0.0,0.0,3.000000000000025,-0.005940377442203264
2005-08-30,1208.410034179688,3.97,4.16,3.48,-0.003197434047984023,-8.999999999999941,-4.0000000000000036,10.999999999999988,0.003197434047984023
2005-08-31,1220.329956054688,3.84,4.02,3.66,0.009815803774647127,-13.000000000000034,-14.000000000000057,18.000000000000014,-0.009815803774647127
2005-09-01,1221.589965820312,3.72,4.02,3.7,0.0010319829623907178,-11.999999999999966,0.0,4.0000000000000036,-0.0010319829623907178
2005-09-02,1218.02001953125,3.75,4.03,3.7,-0.0029266553741287018,2.9999999999999805,1.0000000000000675,0.0,0.0029266553741287018
2005-09-06,1233.390014648438,3.8,4.09,3.64,0.012539882199712346,4.999999999999982,5.999999999999961,-6.000000000000005,-0.012539882199712346
2005-09-07,1236.359985351562,3.87,4.15,3.61,0.0024050791657053094,7.000000000000028,6.00000000000005,-3.000000000000025,-0.0024050791657053094
2005-09-08,1231.670043945312,3.87,4.15,3.59,-0.003800559147012175,0.0,0.0,-2.0000000000000018,0.003800559147012175
2005-09-09,1241.47998046875,3.88,4.14,3.59,0.007933192791396145,0.9999999999999787,-1.0000000000000675,0.0,-0.007933192791396145
2005-09-12,1240.56005859375,3.92,4.18,3.55,-0.0007412627537386357,4.0000000000000036,4.0000000000000036,-4.0000000000000036,0.0007412627537386357
2005-09-13,1231.199951171875,3.88,4.14,3.58,-0.007573673921888471,-4.0000000000000036,-4.0000000000000036,3.000000000000025,0.007573673921888471
2005-09-14,1227.160034179688,3.9,4.17,3.57,-0.0032866794553649153,2.0000000000000018,3.000000000000025,-1.000000000000023,0.0032866794553649153
2005-09-15,1227.72998046875,3.9,4.22,3.55,0.0004643355066023525,0.0,4.999999999999982,-2.0000000000000018,-0.0004643355066023525
2005-09-16,1237.910034179688,3.97,4.26,3.54,0.008257581395949022,7.000000000000028,4.0000000000000036,-0.9999999999999787,-0.008257581395949022
2005-09-19,1231.02001953125,3.93,4.25,3.61,-0.005581391440807017,-4.0000000000000036,-0.9999999999999787,6.999999999999984,0.005581391440807017
2005-09-20,1221.339965820312,4.0,4.26,3.65,-0.007894521231179773,6.999999999999984,0.9999999999999787,4.0000000000000036,0.007894521231179773
2005-09-21,1210.199951171875,3.96,4.19,3.75,-0.00916299379983048,-4.0000000000000036,-6.99999999999994,10.000000000000009,0.00916299379983048
2005-09-22,1214.619995117188,3.95,4.19,3.81,0.003645671793169566,-0.9999999999999787,0.0,6.000000000000005,-0.003645671793169566
2005-09-23,1215.2900390625,4.02,4.25,3.71,0.000551496930231759,6.99999999999994,5.999999999999961,-10.000000000000009,-0.000551496930231759
2005-09-26,1215.630004882812,4.07,4.3,3.65,0.0002797013611164617,5.000000000000071,4.999999999999982,-6.000000000000005,-0.0002797013611164617
2005-09-27,1215.660034179688,4.08,4.3,3.66,2.4702356687271626e-05,0.9999999999999787,0.0,1.000000000000023,-2.4702356687271626e-05
2005-09-28,1216.890014648438,4.09,4.26,3.69,0.0010112684622163178,0.9999999999999787,-4.0000000000000036,2.9999999999999805,-0.0010112684622163178
2005-09-29,1227.680053710938,4.13,4.29,3.67,0.008827817434815387,4.0000000000000036,3.000000000000025,-2.0000000000000018,-0.008827817434815387
2005-09-30,1228.81005859375,4.18,4.34,3.54,0.0009200158851505809,4.999999999999982,4.999999999999982,-12.99999999999999,-0.0009200158851505809
2005-10-03,1226.699951171875,4.21,4.39,3.47,-0.00171867183020373,3.000000000000025,4.999999999999982,-6.999999999999984,0.00171867183020373
2005-10-04,1214.469970703125,4.22,4.38,3.48,-0.01001985374354899,0.9999999999999787,-0.9999999999999787,0.9999999999999787,0.01001985374354899
2005-10-05,1196.390014648438,4.21,4.36,3.51,-0.014999041934533974,-0.9999999999999787,-1.9999999999999574,2.9999999999999805,0.014999041934533974
2005-10-06,1191.489990234375,4.2,4.37,3.55,-0.004104085030942702,-0.9999999999999787,0.9999999999999787,4.0000000000000036,0.004104085030942702
2005-10-07,1195.900024414062,4.18,4.35,3.59,0.0036944438643392126,-2.000000000000046,-2.000000000000046,4.0000000000000036,-0.0036944438643392126
2005-10-10,1187.329956054688,4.18,4.35,3.59,-0.007192008635451723,0.0,0.0,0.0,0.007192008635451723
2005-10-11,1184.869995117188,4.22,4.39,3.66,-0.0020739919651937395,4.0000000000000036,4.0000000000000036,7.000000000000028,0.0020739919651937395
2005-10-12,1177.680053710938,4.24,4.45,3.72,-0.006086612731748998,2.000000000000046,6.00000000000005,6.000000000000005,0.006086612731748998
2005-10-13,1176.839965820312,4.24,4.48,3.77,-0.0007135959085556356,0.0,3.000000000000025,4.999999999999982,0.0007135959085556356
2005-10-14,1186.569946289062,4.27,4.48,3.72,0.008233895771379748,2.999999999999936,0.0,-4.999999999999982,-0.008233895771379748
2005-10-17,1190.099975585938,4.29,4.5,3.61,0.0029705697541058027,2.000000000000046,1.9999999999999574,-11.000000000000032,-0.0029705697541058027
2005-10-18,1178.140014648438,4.27,4.49,3.56,-0.010100380589756442,-2.000000000000046,-0.9999999999999787,-4.999999999999982,0.010100380589756442
2005-10-19,1195.760009765625,4.25,4.47,3.6,0.01484503856009332,-1.9999999999999574,-2.000000000000046,4.0000000000000036,-0.01484503856009332
2005-10-20,1177.800048828125,4.27,4.46,3.58,-0.015133641676906876,1.9999999999999574,-0.9999999999999787,-2.0000000000000018,0.015133641676906876
2005-10-21,1179.589965820312,4.22,4.39,3.59,0.0015185585117694638,-4.999999999999982,-7.000000000000028,0.9999999999999787,-0.0015185585117694638
2005-10-24,1199.380004882812,4.25,4.45,3.54,0.016637869183025955,3.000000000000025,6.00000000000005,-4.999999999999982,-0.016637869183025955
2005-10-25,1196.5400390625,4.34,4.54,3.49,-0.0023706693865320917,8.999999999999986,8.999999999999986,-4.999999999999982,0.0023706693865320917
2005-10-26,1191.380004882812,4.38,4.6,3.49,-0.004321788096966404,4.0000000000000036,5.999999999999961,0.0,0.004321788096966404
2005-10-27,1178.900024414062,4.36,4.57,3.57,-0.010530482171556279,-1.9999999999999574,-2.999999999999936,7.999999999999963,0.010530482171556279
2005-10-28,1198.410034179688,4.4,4.58,3.58,0.016413885701012564,4.0000000000000036,0.9999999999999787,1.000000000000023,-0.016413885701012564
2005-10-31,1207.010009765625,4.4,4.57,3.61,0.007150528449828537,0.0,-0.9999999999999787,2.9999999999999805,-0.007150528449828537
2005-11-01,1202.760009765625,4.42,4.58,3.57,-0.003527311213989366,1.9999999999999574,0.9999999999999787,-4.0000000000000036,0.003527311213989366
2005-11-02,1214.760009765625,4.43,4.61,3.54,0.009927610493678475,0.9999999999999787,3.000000000000025,-2.9999999999999805,-0.009927610493678475
2005-11-03,1219.93994140625,4.47,4.65,3.48,0.004255094722214066,4.0000000000000036,4.0000000000000036,-6.000000000000005,-0.004255094722214066
2005-11-04,1220.140014648438,4.47,4.66,3.48,0.00016398908743953678,0.0,0.9999999999999787,0.0,-0.00016398908743953678
2005-11-07,1222.81005859375,4.47,4.65,3.49,0.0021859186053232466,0.0,-0.9999999999999787,1.000000000000023,-0.0021859186053232466
2005-11-08,1218.589965820312,4.43,4.57,3.55,-0.0034571122587995994,-4.0000000000000036,-8.000000000000007,5.999999999999961,0.0034571122587995994
2005-11-09,1220.650024414062,4.49,4.64,3.5,0.0016890991389006485,6.00000000000005,6.99999999999994,-4.999999999999982,-0.0016890991389006485
2005-11-10,1230.9599609375,4.44,4.55,3.57,0.008410797282881717,-4.999999999999982,-8.999999999999986,6.999999999999984,-0.008410797282881717
2005-11-11,1234.719970703125,4.44,4.55,3.56,0.003049878965987544,0.0,0.0,-0.9999999999999787,-0.003049878965987544
2005-11-14,1233.760009765625,4.5,4.61,3.58,-0.0007777749817605604,5.999999999999961,6.00000000000005,2.0000000000000018,0.0007777749817605604
2005-11-15,1229.010009765625,4.47,4.56,3.62,-0.003857449824625265,-3.000000000000025,-5.000000000000071,4.0000000000000036,0.003857449824625265
2005-11-16,1231.2099609375,4.42,4.49,3.72,0.0017884187466490665,-4.999999999999982,-6.99999999999994,10.000000000000009,-0.0017884187466490665
2005-11-17,1242.800048828125,4.37,4.46,3.78,0.009369543885684766,-4.999999999999982,-3.000000000000025,5.999999999999961,-0.009369543885684766
2005-11-18,1248.27001953125,4.4,4.5,3.69,0.004391670522724698,3.000000000000025,4.0000000000000036,-8.999999999999986,-0.004391670522724698
2005-11-21,1254.849975585938,4.39,4.46,3.71,0.005257415724039532,-1.0000000000000675,-4.0000000000000036,2.0000000000000018,-0.005257415724039532
2005-11-22,1261.22998046875,4.32,4.43,3.74,0.005071395717316352,-6.99999999999994,-3.000000000000025,3.000000000000025,-0.005071395717316352
2005-11-23,1265.609985351562,4.36,4.47,3.69,0.0034667880268310224,4.0000000000000036,4.0000000000000036,-5.000000000000027,-0.0034667880268310224
2005-11-25,1268.25,4.33,4.43,3.72,0.0020837896481926436,-3.000000000000025,-4.0000000000000036,3.000000000000025,-0.0020837896481926436
2005-11-28,1257.4599609375,4.33,4.41,3.71,-0.008544215188562845,0.0,-1.9999999999999574,-1.000000000000023,0.008544215188562845
2005-11-29,1257.47998046875,4.4,4.48,3.61,1.592048455771274e-05,7.000000000000028,7.000000000000028,-10.000000000000009,-1.592048455771274e-05
2005-11-30,1249.47998046875,4.42,4.49,3.67,-0.006382253629954912,1.9999999999999574,0.9999999999999787,6.000000000000005,0.006382253629954912
2005-12-01,1264.670043945312,4.45,4.52,3.62,0.012083804199621294,3.000000000000025,2.999999999999936,-4.999999999999982,-0.012083804199621294
2005-12-02,1265.079956054688,4.43,4.52,3.63,0.0003240732190639012,-2.000000000000046,0.0,0.9999999999999787,-0.0003240732190639012
2005-12-05,1262.089965820312,4.47,4.57,3.62,-0.0023662766825771225,4.0000000000000036,5.000000000000071,-0.9999999999999787,0.0023662766825771225
2005-12-06,1263.699951171875,4.42,4.49,3.68,0.0012748372766703524,-4.999999999999982,-8.000000000000007,6.000000000000005,-0.0012748372766703524
2005-12-07,1257.369995117188,4.42,4.52,3.66,-0.005021653100798736,0.0,2.999999999999936,-2.0000000000000018,0.005021653100798736
2005-12-08,1255.839965820312,4.37,4.47,3.7,-0.0012175898629103754,-4.999999999999982,-4.999999999999982,4.0000000000000036,0.0012175898629103754
2005-12-09,1259.369995117188,4.43,4.54,3.6,0.0028069478647464773,5.999999999999961,7.000000000000028,-10.000000000000009,-0.0028069478647464773
2005-12-12,1260.430053710938,4.45,4.56,3.59,0.0008413831540164259,2.000000000000046,1.9999999999999574,-1.000000000000023,-0.0008413831540164259
2005-12-13,1267.430053710938,4.43,4.54,3.6,0.005538295312984911,-2.000000000000046,-1.9999999999999574,1.000000000000023,-0.005538295312984911
2005-12-14,1272.739990234375,4.37,4.45,3.66,0.004180778582454662,-5.999999999999961,-8.999999999999986,6.000000000000005,-0.004180778582454662
2005-12-15,1270.93994140625,4.37,4.47,3.64,-0.0014153110273098539,0.0,1.9999999999999574,-2.0000000000000018,0.0014153110273098539
2005-12-16,1267.319946289062,4.37,4.45,3.65,-0.002852345883930779,0.0,-1.9999999999999574,0.9999999999999787,0.002852345883930779
2005-12-19,1259.920043945312,4.38,4.45,3.66,-0.005856130419099415,0.9999999999999787,0.0,1.000000000000023,0.005856130419099415
2005-12-20,1259.619995117188,4.42,4.47,3.65,-0.00023817746484730248,4.0000000000000036,1.9999999999999574,-1.000000000000023,0.00023817746484730248
2005-12-21,1262.7900390625,4.43,4.49,3.61,0.0025135053946882977,0.9999999999999787,2.000000000000046,-4.0000000000000036,-0.0025135053946882977
2005-12-22,1268.119995117188,4.4,4.44,3.66,0.004211895217280769,-2.999999999999936,-4.999999999999982,5.000000000000027,-0.004211895217280769
2005-12-23,1268.660034179688,4.37,4.38,3.71,0.00042576736210566876,-3.000000000000025,-6.00000000000005,4.999999999999982,-0.00042576736210566876
2005-12-27,1256.5400390625,4.35,4.34,3.73,-0.009599309229902946,-2.000000000000046,-4.0000000000000036,2.0000000000000018,0.009599309229902946
2005-12-28,1258.170043945312,4.37,4.38,3.69,0.0012963761684555125,2.000000000000046,4.0000000000000036,-4.0000000000000036,-0.0012963761684555125
2005-12-29,1254.420043945312,4.38,4.37,3.68,-0.0029849698145842487,0.9999999999999787,-0.9999999999999787,-0.9999999999999787,0.0029849698145842487
2005-12-30,1248.2900390625,4.41,4.39,3.65,-0.004898703356057736,3.000000000000025,1.9999999999999574,-3.000000000000025,0.004898703356057736
2006-01-03,1268.800048828125,4.34,4.37,3.73,0.016296964341378815,-7.000000000000028,-1.9999999999999574,8.000000000000007,-0.016296964341378815
2006-01-04,1273.4599609375,4.31,4.36,3.69,0.0036659643862557716,-3.000000000000025,-0.9999999999999787,-4.0000000000000036,-0.0036659643862557716
2006-01-05,1273.47998046875,4.32,4.36,3.64,1.5720458048537734e-05,1.0000000000000675,0.0,-4.999999999999982,-1.5720458048537734e-05
2006-01-06,1285.449951171875,4.36,4.38,3.56,0.00935551838421723,4.0000000000000036,1.9999999999999574,-8.000000000000007,-0.00935551838421723
2006-01-09,1290.150024414062,4.36,4.38,3.51,0.0036496959962176918,0.0,0.0,-5.000000000000027,-0.0036496959962176918
2006-01-10,1289.68994140625,4.41,4.43,3.5,-0.0003566756223526717,4.999999999999982,4.999999999999982,-0.9999999999999787,0.0003566756223526717
2006-01-11,1294.180053710938,4.44,4.46,3.47,0.0034754974769437806,3.000000000000025,3.000000000000025,-2.9999999999999805,-0.0034754974769437806
2006-01-12,1286.06005859375,4.39,4.42,3.53,-0.006294004875159542,-5.000000000000071,-4.0000000000000036,5.999999999999961,0.006294004875159542
2006-01-13,1287.609985351562,4.34,4.36,3.62,0.0012044488366572447,-4.999999999999982,-5.999999999999961,9.00000000000003,-0.0012044488366572447
2006-01-17,1282.930053710938,4.33,4.34,3.64,-0.0036412090379510757,-0.9999999999999787,-2.000000000000046,2.0000000000000018,0.0036412090379510757
2006-01-18,1277.930053710938,4.33,4.34,3.64,-0.0039049429830878084,0.0,0.0,0.0,0.0039049429830878084
2006-01-19,1285.0400390625,4.37,4.38,3.58,0.005548253263319554,4.0000000000000036,4.0000000000000036,-6.000000000000005,-0.005548253263319554
2006-01-20,1261.489990234375,4.37,4.37,3.6,-0.018496322409992532,0.0,-0.9999999999999787,2.0000000000000018,0.018496322409992532
2006-01-23,1263.819946289062,4.35,4.36,3.59,0.0018452837666600858,-2.000000000000046,-0.9999999999999787,-1.000000000000023,-0.0018452837666600858
2006-01-24,1266.859985351562,4.37,4.4,3.54,0.002402548411444657,2.000000000000046,4.0000000000000036,-4.999999999999982,-0.002402548411444657
2006-01-25,1264.680053710938,4.46,4.49,3.44,-0.0017222182116813226,8.999999999999986,8.999999999999986,-10.000000000000009,0.0017222182116813226
2006-01-26,1273.829956054688,4.49,4.53,3.42,0.007208907535489939,3.000000000000025,4.0000000000000036,-2.0000000000000018,-0.007208907535489939
2006-01-27,1283.719970703125,4.51,4.52,3.4,0.007734014372505119,1.9999999999999574,-1.0000000000000675,-2.0000000000000018,-0.007734014372505119
2006-01-30,1285.18994140625,4.52,4.54,3.34,0.001144431617966672,0.9999999999999787,2.000000000000046,-6.000000000000005,-0.001144431617966672
2006-01-31,1280.079956054688,4.54,4.53,3.42,-0.003983980099300085,2.000000000000046,-0.9999999999999787,8.000000000000007,0.003983980099300085
2006-02-01,1282.4599609375,4.59,4.57,3.35,0.0018575363851850875,4.999999999999982,4.0000000000000036,-6.999999999999984,-0.0018575363851850875
2006-02-02,1270.839965820312,4.59,4.57,3.35,-0.009102005775588604,0.0,0.0,0.0,0.009102005775588604
2006-02-03,1264.030029296875,4.59,4.54,3.38,-0.0053730194603617415,0.0,-3.000000000000025,2.9999999999999805,0.0053730194603617415
2006-02-06,1265.02001953125,4.62,4.55,3.38,0.000782894973074496,3.000000000000025,0.9999999999999787,0.0,-0.000782894973074496
2006-02-07,1254.780029296875,4.61,4.57,3.39,-0.008127666010110246,-0.9999999999999787,2.000000000000046,1.000000000000023,0.008127666010110246
2006-02-08,1265.650024414062,4.64,4.56,3.38,0.008625561733287775,2.999999999999936,-1.0000000000000675,-1.000000000000023,-0.008625561733287775
2006-02-09,1263.780029296875,4.66,4.54,3.38,-0.00147859036871182,2.000000000000046,-1.9999999999999574,0.0,0.00147859036871182
2006-02-10,1266.989990234375,4.69,4.59,3.35,0.002536747815164882,3.000000000000025,4.999999999999982,-2.9999999999999805,-0.002536747815164882
2006-02-13,1262.859985351562,4.68,4.58,3.37,-0.003265022504589273,-1.0000000000000675,-0.9999999999999787,2.0000000000000018,0.003265022504589273
2006-02-14,1275.530029296875,4.69,4.62,3.36,0.009982823043985895,1.0000000000000675,4.0000000000000036,-1.000000000000023,-0.009982823043985895
2006-02-15,1280.0,4.71,4.61,3.32,0.0034982764518372493,1.9999999999999574,-0.9999999999999787,-4.0000000000000036,-0.0034982764518372493
2006-02-16,1289.380004882812,4.69,4.59,3.29,0.007301408539074753,-1.9999999999999574,-2.000000000000046,-2.9999999999999805,-0.007301408539074753
2006-02-17,1287.239990234375,4.66,4.54,3.3,-0.0016611026418829832,-3.000000000000025,-4.999999999999982,0.9999999999999787,0.0016611026418829832
2006-02-21,1283.030029296875,4.71,4.57,3.29,-0.003275892937654234,4.999999999999982,3.000000000000025,-0.9999999999999787,0.003275892937654234
2006-02-22,1292.670043945312,4.68,4.53,3.31,0.007485389902519772,-3.000000000000025,-4.0000000000000036,2.0000000000000018,-0.007485389902519772
2006-02-23,1287.7900390625,4.72,4.56,3.27,-0.003782279549741901,4.0000000000000036,2.999999999999936,-4.0000000000000036,0.003782279549741901
2006-02-24,1289.430053710938,4.74,4.58,3.28,0.0012727006703127303,2.000000000000046,2.000000000000046,0.9999999999999787,-0.0012727006703127303
2006-02-27,1294.119995117188,4.74,4.59,3.28,0.0036306217950358086,0.0,0.9999999999999787,0.0,-0.0036306217950358086
2006-02-28,1280.660034179688,4.69,4.55,3.37,-0.010455326977436476,-4.999999999999982,-4.0000000000000036,9.00000000000003,0.010455326977436476
2006-03-01,1291.239990234375,4.71,4.59,3.33,0.008227392693299243,1.9999999999999574,4.0000000000000036,-4.0000000000000036,-0.008227392693299243
2006-03-02,1289.140014648438,4.72,4.64,3.32,-0.0016276486762220933,0.9999999999999787,4.999999999999982,-1.000000000000023,0.0016276486762220933
2006-03-03,1287.22998046875,4.76,4.68,3.29,-0.001482733095977446,4.0000000000000036,4.0000000000000036,-2.9999999999999805,0.001482733095977446
2006-03-06,1278.260009765625,4.77,4.74,3.26,-0.0069928218699272775,0.9999999999999787,6.00000000000005,-3.000000000000025,0.0069928218699272775
2006-03-07,1275.880004882812,4.77,4.74,3.3,-0.0018636453428635686,0.0,0.0,4.0000000000000036,0.0018636453428635686
2006-03-08,1278.469970703125,4.72,4.73,3.31,0.0020278871201148178,-4.999999999999982,-0.9999999999999787,1.000000000000023,-0.0020278871201148178
2006-03-09,1272.22998046875,4.72,4.74,3.32,-0.004892776729698087,0.0,0.9999999999999787,0.9999999999999787,0.004892776729698087
2006-03-10,1281.420043945312,4.74,4.76,3.3,0.007197621493559744,2.000000000000046,1.9999999999999574,-2.0000000000000018,-0.007197621493559744
2006-03-13,1284.130004882812,4.74,4.77,3.27,0.0021125777270365994,0.0,0.9999999999999787,-2.9999999999999805,-0.0021125777270365994
2006-03-14,1297.47998046875,4.66,4.71,3.34,0.010342456576622677,-8.000000000000007,-5.999999999999961,6.999999999999984,-0.010342456576622677
2006-03-15,1303.02001953125,4.69,4.73,3.29,0.0042607555805967414,3.000000000000025,2.000000000000046,-4.999999999999982,-0.0042607555805967414
2006-03-16,1305.329956054688,4.62,4.65,3.34,0.0017711864963937279,-7.000000000000028,-8.000000000000007,4.999999999999982,-0.0017711864963937279
2006-03-17,1307.25,4.65,4.68,3.31,0.001469845381414164,3.000000000000025,2.999999999999936,-2.9999999999999805,-0.001469845381414164
2006-03-20,1305.079956054688,4.65,4.66,3.3,-0.0016613861808915118,0.0,-1.9999999999999574,-1.000000000000023,0.0016613861808915118
2006-03-21,1297.22998046875,4.72,4.71,3.21,-0.006033101043219064,6.99999999999994,4.999999999999982,-8.999999999999986,0.006033101043219064
2006-03-22,1305.0400390625,4.74,4.7,3.2,0.006002514715950028,2.000000000000046,-0.9999999999999787,-0.9999999999999787,-0.006002514715950028
2006-03-23,1301.670043945312,4.77,4.73,3.18,-0.002585632377503407,2.999999999999936,3.000000000000025,-2.0000000000000018,0.002585632377503407
2006-03-24,1302.949951171875,4.72,4.67,3.23,0.000982797745531559,-4.999999999999982,-6.00000000000005,4.999999999999982,-0.000982797745531559
2006-03-27,1301.609985351562,4.72,4.7,3.19,-0.0010289384550094714,0.0,3.000000000000025,-4.0000000000000036,0.0010289384550094714
2006-03-28,1293.22998046875,4.81,4.79,3.12,-0.006458998725721905,8.999999999999986,8.999999999999986,-6.999999999999984,0.006458998725721905
2006-03-29,1302.890014648438,4.82,4.81,3.14,0.007441935488966862,1.0000000000000675,1.9999999999999574,2.0000000000000018,-0.007441935488966862
2006-03-30,1300.25,4.84,4.86,3.11,-0.0020283315831613282,1.9999999999999574,5.000000000000071,-3.000000000000025,0.0020283315831613282
2006-03-31,1294.869995117188,4.82,4.86,3.13,-0.004146253429841469,-1.9999999999999574,0.0,2.0000000000000018,0.004146253429841469
2006-04-03,1297.81005859375,4.86,4.88,3.09,0.002267973429724365,4.0000000000000036,1.9999999999999574,-4.0000000000000036,-0.002267973429724365
2006-04-04,1305.930053710938,4.84,4.87,3.1,0.006237198100456792,-2.000000000000046,-0.9999999999999787,1.000000000000023,-0.006237198100456792
2006-04-05,1311.56005859375,4.81,4.84,3.13,0.0043018413240021244,-3.000000000000025,-3.000000000000025,2.9999999999999805,-0.0043018413240021244
2006-04-06,1309.0400390625,4.84,4.9,3.12,-0.0019232391163138288,3.000000000000025,6.00000000000005,-0.9999999999999787,0.0019232391163138288
2006-04-07,1295.5,4.89,4.97,3.06,-0.010397352959045201,4.999999999999982,6.99999999999994,-6.000000000000005,0.010397352959045201
2006-04-10,1296.619995117188,4.89,4.97,3.1,0.0008641538115483037,0.0,0.0,4.0000000000000036,-0.0008641538115483037
2006-04-11,1286.569946289062,4.88,4.93,3.11,-0.007781154126379183,-0.9999999999999787,-4.0000000000000036,0.9999999999999787,0.007781154126379183
2006-04-12,1288.119995117188,4.91,4.98,3.06,0.0012040665483379139,3.000000000000025,5.000000000000071,-4.999999999999982,-0.0012040665483379139
2006-04-13,1289.119995117188,4.96,5.05,3.05,0.0007760240055048999,4.999999999999982,6.99999999999994,-1.000000000000023,-0.0007760240055048999
2006-04-17,1285.329956054688,4.91,5.01,3.08,-0.0029443507331151373,-4.999999999999982,-4.0000000000000036,3.000000000000025,0.0029443507331151373
2006-04-18,1307.280029296875,4.84,4.99,3.11,0.01693320464602577,-7.000000000000028,-1.9999999999999574,2.9999999999999805,-0.01693320464602577
2006-04-19,1309.930053710938,4.86,5.04,3.07,0.0020250765018059395,2.000000000000046,4.999999999999982,-4.0000000000000036,-0.0020250765018059395
2006-04-20,1311.4599609375,4.89,5.04,3.04,0.0011672489722758751,2.999999999999936,0.0,-2.9999999999999805,-0.0011672489722758751
2006-04-21,1311.280029296875,4.9,5.01,3.04,-0.00013720890486834967,1.0000000000000675,-3.000000000000025,0.0,0.00013720890486834967
2006-04-24,1308.109985351562,4.89,4.99,3.06,-0.0024204455810259615,-1.0000000000000675,-1.9999999999999574,2.0000000000000018,0.0024204455810259615
2006-04-25,1301.739990234375,4.95,5.07,2.98,-0.004881512597334229,6.00000000000005,8.000000000000007,-8.000000000000007,0.004881512597334229
2006-04-26,1305.410034179688,4.99,5.12,2.97,0.0028153702971474627,4.0000000000000036,4.999999999999982,-0.9999999999999787,-0.0028153702971474627
2006-04-27,1309.719970703125,4.91,5.09,3.0,0.0032961576805387895,-8.000000000000007,-3.000000000000025,2.9999999999999805,-0.0032961576805387895
2006-04-28,1310.609985351562,4.87,5.07,3.0,0.0006793149699384888,-4.0000000000000036,-1.9999999999999574,0.0,-0.0006793149699384888
2006-05-01,1305.18994140625,4.94,5.14,2.96,-0.004144087356688683,7.000000000000028,6.99999999999994,-4.0000000000000036,0.004144087356688683
2006-05-02,1313.2099609375,4.92,5.12,2.97,0.006125912703046048,-2.000000000000046,-1.9999999999999574,1.000000000000023,-0.006125912703046048
2006-05-03,1308.119995117188,4.94,5.15,2.94,-0.0038835036433494514,2.000000000000046,3.000000000000025,-3.000000000000025,0.0038835036433494514
2006-05-04,1312.25,4.97,5.16,2.93,0.003152232936835973,2.999999999999936,0.9999999999999787,-0.9999999999999787,-0.003152232936835973
2006-05-05,1325.760009765625,4.94,5.12,2.96,0.01024266612268579,-2.999999999999936,-4.0000000000000036,2.9999999999999805,-0.01024266612268579
2006-05-08,1324.660034179688,4.97,5.12,2.94,-0.0008300387341271026,2.999999999999936,0.0,-2.0000000000000018,0.0008300387341271026
2006-05-09,1325.140014648438,4.97,5.13,2.92,0.0003622767493055886,0.0,0.9999999999999787,-2.0000000000000018,-0.0003622767493055886
2006-05-10,1322.849975585938,5.01,5.13,2.9,-0.0017296437236281451,4.0000000000000036,0.0,-2.0000000000000018,0.0017296437236281451
2006-05-11,1305.920043945312,4.99,5.14,2.88,-0.012880674678359537,-1.9999999999999574,0.9999999999999787,-2.0000000000000018,0.012880674678359537
2006-05-12,1291.239990234375,5.01,5.19,2.88,-0.011304817461096088,1.9999999999999574,5.000000000000071,0.0,0.011304817461096088
2006-05-15,1294.5,4.99,5.15,2.92,0.002521530784402824,-1.9999999999999574,-4.0000000000000036,4.0000000000000036,-0.002521530784402824
2006-05-16,1292.079956054688,4.96,5.1,2.99,-0.0018712312726285958,-3.000000000000025,-5.000000000000071,7.000000000000028,0.0018712312726285958
2006-05-17,1270.319946289062,4.97,5.16,3.03,-0.01698449398254634,0.9999999999999787,6.00000000000005,3.999999999999959,0.01698449398254634
2006-05-18,1261.81005859375,4.94,5.08,3.09,-0.006721550408601496,-2.999999999999936,-8.000000000000007,6.000000000000005,0.006721550408601496
2006-05-19,1267.030029296875,4.96,5.05,3.08,0.0041283576149624395,1.9999999999999574,-3.000000000000025,-0.9999999999999787,-0.0041283576149624395
2006-05-22,1262.069946289062,4.94,5.04,3.15,-0.003922414625812546,-1.9999999999999574,-0.9999999999999787,6.999999999999984,0.003922414625812546
2006-05-23,1256.579956054688,4.97,5.07,3.12,-0.004359477610647875,2.999999999999936,3.000000000000025,-2.9999999999999805,0.004359477610647875
2006-05-24,1258.569946289062,4.94,5.03,3.18,0.0015824032180064129,-2.999999999999936,-4.0000000000000036,6.000000000000005,-0.0015824032180064129
2006-05-25,1272.880004882812,4.98,5.07,3.13,0.01130594031131146,4.0000000000000036,4.0000000000000036,-5.000000000000027,-0.01130594031131146
2006-05-26,1280.160034179688,4.96,5.06,3.12,0.005703043365721406,-2.000000000000046,-1.0000000000000675,-0.9999999999999787,-0.005703043365721406
2006-05-30,1259.869995117188,4.99,5.09,3.1,-0.01597655965752121,3.000000000000025,3.000000000000025,-2.0000000000000018,0.01597655965752121
2006-05-31,1270.089965820312,5.04,5.12,3.12,0.0080792000284135,4.999999999999982,3.000000000000025,2.0000000000000018,-0.0080792000284135
2006-06-01,1285.7099609375,5.04,5.11,3.13,0.012223327369858497,0.0,-0.9999999999999787,0.9999999999999787,-0.012223327369858497
2006-06-02,1288.219970703125,4.92,5.0,3.22,0.0019503332475381977,-12.00000000000001,-11.000000000000032,9.00000000000003,-0.0019503332475381977
2006-06-05,1265.2900390625,4.99,5.02,3.19,-0.017960022017338574,7.000000000000028,1.9999999999999574,-3.000000000000025,0.017960022017338574
2006-06-06,1263.849975585938,4.99,5.01,3.24,-0.0011387773107427242,0.0,-0.9999999999999787,5.000000000000027,0.0011387773107427242
2006-06-07,1256.150024414062,5.02,5.02,3.22,-0.0061110913770092605,2.999999999999936,0.9999999999999787,-2.0000000000000018,0.0061110913770092605
2006-06-08,1257.930053710938,5.01,5.0,3.26,0.0014160484463528226,-0.9999999999999787,-1.9999999999999574,3.999999999999959,-0.0014160484463528226
2006-06-09,1252.300048828125,5.01,4.98,3.27,-0.004485655970165604,0.0,-1.9999999999999574,1.000000000000023,0.004485655970165604
2006-06-12,1237.43994140625,5.02,4.99,3.25,-0.011937217492592567,0.9999999999999787,0.9999999999999787,-2.0000000000000018,0.011937217492592567
2006-06-13,1223.68994140625,5.02,4.97,3.32,-0.01117384593032396,0.0,-2.000000000000046,6.999999999999984,0.01117384593032396
2006-06-14,1230.0400390625,5.11,5.05,3.32,0.00517588478216243,9.000000000000075,8.000000000000007,0.0,-0.00517588478216243
2006-06-15,1256.160034179688,5.14,5.1,3.29,0.021012754739617223,2.999999999999936,4.999999999999982,-2.9999999999999805,-0.021012754739617223
2006-06-16,1251.5400390625,5.16,5.13,3.26,-0.0036846514409682144,2.000000000000046,3.000000000000025,-3.000000000000025,0.0036846514409682144
2006-06-19,1240.130004882812,5.19,5.14,3.25,-0.009158607467732687,3.000000000000025,0.9999999999999787,-0.9999999999999787,0.009158607467732687
2006-06-20,1240.119995117188,5.19,5.15,3.28,-8.07157796527363e-06,0.0,1.0000000000000675,2.9999999999999805,8.07157796527363e-06
2006-06-21,1252.199951171875,5.2,5.16,3.34,0.009693820144398377,0.9999999999999787,0.9999999999999787,6.000000000000005,-0.009693820144398377
2006-06-22,1245.599975585938,5.23,5.2,3.32,-0.005284643397792638,3.000000000000025,4.0000000000000036,-2.0000000000000018,0.005284643397792638
2006-06-23,1244.5,5.27,5.23,3.31,-0.0008834791118992091,3.9999999999999147,3.000000000000025,-0.9999999999999787,0.0008834791118992091
2006-06-26,1250.56005859375,5.27,5.25,3.34,0.004857655020670141,0.0,1.9999999999999574,2.9999999999999805,-0.004857655020670141
2006-06-27,1239.199951171875,5.24,5.21,3.36,-0.009125527128600108,-2.999999999999936,-4.0000000000000036,2.0000000000000018,0.009125527128600108
2006-06-28,1246.0,5.29,5.25,3.33,0.005472449647681757,4.999999999999982,4.0000000000000036,-2.9999999999999805,-0.005472449647681757
2006-06-29,1272.869995117188,5.21,5.22,3.33,0.021335769185164406,-8.000000000000007,-3.000000000000025,0.0,-0.021335769185164406
2006-06-30,1270.199951171875,5.16,5.15,3.35,-0.002099859604977826,-4.999999999999982,-6.99999999999994,2.0000000000000018,0.002099859604977826
2006-07-03,1280.18994140625,5.17,5.15,3.33,0.007834128700747955,0.9999999999999787,0.0,-2.0000000000000018,-0.007834128700747955
2006-07-05,1270.910034179688,5.24,5.23,3.27,-0.007275252437706386,7.000000000000028,8.000000000000007,-6.000000000000005,0.007275252437706386
2006-07-06,1274.079956054688,5.22,5.19,3.31,0.002491108826707996,-2.000000000000046,-4.0000000000000036,4.0000000000000036,-0.002491108826707996
2006-07-07,1265.47998046875,5.17,5.14,3.33,-0.006772833620935526,-4.999999999999982,-5.000000000000071,2.0000000000000018,0.006772833620935526
2006-07-10,1267.339965820312,5.17,5.13,3.3,0.0014687073896706756,0.0,-0.9999999999999787,-3.000000000000025,-0.0014687073896706756
2006-07-11,1272.430053710938,5.17,5.1,3.33,0.0040083115136392644,0.0,-3.000000000000025,3.000000000000025,-0.0040083115136392644
2006-07-12,1258.599975585938,5.17,5.1,3.32,-0.010928527604668774,0.0,0.0,-1.000000000000023,0.010928527604668774
2006-07-13,1242.280029296875,5.12,5.08,3.39,-0.01305154819274538,-4.999999999999982,-1.9999999999999574,7.000000000000028,0.01305154819274538
2006-07-14,1236.199951171875,5.08,5.07,3.44,-0.0049063057756867905,-4.0000000000000036,-0.9999999999999787,4.999999999999982,0.0049063057756867905
2006-07-17,1234.489990234375,5.12,5.07,3.42,-0.0013841973303625145,4.0000000000000036,0.0,-2.0000000000000018,0.0013841973303625145
2006-07-18,1236.859985351562,5.19,5.13,3.37,0.0019179767067624923,7.000000000000028,5.999999999999961,-4.999999999999982,-0.0019179767067624923
2006-07-19,1259.81005859375,5.12,5.06,3.42,0.01838506433120499,-7.000000000000028,-7.000000000000028,4.999999999999982,-0.01838506433120499
2006-07-20,1249.130004882812,5.06,5.03,3.43,-0.008513649549338998,-6.00000000000005,-2.999999999999936,1.000000000000023,0.008513649549338998
2006-07-21,1240.2900390625,5.08,5.05,3.41,-0.007102058166951026,2.000000000000046,1.9999999999999574,-2.0000000000000018,0.007102058166951026
2006-07-24,1260.910034179688,5.1,5.05,3.41,0.01648845488001634,1.9999999999999574,0.0,0.0,-0.01648845488001634
2006-07-25,1268.880004882812,5.11,5.07,3.38,0.006300915845492862,1.0000000000000675,2.000000000000046,-3.000000000000025,-0.006300915845492862
2006-07-26,1268.400024414062,5.06,5.04,3.38,-0.00037834253131966203,-5.000000000000071,-3.000000000000025,0.0,0.00037834253131966203
2006-07-27,1263.199951171875,5.07,5.07,3.36,-0.0041081376249911756,1.0000000000000675,3.000000000000025,-2.0000000000000018,0.0041081376249911756
2006-07-28,1278.550048828125,4.98,5.0,3.4,0.012078516199717922,-8.999999999999986,-7.000000000000028,4.0000000000000036,-0.012078516199717922
2006-07-31,1276.660034179688,4.97,4.99,3.45,-0.0014793421532653625,-1.0000000000000675,-0.9999999999999787,5.000000000000027,0.0014793421532653625
2006-08-01,1270.920043945312,4.97,4.99,3.44,-0.00450623711243655,0.0,0.0,-1.000000000000023,0.00450623711243655
2006-08-02,1277.410034179688,4.97,4.96,3.42,0.0050935350341722516,0.0,-3.000000000000025,-2.0000000000000018,-0.0050935350341722516
2006-08-03,1280.27001953125,4.98,4.96,3.42,0.002236391169737837,1.0000000000000675,0.0,0.0,-0.002236391169737837
2006-08-04,1279.359985351562,4.91,4.91,3.44,-0.0007110670028840169,-7.000000000000028,-4.999999999999982,2.0000000000000018,0.0007110670028840169
2006-08-07,1275.77001953125,4.96,4.93,3.42,-0.0028100082388705424,4.999999999999982,1.9999999999999574,-2.0000000000000018,0.0028100082388705424
2006-08-08,1271.47998046875,4.91,4.93,3.41,-0.0033683722592652552,-4.999999999999982,0.0,-0.9999999999999787,0.0033683722592652552
2006-08-09,1265.949951171875,4.91,4.92,3.41,-0.0043587710409504835,0.0,-0.9999999999999787,0.0,0.0043587710409504835
2006-08-10,1271.81005859375,4.93,4.93,3.42,0.004618338861988249,1.9999999999999574,0.9999999999999787,0.9999999999999787,-0.004618338861988249
2006-08-11,1266.739990234375,4.96,4.97,3.39,-0.003994465346949095,3.000000000000025,4.0000000000000036,-2.9999999999999805,0.003994465346949095
2006-08-14,1268.2099609375,5.01,5.0,3.36,0.0011597632270497372,4.999999999999982,3.000000000000025,-3.000000000000025,-0.0011597632270497372
2006-08-15,1285.579956054688,4.94,4.93,3.39,0.013603517555473753,-6.99999999999994,-7.000000000000028,3.000000000000025,-0.013603517555473753
2006-08-16,1295.430053710938,4.87,4.87,3.42,0.007632783631721066,-7.000000000000028,-5.999999999999961,2.9999999999999805,-0.007632783631721066
2006-08-17,1297.47998046875,4.89,4.87,3.38,0.0015811787974743642,1.9999999999999574,0.0,-4.0000000000000036,-0.0015811787974743642
2006-08-18,1302.300048828125,4.87,4.84,3.41,0.003708062857582507,-1.9999999999999574,-3.000000000000025,3.000000000000025,-0.003708062857582507
2006-08-21,1297.52001953125,4.85,4.82,3.43,-0.0036772042352294725,-2.000000000000046,-1.9999999999999574,2.0000000000000018,0.0036772042352294725
2006-08-22,1298.819946289062,4.87,4.82,3.43,0.0010013533539872616,2.000000000000046,0.0,0.0,-0.0010013533539872616
2006-08-23,1292.989990234375,4.87,4.82,3.43,-0.004498760349020898,0.0,0.0,0.0,0.004498760349020898
2006-08-24,1296.06005859375,4.88,4.81,3.43,0.002371580108853858,0.9999999999999787,-1.0000000000000675,0.0,-0.002371580108853858
2006-08-25,1295.089965820312,4.86,4.79,3.44,-0.0007487739494990645,-1.9999999999999574,-1.9999999999999574,0.9999999999999787,0.0007487739494990645
2006-08-28,1301.780029296875,4.88,4.8,3.41,0.005152416785938996,1.9999999999999574,0.9999999999999787,-2.9999999999999805,-0.005152416785938996
2006-08-29,1304.280029296875,4.87,4.79,3.41,0.0019186056427523657,-0.9999999999999787,-0.9999999999999787,0.0,-0.0019186056427523657
2006-08-30,1305.369995117188,4.83,4.76,3.42,0.0008353349096592172,-4.0000000000000036,-3.000000000000025,0.9999999999999787,-0.0008353349096592172
2006-08-31,1303.819946289062,4.79,4.74,3.49,-0.0011881457810921294,-4.0000000000000036,-1.9999999999999574,7.000000000000028,0.0011881457810921294
2006-09-01,1311.010009765625,4.77,4.73,3.49,0.005499463994837795,-2.000000000000046,-0.9999999999999787,0.0,-0.005499463994837795
2006-09-05,1313.25,4.8,4.78,3.43,0.0017071408854651042,3.000000000000025,4.999999999999982,-6.000000000000005,-0.0017071408854651042
2006-09-06,1300.260009765625,4.82,4.8,3.4,-0.00994072887125942,2.000000000000046,1.9999999999999574,-3.000000000000025,0.00994072887125942
2006-09-07,1294.02001953125,4.82,4.8,3.41,-0.004810584977398314,0.0,0.0,1.000000000000023,0.004810584977398314
2006-09-08,1298.920043945312,4.8,4.78,3.42,0.003779516785635465,-2.000000000000046,-1.9999999999999574,0.9999999999999787,-0.003779516785635465
2006-09-11,1299.5400390625,4.83,4.8,3.39,0.00047720196512369923,3.000000000000025,1.9999999999999574,-2.9999999999999805,-0.00047720196512369923
2006-09-12,1313.0,4.82,4.78,3.4,0.010304209566623772,-0.9999999999999787,-1.9999999999999574,0.9999999999999787,-0.010304209566623772
2006-09-13,1318.069946289062,4.8,4.77,3.38,0.0038539093735426586,-2.000000000000046,-1.0000000000000675,-2.0000000000000018,-0.0038539093735426586
2006-09-14,1316.280029296875,4.83,4.79,3.35,-0.0013589062077685285,3.000000000000025,2.000000000000046,-2.9999999999999805,0.0013589062077685285
2006-09-15,1319.660034179688,4.87,4.8,3.33,0.0025645550763117044,4.0000000000000036,0.9999999999999787,-2.0000000000000018,-0.0025645550763117044
2006-09-18,1321.180053710938,4.88,4.81,3.33,0.0011511637573800798,0.9999999999999787,0.9999999999999787,0.0,-0.0011511637573800798
2006-09-19,1317.640014648438,4.79,4.74,3.4,-0.002683048555375884,-8.999999999999986,-6.99999999999994,6.999999999999984,0.002683048555375884
2006-09-20,1325.180053710938,4.81,4.73,3.39,0.005706071034442844,1.9999999999999574,-0.9999999999999787,-0.9999999999999787,-0.005706071034442844
2006-09-21,1318.030029296875,4.71,4.65,3.48,-0.005410119989903228,-9.999999999999964,-8.000000000000007,8.999999999999986,0.005410119989903228
2006-09-22,1314.780029296875,4.67,4.6,3.53,-0.00246884627333857,-4.0000000000000036,-5.000000000000071,4.999999999999982,0.00246884627333857
2006-09-25,1326.369995117188,4.63,4.56,3.55,0.008776510314246309,-4.0000000000000036,-4.0000000000000036,2.0000000000000018,-0.008776510314246309
2006-09-26,1336.349975585938,4.68,4.59,3.5,0.007496114733216495,4.999999999999982,3.000000000000025,-4.999999999999982,-0.007496114733216495
2006-09-27,1336.589965820312,4.66,4.6,3.46,0.00017957024121746385,-1.9999999999999574,0.9999999999999787,-4.0000000000000036,-0.00017957024121746385
2006-09-28,1338.880004882812,4.68,4.63,3.44,0.0017118783965645722,1.9999999999999574,3.000000000000025,-2.0000000000000018,-0.0017118783965645722
2006-09-29,1335.849975585938,4.71,4.64,3.42,-0.0022656721352531987,3.000000000000025,0.9999999999999787,-2.0000000000000018,0.0022656721352531987
2006-10-02,1331.319946289062,4.66,4.62,3.44,-0.0033968841772360815,-4.999999999999982,-1.9999999999999574,2.0000000000000018,0.0033968841772360815
2006-10-03,1334.109985351562,4.67,4.62,3.43,0.0020935009758710986,0.9999999999999787,0.0,-0.9999999999999787,-0.0020935009758710986
2006-10-04,1350.199951171875,4.6,4.57,3.45,0.011988301577432098,-7.000000000000028,-4.999999999999982,2.0000000000000018,-0.011988301577432098
2006-10-05,1353.219970703125,4.65,4.61,3.39,0.0022342224846966835,5.000000000000071,4.0000000000000036,-6.000000000000005,-0.0022342224846966835
2006-10-06,1349.589965820312,4.74,4.7,3.31,-0.002686098653359609,8.999999999999986,8.999999999999986,-8.000000000000007,0.002686098653359609
2006-10-09,1350.660034179688,4.74,4.7,3.31,0.0007925698845595916,0.0,0.0,0.0,-0.0007925698845595916
2006-10-10,1353.420043945312,4.82,4.75,3.27,0.0020413675958835392,8.000000000000007,4.999999999999982,-4.0000000000000036,-0.0020413675958835392
2006-10-11,1349.949951171875,4.85,4.78,3.23,-0.002567236216697457,2.999999999999936,3.000000000000025,-4.0000000000000036,0.002567236216697457
2006-10-12,1362.829956054688,4.85,4.79,3.22,0.009495869261273323,0.0,0.9999999999999787,-0.9999999999999787,-0.009495869261273323
2006-10-13,1365.619995117188,4.87,4.81,3.19,0.0020451465739917867,2.000000000000046,1.9999999999999574,-3.000000000000025,-0.0020451465739917867
2006-10-16,1369.06005859375,4.85,4.79,3.18,0.002515881363473806,-2.000000000000046,-1.9999999999999574,-0.9999999999999787,-0.002515881363473806
2006-10-17,1364.050048828125,4.83,4.78,3.19,-0.003666164318479104,-1.9999999999999574,-0.9999999999999787,0.9999999999999787,0.003666164318479104
2006-10-18,1365.800048828125,4.85,4.77,3.18,0.0012821218580672926,1.9999999999999574,-1.0000000000000675,-0.9999999999999787,-0.0012821218580672926
2006-10-19,1366.9599609375,4.85,4.79,3.17,0.0008488942862782346,0.0,2.000000000000046,-1.000000000000023,-0.0008488942862782346
2006-10-20,1368.599975585938,4.87,4.79,3.17,0.0011990341158507416,2.000000000000046,0.0,0.0,-0.0011990341158507416
2006-10-23,1377.02001953125,4.9,4.83,3.14,0.006133456455451168,3.000000000000025,4.0000000000000036,-2.9999999999999805,-0.006133456455451168
2006-10-24,1377.380004882812,4.91,4.83,3.15,0.00026138930469132084,0.9999999999999787,0.0,0.9999999999999787,-0.00026138930469132084
2006-10-25,1382.219970703125,4.88,4.78,3.19,0.003507733603267097,-3.000000000000025,-4.999999999999982,4.0000000000000036,-0.003507733603267097
2006-10-26,1389.079956054688,4.81,4.73,3.21,0.0049507448087952296,-7.000000000000028,-4.999999999999982,2.0000000000000018,-0.0049507448087952296
2006-10-27,1377.339965820312,4.76,4.68,3.23,-0.008487547836852198,-4.999999999999982,-5.000000000000071,2.0000000000000018,0.008487547836852198
2006-10-30,1377.930053710938,4.78,4.68,3.21,0.0004283339893838754,2.000000000000046,0.0,-2.0000000000000018,-0.0004283339893838754
2006-10-31,1377.93994140625,4.71,4.61,3.29,7.175734217920092e-06,-7.000000000000028,-6.99999999999994,8.000000000000007,-7.175734217920092e-06
2006-11-01,1367.81005859375,4.66,4.57,3.3,-0.00737862425334979,-4.999999999999982,-4.0000000000000036,0.9999999999999787,0.00737862425334979
2006-11-02,1367.339965820312,4.67,4.6,3.24,-0.0003437418597668928,0.9999999999999787,2.999999999999936,-5.999999999999961,0.0003437418597668928
2006-11-03,1364.300048828125,4.82,4.72,3.12,-0.0022257092668207085,15.000000000000036,12.00000000000001,-12.00000000000001,0.0022257092668207085
2006-11-06,1379.780029296875,4.82,4.71,3.13,0.011282575026932747,0.0,-0.9999999999999787,0.9999999999999787,-0.011282575026932747
2006-11-07,1382.839965820312,4.77,4.66,3.14,0.002215243341597083,-5.000000000000071,-4.999999999999982,1.000000000000023,-0.002215243341597083
2006-11-08,1385.719970703125,4.75,4.64,3.15,0.0020805082697791786,-1.9999999999999574,-2.000000000000046,0.9999999999999787,-0.0020805082697791786
2006-11-09,1378.329956054688,4.75,4.62,3.13,-0.0053472494729513605,0.0,-1.9999999999999574,-2.0000000000000018,0.0053472494729513605
2006-11-10,1380.900024414062,4.73,4.59,3.15,0.0018628886470648193,-1.9999999999999574,-3.000000000000025,2.0000000000000018,-0.0018628886470648193
2006-11-13,1384.420043945312,4.76,4.61,3.12,0.0025458329201797896,2.999999999999936,2.000000000000046,-2.9999999999999805,-0.0025458329201797896
2006-11-14,1393.219970703125,4.74,4.57,3.13,0.006336282710039734,-1.9999999999999574,-4.0000000000000036,0.9999999999999787,-0.006336282710039734
2006-11-15,1396.569946289062,4.8,4.61,3.05,0.0024015981817578,5.999999999999961,4.0000000000000036,-8.000000000000007,-0.0024015981817578
2006-11-16,1399.760009765625,4.85,4.66,2.99,0.002281608329905064,4.999999999999982,4.999999999999982,-5.999999999999961,-0.002281608329905064
2006-11-17,1401.199951171875,4.76,4.61,3.06,0.001028177162961429,-8.999999999999986,-4.999999999999982,6.999999999999984,-0.001028177162961429
2006-11-20,1400.5,4.76,4.6,3.07,-0.0004996617758049194,0.0,-1.0000000000000675,0.9999999999999787,0.0004996617758049194
2006-11-21,1402.81005859375,4.75,4.58,3.13,0.0016480939092360738,-0.9999999999999787,-1.9999999999999574,6.000000000000005,-0.0016480939092360738
2006-11-22,1406.089965820312,4.74,4.57,3.14,0.002335368784048819,-0.9999999999999787,-0.9999999999999787,1.000000000000023,-0.002335368784048819
2006-11-24,1400.949951171875,4.73,4.55,3.15,-0.003662235340602208,-0.9999999999999787,-2.000000000000046,0.9999999999999787,0.003662235340602208
2006-11-27,1381.9599609375,4.71,4.54,3.17,-0.013647789970175506,-2.000000000000046,-0.9999999999999787,2.0000000000000018,0.013647789970175506
2006-11-28,1386.719970703125,4.67,4.51,3.22,0.0034384721766224924,-4.0000000000000036,-3.000000000000025,5.000000000000027,-0.0034384721766224924
2006-11-29,1399.47998046875,4.69,4.52,3.15,0.00915949981987441,2.000000000000046,0.9999999999999787,-7.000000000000028,-0.00915949981987441
2006-11-30,1400.630004882812,4.62,4.46,3.2,0.0008214137907012308,-7.000000000000028,-5.999999999999961,5.000000000000027,-0.0008214137907012308
2006-12-01,1396.7099609375,4.52,4.43,3.21,-0.0028026958176257753,-10.000000000000053,-3.000000000000025,0.9999999999999787,0.0028026958176257753
2006-12-04,1409.119995117188,4.52,4.43,3.2,0.008845949539756327,0.0,0.0,-0.9999999999999787,-0.008845949539756327
2006-12-05,1414.760009765625,4.52,4.45,3.14,0.003994519694966093,0.0,2.000000000000046,-6.000000000000005,-0.003994519694966093
2006-12-06,1412.900024414062,4.59,4.48,3.07,-0.0013155652358050795,7.000000000000028,3.000000000000025,-7.000000000000028,0.0013155652358050795
2006-12-07,1407.2900390625,4.58,4.49,3.05,-0.003978450122078368,-0.9999999999999787,0.9999999999999787,-2.0000000000000018,0.003978450122078368
2006-12-08,1409.839965820312,4.68,4.56,3.0,0.0018103015833671769,9.999999999999964,6.99999999999994,-4.999999999999982,-0.0018103015833671769
2006-12-11,1413.0400390625,4.67,4.52,3.02,0.0022672409790373865,-0.9999999999999787,-4.0000000000000036,2.0000000000000018,-0.0022672409790373865
2006-12-12,1411.56005859375,4.61,4.49,3.06,-0.0010479222212118867,-5.999999999999961,-2.999999999999936,4.0000000000000036,0.0010479222212118867
2006-12-13,1413.2099609375,4.7,4.58,3.0,0.0011681676879644158,8.999999999999986,8.999999999999986,-6.000000000000005,-0.0011681676879644158
2006-12-14,1425.489990234375,4.73,4.6,3.0,0.008651922436740064,3.000000000000025,1.9999999999999574,0.0,-0.008651922436740064
2006-12-15,1427.089965820312,4.73,4.6,2.98,0.0011217745187630216,0.0,0.0,-2.0000000000000018,-0.0011217745187630216
2006-12-18,1422.47998046875,4.71,4.6,2.99,-0.0032355684964713795,-2.000000000000046,0.0,1.000000000000023,0.0032355684964713795
2006-12-19,1425.550048828125,4.71,4.6,2.98,0.002155924984594354,0.0,0.0,-1.000000000000023,-0.002155924984594354
2006-12-20,1423.530029296875,4.71,4.6,2.97,-0.0014180155098076032,0.0,0.0,-0.9999999999999787,0.0014180155098076032
2006-12-21,1418.300048828125,4.66,4.55,2.99,-0.0036807171642770386,-4.999999999999982,-4.999999999999982,2.0000000000000018,0.0036807171642770386
2006-12-22,1410.760009765625,4.71,4.63,2.93,-0.005330432553268684,4.999999999999982,8.000000000000007,-6.000000000000005,0.005330432553268684
2006-12-26,1416.900024414062,4.71,4.61,2.93,0.004342830626286883,0.0,-1.9999999999999574,0.0,-0.004342830626286883
2006-12-27,1426.839965820312,4.77,4.66,2.87,0.0069907810992623325,5.999999999999961,4.999999999999982,-6.000000000000005,-0.0069907810992623325
2006-12-28,1424.72998046875,4.82,4.7,2.83,-0.0014798765426647736,5.000000000000071,4.0000000000000036,-4.0000000000000036,0.0014798765426647736
2006-12-29,1418.300048828125,4.82,4.71,2.82,-0.004523302629615828,0.0,0.9999999999999787,-1.000000000000023,0.004523302629615828
2007-01-03,1416.599975585938,4.76,4.67,2.91,-0.00119938864252502,-6.00000000000005,-4.0000000000000036,9.00000000000003,0.00119938864252502
2007-01-04,1418.339965820312,4.71,4.62,2.95,0.0012275324972146344,-4.999999999999982,-4.999999999999982,4.0000000000000036,-0.0012275324972146344
2007-01-05,1409.7099609375,4.76,4.65,2.93,-0.006103167832469794,4.999999999999982,3.000000000000025,-2.0000000000000018,0.006103167832469794
2007-01-08,1412.839965820312,4.78,4.66,2.92,0.002217857077497207,2.000000000000046,0.9999999999999787,-1.000000000000023,-0.002217857077497207
2007-01-09,1412.109985351562,4.79,4.66,2.89,-0.0005168094993646467,0.9999999999999787,0.0,-2.9999999999999805,0.0005168094993646467
2007-01-10,1414.849975585938,4.81,4.69,2.87,0.0019384718073376728,1.9999999999999574,3.000000000000025,-2.0000000000000018,-0.0019384718073376728
2007-01-11,1423.819946289062,4.86,4.74,2.82,0.006319861629222885,5.000000000000071,4.999999999999982,-5.000000000000027,-0.006319861629222885
2007-01-12,1430.72998046875,4.88,4.77,2.8,0.004841427093058509,1.9999999999999574,2.999999999999936,-2.0000000000000018,-0.004841427093058509
2007-01-16,1431.900024414062,4.86,4.75,2.78,0.0008174608723253538,-1.9999999999999574,-1.9999999999999574,-2.0000000000000018,-0.0008174608723253538
2007-01-17,1430.619995117188,4.91,4.79,2.72,-0.0008943374183994938,4.999999999999982,4.0000000000000036,-5.999999999999961,0.0008943374183994938
2007-01-18,1426.369995117188,4.89,4.75,2.73,-0.002975161375757787,-2.000000000000046,-4.0000000000000036,0.9999999999999787,0.002975161375757787
2007-01-19,1430.5,4.93,4.78,2.7,0.002891281554245252,4.0000000000000036,3.000000000000025,-2.9999999999999805,-0.002891281554245252
2007-01-22,1422.949951171875,4.91,4.76,2.69,-0.005291886366783456,-1.9999999999999574,-2.000000000000046,-1.000000000000023,0.005291886366783456
2007-01-23,1427.989990234375,4.94,4.81,2.65,0.0035357071117870357,3.000000000000025,4.999999999999982,-4.0000000000000036,-0.0035357071117870357
2007-01-24,1440.130004882812,4.93,4.81,2.63,0.00846553642839763,-1.0000000000000675,0.0,-2.0000000000000018,-0.00846553642839763
2007-01-25,1423.900024414062,4.98,4.87,2.57,-0.01133378773070705,5.000000000000071,6.00000000000005,-6.000000000000005,0.01133378773070705
2007-01-26,1422.180053710938,4.99,4.88,2.59,-0.0012086595354290411,0.9999999999999787,0.9999999999999787,2.0000000000000018,0.0012086595354290411
2007-01-29,1420.619995117188,4.99,4.9,2.58,-0.0010975508115664012,0.0,2.000000000000046,-0.9999999999999787,0.0010975508115664012
2007-01-30,1428.819946289062,4.98,4.88,2.62,0.005755498607644905,-0.9999999999999787,-2.000000000000046,4.0000000000000036,-0.005755498607644905
2007-01-31,1438.239990234375,4.94,4.83,2.72,0.006571245841597349,-4.0000000000000036,-4.999999999999982,10.000000000000009,-0.006571245841597349
2007-02-01,1445.93994140625,4.96,4.84,2.66,0.005339451523831852,1.9999999999999574,0.9999999999999787,-6.000000000000005,-0.005339451523831852
2007-02-02,1448.390014648438,4.94,4.83,2.67,0.0016930162521959413,-1.9999999999999574,-0.9999999999999787,0.9999999999999787,-0.0016930162521959413
2007-02-05,1446.989990234375,4.92,4.81,2.67,-0.0009670748024884285,-2.000000000000046,-2.000000000000046,0.0,0.0009670748024884285
2007-02-06,1448.0,4.9,4.77,2.67,0.0006977639370160676,-1.9999999999999574,-4.0000000000000036,0.0,-0.0006977639370160676
2007-02-07,1450.02001953125,4.87,4.74,2.65,0.0013940689469243953,-3.000000000000025,-2.999999999999936,-2.0000000000000018,-0.0013940689469243953
2007-02-08,1448.31005859375,4.87,4.73,2.65,-0.0011799630061502266,0.0,-0.9999999999999787,0.0,0.0011799630061502266
2007-02-09,1438.06005859375,4.92,4.79,2.59,-0.007102376113371196,4.999999999999982,5.999999999999961,-6.000000000000005,0.007102376113371196
2007-02-12,1433.369995117188,4.94,4.8,2.59,-0.003266712097895874,2.000000000000046,0.9999999999999787,0.0,0.003266712097895874
2007-02-13,1444.260009765625,4.95,4.82,2.58,0.007568774732917358,0.9999999999999787,2.000000000000046,-0.9999999999999787,-0.007568774732917358
2007-02-14,1455.300048828125,4.87,4.74,2.62,0.0076150120631249705,-8.000000000000007,-8.000000000000007,4.0000000000000036,-0.0076150120631249705
2007-02-15,1456.81005859375,4.83,4.7,2.59,0.001037055499453231,-4.0000000000000036,-4.0000000000000036,-3.000000000000025,-0.001037055499453231
2007-02-16,1455.5400390625,4.83,4.69,2.57,-0.0008721613605295131,0.0,-0.9999999999999787,-2.0000000000000018,0.0008721613605295131
2007-02-20,1459.680053710938,4.81,4.68,2.57,0.002840277783407608,-2.000000000000046,-1.0000000000000675,0.0,-0.002840277783407608
2007-02-21,1457.630004882812,4.82,4.69,2.53,-0.0014054379715550255,1.0000000000000675,1.0000000000000675,-4.0000000000000036,0.0014054379715550255
2007-02-22,1456.380004882812,4.87,4.73,2.49,-0.0008579243533695572,4.999999999999982,4.0000000000000036,-3.999999999999959,0.0008579243533695572
2007-02-23,1451.18994140625,4.82,4.68,2.55,-0.0035700389567872607,-4.999999999999982,-5.000000000000071,5.999999999999961,0.0035700389567872607
2007-02-26,1449.369995117188,4.77,4.63,2.58,-0.001254893239733935,-5.000000000000071,-4.999999999999982,3.000000000000025,0.001254893239733935
2007-02-27,1399.0400390625,4.59,4.5,2.79,-0.035342660843101066,-17.99999999999997,-12.99999999999999,20.999999999999996,0.035342660843101066
2007-02-28,1406.819946289062,4.65,4.56,2.82,0.005545484952733578,6.00000000000005,5.999999999999961,2.9999999999999805,-0.005545484952733578
2007-03-01,1403.170043945312,4.63,4.56,2.83,-0.0025978059773005212,-2.000000000000046,0.0,1.000000000000023,0.0025978059773005212
2007-03-02,1387.170043945312,4.56,4.52,2.91,-0.011468261829749615,-7.000000000000028,-4.0000000000000036,8.000000000000007,0.011468261829749615
2007-03-05,1374.119995117188,4.53,4.51,2.99,-0.00945220951484075,-2.999999999999936,-0.9999999999999787,8.000000000000007,0.00945220951484075
2007-03-06,1395.410034179688,4.58,4.53,2.94,0.015374780717887004,4.999999999999982,2.000000000000046,-5.000000000000027,-0.015374780717887004
2007-03-07,1391.969970703125,4.54,4.5,2.91,-0.00246831448679936,-4.0000000000000036,-3.000000000000025,-2.9999999999999805,0.00246831448679936
2007-03-08,1401.890014648438,4.56,4.51,2.85,0.007101347730783405,1.9999999999999574,0.9999999999999787,-6.000000000000005,-0.007101347730783405
2007-03-09,1402.839965820312,4.66,4.59,2.75,0.0006773922729201822,10.000000000000053,8.000000000000007,-10.000000000000009,-0.0006773922729201822
2007-03-12,1406.599975585938,4.62,4.56,2.8,0.0026766986224973687,-4.0000000000000036,-3.000000000000025,4.999999999999982,-0.0026766986224973687
2007-03-13,1377.949951171875,4.52,4.5,2.92,-0.02057857550740643,-10.000000000000053,-5.999999999999961,12.00000000000001,0.02057857550740643
2007-03-14,1387.170043945312,4.54,4.53,2.94,0.006668880164958539,2.000000000000046,3.000000000000025,2.0000000000000018,-0.006668880164958539
2007-03-15,1392.280029296875,4.57,4.54,2.88,0.0036769799595130367,3.000000000000025,0.9999999999999787,-6.000000000000005,-0.0036769799595130367
2007-03-16,1386.949951171875,4.58,4.55,2.88,-0.003835655701215665,0.9999999999999787,0.9999999999999787,0.0,0.003835655701215665
2007-03-19,1402.06005859375,4.61,4.58,2.85,0.01083556904272735,3.000000000000025,3.000000000000025,-2.9999999999999805,-0.01083556904272735
2007-03-20,1410.93994140625,4.6,4.56,2.88,0.0063134819115044745,-1.0000000000000675,-2.000000000000046,2.9999999999999805,-0.0063134819115044745
2007-03-21,1435.0400390625,4.51,4.53,2.91,0.016936643202980273,-8.999999999999986,-2.999999999999936,3.000000000000025,-0.016936643202980273
2007-03-22,1434.5400390625,4.58,4.6,2.81,-0.00034848304730820604,7.000000000000028,6.99999999999994,-10.000000000000009,0.00034848304730820604
2007-03-23,1436.109985351562,4.6,4.62,2.79,0.0010937916027598188,1.9999999999999574,2.000000000000046,-2.0000000000000018,-0.0010937916027598188
2007-03-26,1437.5,4.56,4.6,2.82,0.0009674345258657808,-4.0000000000000036,-2.000000000000046,2.9999999999999805,-0.0009674345258657808
2007-03-27,1428.609985351562,4.58,4.62,2.81,-0.006203560368759303,2.000000000000046,2.000000000000046,-0.9999999999999787,0.006203560368759303
2007-03-28,1417.22998046875,4.53,4.62,2.84,-0.007997684815493488,-4.999999999999982,0.0,2.9999999999999805,0.007997684815493488
2007-03-29,1422.530029296875,4.58,4.64,2.82,0.0037327485166896573,4.999999999999982,1.9999999999999574,-2.0000000000000018,-0.0037327485166896573
2007-03-30,1420.859985351562,4.58,4.65,2.8,-0.0011746852375146089,0.0,1.0000000000000675,-2.0000000000000018,0.0011746852375146089
2007-04-02,1424.550048828125,4.6,4.65,2.86,0.002593696866817829,1.9999999999999574,0.0,6.000000000000005,-0.002593696866817829
2007-04-03,1437.77001953125,4.63,4.67,2.83,0.009237307072510437,3.000000000000025,1.9999999999999574,-2.9999999999999805,-0.009237307072510437
2007-04-04,1439.369995117188,4.61,4.66,2.87,0.0011121987409170296,-1.9999999999999574,-0.9999999999999787,4.0000000000000036,-0.0011121987409170296
2007-04-05,1443.760009765625,4.63,4.68,2.84,0.0030453139703922483,1.9999999999999574,1.9999999999999574,-3.000000000000025,-0.0030453139703922483
2007-04-09,1444.609985351562,4.73,4.75,2.76,0.0005885503670993545,10.000000000000053,7.000000000000028,-8.000000000000007,-0.0005885503670993545
2007-04-10,1448.390014648438,4.71,4.73,2.78,0.0026132260269697946,-2.000000000000046,-1.9999999999999574,2.0000000000000018,-0.0026132260269697946
2007-04-11,1438.869995117188,4.73,4.74,2.75,-0.006594524912466886,2.000000000000046,0.9999999999999787,-2.9999999999999805,0.006594524912466886
2007-04-12,1447.800048828125,4.73,4.74,2.75,0.006187116686112366,0.0,0.0,0.0,-0.006187116686112366
2007-04-13,1452.849975585938,4.76,4.76,2.71,0.00348193116532636,2.999999999999936,1.9999999999999574,-4.0000000000000036,-0.00348193116532636
2007-04-16,1468.329956054688,4.74,4.74,2.7,0.010598542873156813,-1.9999999999999574,-1.9999999999999574,-0.9999999999999787,-0.010598542873156813
2007-04-17,1471.47998046875,4.68,4.69,2.72,0.0021430131114728856,-6.00000000000005,-4.999999999999982,2.0000000000000018,-0.0021430131114728856
2007-04-18,1472.5,4.64,4.66,2.73,0.0006929527910064429,-4.0000000000000036,-3.000000000000025,0.9999999999999787,-0.0006929527910064429
2007-04-19,1470.72998046875,4.64,4.68,2.71,-0.0012027736577713097,0.0,1.9999999999999574,-2.0000000000000018,0.0012027736577713097
2007-04-20,1484.349975585938,4.64,4.68,2.68,0.009218086660297274,0.0,0.0,-2.9999999999999805,-0.009218086660297274
2007-04-23,1480.930053710938,4.62,4.66,2.68,-0.002306644470370378,-1.9999999999999574,-1.9999999999999574,0.0,0.002306644470370378
2007-04-24,1480.410034179688,4.58,4.63,2.7,-0.0003512055496236482,-4.0000000000000036,-3.000000000000025,2.0000000000000018,0.0003512055496236482
2007-04-25,1495.420043945312,4.63,4.66,2.67,0.010088033702707664,4.999999999999982,3.000000000000025,-3.000000000000025,-0.010088033702707664
2007-04-26,1494.25,4.67,4.69,2.63,-0.0007827245066176651,4.0000000000000036,3.000000000000025,-4.0000000000000036,0.0007827245066176651
2007-04-27,1494.069946289062,4.67,4.71,2.63,-0.00012050497563321889,0.0,1.9999999999999574,0.0,0.00012050497563321889
2007-04-30,1482.369995117188,4.6,4.63,2.74,-0.007861748709062278,-7.000000000000028,-8.000000000000007,11.000000000000032,0.007861748709062278
2007-05-01,1486.300048828125,4.63,4.64,2.74,0.0026476879873133514,3.000000000000025,0.9999999999999787,0.0,-0.0026476879873133514
2007-05-02,1495.920043945312,4.65,4.65,2.72,0.006451588538502511,2.000000000000046,1.0000000000000675,-2.0000000000000018,-0.006451588538502511
2007-05-03,1502.390014648438,4.71,4.68,2.67,0.004315751619413827,5.999999999999961,2.999999999999936,-5.000000000000027,-0.004315751619413827
2007-05-04,1505.619995117188,4.68,4.65,2.7,0.0021475870756333293,-3.000000000000025,-2.999999999999936,3.000000000000025,-0.0021475870756333293
2007-05-07,1509.47998046875,4.68,4.64,2.69,0.002560437459191592,0.0,-1.0000000000000675,-1.000000000000023,-0.002560437459191592
2007-05-08,1507.719970703125,4.68,4.63,2.69,-0.0011666511956337745,0.0,-0.9999999999999787,0.0,0.0011666511956337745
2007-05-09,1512.579956054688,4.73,4.67,2.64,0.003218216510913391,5.000000000000071,4.0000000000000036,-4.999999999999982,-0.003218216510913391
2007-05-10,1491.469970703125,4.7,4.65,2.65,-0.014054581884656574,-3.000000000000025,-1.9999999999999574,0.9999999999999787,0.014054581884656574
2007-05-11,1505.849975585938,4.71,4.67,2.63,0.009595315462487895,0.9999999999999787,1.9999999999999574,-2.0000000000000018,-0.009595315462487895
2007-05-14,1503.150024414062,4.73,4.69,2.61,-0.0017945841784530465,2.000000000000046,2.000000000000046,-2.0000000000000018,0.0017945841784530465
2007-05-15,1501.18994140625,4.75,4.71,2.57,-0.0013048345448340654,1.9999999999999574,1.9999999999999574,-4.0000000000000036,0.0013048345448340654
2007-05-16,1514.140014648438,4.73,4.71,2.58,0.008589542804573365,-1.9999999999999574,0.0,1.000000000000023,-0.008589542804573365
2007-05-17,1512.75,4.78,4.76,2.55,-0.0009184441716891922,4.999999999999982,4.999999999999982,-3.000000000000025,0.0009184441716891922
2007-05-18,1522.75,4.82,4.81,2.51,0.006588724214163112,4.0000000000000036,4.999999999999982,-4.0000000000000036,-0.006588724214163112
2007-05-21,1525.099975585938,4.81,4.79,2.5,0.0015420549373726588,-1.0000000000000675,-1.9999999999999574,-0.9999999999999787,-0.0015420549373726588
2007-05-22,1524.119995117188,4.83,4.83,2.46,-0.0006427745534309215,2.000000000000046,4.0000000000000036,-4.0000000000000036,0.0006427745534309215
2007-05-23,1522.280029296875,4.85,4.86,2.44,-0.001207960891086179,1.9999999999999574,3.000000000000025,-2.0000000000000018,0.001207960891086179
2007-05-24,1507.510009765625,4.85,4.86,2.45,-0.00974994065295623,0.0,0.0,1.000000000000023,0.00974994065295623
2007-05-25,1515.72998046875,4.85,4.86,2.45,0.005437868634530783,0.0,0.0,0.0,-0.005437868634530783
2007-05-29,1518.109985351562,4.88,4.88,2.42,0.0015689722581668341,3.000000000000025,1.9999999999999574,-3.000000000000025,-0.0015689722581668341
2007-05-30,1530.22998046875,4.89,4.88,2.44,0.00795190767313084,0.9999999999999787,0.0,2.0000000000000018,-0.00795190767313084
2007-05-31,1530.619995117188,4.92,4.9,2.46,0.0002548407492426378,3.000000000000025,2.000000000000046,2.0000000000000018,-0.0002548407492426378
2007-06-01,1536.339965820312,4.97,4.95,2.41,0.003730063260024346,4.999999999999982,4.999999999999982,-4.999999999999982,-0.003730063260024346
2007-06-04,1539.180053710938,4.97,4.93,2.44,0.0018468998282528415,0.0,-2.000000000000046,2.9999999999999805,-0.0018468998282528415
2007-06-05,1530.949951171875,4.99,4.98,2.41,-0.005361416122665772,2.000000000000046,5.000000000000071,-2.9999999999999805,0.005361416122665772
2007-06-06,1517.380004882812,4.97,4.97,2.48,-0.008903259242367557,-2.000000000000046,-1.0000000000000675,6.999999999999984,0.008903259242367557
2007-06-07,1490.719970703125,5.03,5.11,2.48,-0.017725961545528898,6.00000000000005,14.000000000000057,0.0,0.017725961545528898
2007-06-08,1507.670043945312,5.01,5.12,2.51,0.011306236827796499,-2.000000000000046,0.9999999999999787,2.9999999999999805,-0.011306236827796499
2007-06-11,1509.119995117188,5.01,5.14,2.5,0.000961254356285223,0.0,1.9999999999999574,-0.9999999999999787,-0.000961254356285223
2007-06-12,1493.0,5.08,5.26,2.49,-0.0107391776941704,7.000000000000028,12.00000000000001,-0.9999999999999787,0.0107391776941704
2007-06-13,1515.670043945312,5.08,5.2,2.53,0.015070095861530151,0.0,-5.999999999999961,3.999999999999959,-0.015070095861530151
2007-06-14,1522.969970703125,5.1,5.23,2.49,0.004804742099217636,1.9999999999999574,3.000000000000025,-3.999999999999959,-0.004804742099217636
2007-06-15,1532.910034179688,5.05,5.16,2.51,0.006505555530853451,-4.999999999999982,-7.000000000000028,1.9999999999999574,-0.006505555530853451
2007-06-18,1531.050048828125,5.01,5.15,2.52,-0.0012141056212542844,-4.0000000000000036,-0.9999999999999787,1.000000000000023,0.0012141056212542844
2007-06-19,1533.699951171875,4.94,5.09,2.6,0.0017292784103802355,-6.99999999999994,-6.00000000000005,8.000000000000007,-0.0017292784103802355
2007-06-20,1512.839965820312,4.97,5.14,2.59,-0.01369442838180137,2.999999999999936,4.999999999999982,-1.000000000000023,0.01369442838180137
2007-06-21,1522.18994140625,4.98,5.16,2.66,0.006161392441566215,1.0000000000000675,2.000000000000046,7.000000000000028,-0.006161392441566215
2007-06-22,1502.56005859375,4.92,5.14,2.69,-0.012979689827432707,-6.00000000000005,-2.000000000000046,2.9999999999999805,0.012979689827432707
2007-06-25,1497.739990234375,4.87,5.09,2.8,-0.0032130603124341612,-4.999999999999982,-4.999999999999982,10.999999999999988,0.0032130603124341612
2007-06-26,1492.890014648438,4.9,5.1,2.79,-0.0032434502628659106,3.000000000000025,0.9999999999999787,-0.9999999999999787,0.0032434502628659106
2007-06-27,1506.339965820312,4.91,5.09,2.88,0.008968996323784425,0.9999999999999787,-0.9999999999999787,8.999999999999986,-0.008968996323784425
2007-06-28,1505.7099609375,4.96,5.12,2.83,-0.0004183230074658955,4.999999999999982,3.000000000000025,-4.999999999999982,0.0004183230074658955
2007-06-29,1503.349975585938,4.87,5.03,2.89,-0.0015685867913797303,-8.999999999999986,-8.999999999999986,6.000000000000005,0.0015685867913797303
2007-07-02,1519.430053710938,4.86,5.0,3.03,0.01063936485774943,-0.9999999999999787,-3.000000000000025,13.999999999999968,-0.01063936485774943
2007-07-03,1524.869995117188,4.89,5.05,2.99,0.0035738574444796065,2.999999999999936,4.999999999999982,-3.999999999999959,-0.0035738574444796065
2007-07-05,1525.400024414062,4.99,5.16,2.92,0.00034752943104380824,10.000000000000053,11.000000000000032,-7.000000000000028,-0.00034752943104380824
2007-07-06,1530.43994140625,4.99,5.19,2.9,0.003298550721416772,0.0,3.000000000000025,-2.0000000000000018,-0.003298550721416772
2007-07-09,1531.849975585938,4.97,5.16,2.93,0.0009209018855552464,-2.000000000000046,-3.000000000000025,3.000000000000025,-0.0009209018855552464
2007-07-10,1510.119995117188,4.85,5.03,3.12,-0.0142870247254699,-12.00000000000001,-12.99999999999999,18.999999999999993,0.0142870247254699
2007-07-11,1518.760009765625,4.89,5.09,3.16,0.005705104242657279,4.0000000000000036,5.999999999999961,4.0000000000000036,-0.005705104242657279
2007-07-12,1547.699951171875,4.94,5.13,3.08,0.018875707510562435,5.000000000000071,4.0000000000000036,-8.000000000000007,-0.018875707510562435
2007-07-13,1552.5,4.94,5.11,3.06,0.003096608437751028,0.0,-1.9999999999999574,-2.0000000000000018,-0.003096608437751028
2007-07-16,1549.52001953125,4.89,5.05,3.07,-0.0019213166689402512,-5.000000000000071,-6.00000000000005,0.9999999999999787,0.0019213166689402512
2007-07-17,1549.369995117188,4.91,5.08,3.05,-9.682461363269528e-05,2.000000000000046,3.000000000000025,-2.0000000000000018,9.682461363269528e-05
2007-07-18,1546.170043945312,4.84,5.02,3.2,-0.0020674598107701366,-7.000000000000028,-6.00000000000005,15.000000000000036,0.0020674598107701366
2007-07-19,1553.079956054688,4.87,5.04,3.2,0.004459094012306075,3.000000000000025,2.000000000000046,0.0,-0.004459094012306075
2007-07-20,1534.099975585938,4.79,4.96,3.37,-0.012296153790126368,-8.000000000000007,-8.000000000000007,16.999999999999993,0.012296153790126368
2007-07-23,1541.569946289062,4.8,4.97,3.44,0.004857468831633497,0.9999999999999787,0.9999999999999787,6.999999999999984,-0.004857468831633497
2007-07-24,1511.0400390625,4.77,4.94,3.61,-0.020003161459610456,-3.000000000000025,-2.999999999999936,16.999999999999993,0.020003161459610456
2007-07-25,1518.089965820312,4.74,4.92,3.71,0.004654761912206494,-2.999999999999936,-2.000000000000046,10.000000000000009,-0.004654761912206494
2007-07-26,1482.660034179688,4.56,4.79,4.13,-0.023615148318427384,-18.00000000000006,-12.99999999999999,41.99999999999999,0.023615148318427384
2007-07-27,1458.949951171875,4.56,4.8,4.28,-0.016120829482687764,0.0,0.9999999999999787,15.000000000000036,0.016120829482687764
2007-07-30,1473.910034179688,4.59,4.82,4.24,0.010201791310726379,3.000000000000025,2.000000000000046,-4.0000000000000036,-0.010201791310726379
2007-07-31,1455.27001953125,4.56,4.78,4.19,-0.012727292908788171,-3.000000000000025,-4.0000000000000036,-4.999999999999982,0.012727292908788171
2007-08-01,1465.81005859375,4.56,4.76,4.28,0.0072165668337128945,0.0,-2.000000000000046,8.999999999999986,-0.0072165668337128945
2007-08-02,1472.199951171875,4.59,4.77,4.18,0.00434981680259466,3.000000000000025,0.9999999999999787,-10.000000000000053,-0.00434981680259466
2007-08-03,1433.06005859375,4.46,4.71,4.24,-0.02694578841666203,-12.99999999999999,-5.999999999999961,6.00000000000005,0.02694578841666203
2007-08-06,1467.670043945312,4.46,4.72,4.28,0.02386408016486717,0.0,0.9999999999999787,4.0000000000000036,-0.02386408016486717
2007-08-07,1476.7099609375,4.56,4.77,4.2,0.006140474654544961,9.999999999999964,4.999999999999982,-8.000000000000007,-0.006140474654544961
2007-08-08,1497.489990234375,4.64,4.84,3.93,0.013973752789070894,8.000000000000007,7.000000000000028,-27.0,-0.013973752789070894
2007-08-09,1453.089965820312,4.49,4.79,4.04,-0.03009806670758118,-14.999999999999947,-4.999999999999982,10.999999999999988,0.03009806670758118
2007-08-10,1453.640014648438,4.47,4.81,4.12,0.00037846572498128586,-2.000000000000046,1.9999999999999574,8.000000000000007,-0.00037846572498128586
2007-08-13,1452.920043945312,4.46,4.78,4.08,-0.0004954108659977358,-0.9999999999999787,-2.999999999999936,-4.0000000000000036,0.0004954108659977358
2007-08-14,1426.5400390625,4.39,4.73,4.16,-0.01832339549898788,-7.000000000000028,-4.999999999999982,8.000000000000007,0.01832339549898788
2007-08-15,1406.699951171875,4.27,4.69,4.27,-0.014005458249531031,-12.00000000000001,-4.0000000000000036,10.999999999999943,0.014005458249531031
2007-08-16,1411.27001953125,4.08,4.6,4.59,0.0032435209838830546,-18.99999999999995,-9.000000000000075,32.00000000000003,-0.0032435209838830546
2007-08-17,1445.93994140625,4.18,4.68,4.48,0.024269566522519798,9.999999999999964,8.000000000000007,-10.999999999999943,-0.024269566522519798
2007-08-20,1445.550048828125,4.11,4.64,4.5,-0.00026968281529931475,-6.99999999999994,-4.0000000000000036,1.9999999999999574,0.00026968281529931475
2007-08-21,1447.119995117188,4.05,4.6,4.53,0.0010854652755825174,-6.00000000000005,-4.0000000000000036,3.000000000000025,-0.0010854652755825174
2007-08-22,1464.069946289062,4.15,4.63,4.42,0.01164482088057744,10.000000000000053,3.000000000000025,-11.000000000000032,-0.01164482088057744
2007-08-23,1462.5,4.2,4.62,4.34,-0.0010728917937870785,4.999999999999982,-0.9999999999999787,-8.000000000000007,0.0010728917937870785
2007-08-24,1479.369995117188,4.3,4.63,4.29,0.011469018050261737,9.999999999999964,0.9999999999999787,-4.999999999999982,-0.011469018050261737
2007-08-27,1466.7900390625,4.28,4.6,4.3,-0.008539951913098942,-1.9999999999999574,-3.000000000000025,0.9999999999999787,0.008539951913098942
2007-08-28,1432.359985351562,4.13,4.53,4.44,-0.023752942896166147,-15.000000000000036,-6.99999999999994,14.000000000000057,0.023752942896166147
2007-08-29,1463.760009765625,4.14,4.57,4.43,0.021685050980905025,0.9999999999999787,4.0000000000000036,-1.0000000000000675,-0.021685050980905025
2007-08-30,1457.640014648438,4.08,4.51,4.48,-0.0041897747783124824,-5.999999999999961,-6.00000000000005,5.000000000000071,0.0041897747783124824
2007-08-31,1473.989990234375,4.15,4.54,4.55,0.01115430329085303,7.000000000000028,3.000000000000025,6.99999999999994,-0.01115430329085303
2007-09-04,1489.420043945312,4.13,4.56,4.53,0.010413809077047741,-2.000000000000046,1.9999999999999574,-1.9999999999999574,-0.010413809077047741
2007-09-05,1472.2900390625,4.03,4.48,4.6,-0.011567773631410453,-9.999999999999964,-7.999999999999918,6.99999999999994,0.011567773631410453
2007-09-06,1478.550048828125,4.08,4.51,4.56,0.004242872517797467,4.999999999999982,2.999999999999936,-4.0000000000000036,-0.004242872517797467
2007-09-07,1453.550048828125,3.9,4.38,4.73,-0.017053037079487448,-18.000000000000014,-12.99999999999999,17.00000000000008,0.017053037079487448
2007-09-10,1451.699951171875,3.87,4.34,4.79,-0.0012736238921536895,-2.9999999999999805,-4.0000000000000036,5.999999999999961,0.0012736238921536895
2007-09-11,1471.489990234375,3.95,4.37,4.74,0.013540236395020916,8.000000000000007,3.000000000000025,-4.999999999999982,-0.013540236395020916
2007-09-12,1471.56005859375,3.95,4.41,4.69,4.761615210455319e-05,0.0,4.0000000000000036,-4.999999999999982,-4.761615210455319e-05
2007-09-13,1483.949951171875,4.08,4.49,4.57,0.00838431615381002,12.99999999999999,8.000000000000007,-12.00000000000001,-0.00838431615381002
2007-09-14,1484.25,4.05,4.47,4.58,0.00020217561760197238,-3.000000000000025,-2.000000000000046,0.9999999999999787,-0.00020217561760197238
2007-09-17,1476.650024414062,4.08,4.48,4.52,-0.005133568991712479,3.000000000000025,1.0000000000000675,-6.00000000000005,0.005133568991712479
2007-09-18,1519.780029296875,4.0,4.5,4.46,0.028789581640806788,-8.000000000000007,1.9999999999999574,-5.999999999999961,-0.028789581640806788
2007-09-19,1529.030029296875,4.0,4.53,4.3,0.006067959764234633,0.0,3.000000000000025,-16.000000000000014,-0.006067959764234633
2007-09-20,1518.75,4.1,4.69,4.21,-0.006745938475255174,9.999999999999964,16.000000000000014,-8.999999999999986,0.006745938475255174
2007-09-21,1525.75,4.06,4.64,4.16,0.004598464335745744,-4.0000000000000036,-5.000000000000071,-4.999999999999982,-0.004598464335745744
2007-09-24,1517.72998046875,4.05,4.63,4.1,-0.005270307770366357,-0.9999999999999787,-0.9999999999999787,-6.00000000000005,0.005270307770366357
2007-09-25,1517.2099609375,4.0,4.63,4.17,-0.0003426885186387916,-4.999999999999982,0.0,7.000000000000028,0.0003426885186387916
2007-09-26,1525.420043945312,3.97,4.63,4.14,0.005396714632314887,-2.9999999999999805,0.0,-3.000000000000025,-0.005396714632314887
2007-09-27,1531.380004882812,3.95,4.58,4.15,0.0038994820691835783,-2.0000000000000018,-4.999999999999982,1.0000000000000675,-0.0038994820691835783
2007-09-28,1526.75,3.97,4.59,4.16,-0.0030279997338533604,2.0000000000000018,0.9999999999999787,0.9999999999999787,0.0030279997338533604
2007-10-01,1547.0400390625,4.02,4.56,4.19,0.013202159881824788,4.999999999999938,-3.000000000000025,3.000000000000025,-0.013202159881824788
2007-10-02,1546.630004882812,3.98,4.54,4.2,-0.00026507945337707047,-3.999999999999959,-1.9999999999999574,0.9999999999999787,0.00026507945337707047
2007-10-03,1539.589965820312,4.02,4.55,4.16,-0.004562248537264931,3.999999999999959,0.9999999999999787,-4.0000000000000036,0.004562248537264931
2007-10-04,1542.839965820312,4.0,4.54,4.15,0.0021087267359828203,-1.9999999999999574,-0.9999999999999787,-0.9999999999999787,-0.0021087267359828203
2007-10-05,1557.589965820312,4.08,4.65,4.02,0.009514881229474793,8.000000000000007,11.000000000000032,-13.000000000000078,-0.009514881229474793
2007-10-08,1552.579956054688,4.08,4.65,4.02,-0.003221697993905793,0.0,0.0,0.0,0.003221697993905793
2007-10-09,1565.150024414062,4.15,4.67,3.95,0.008063646659190194,7.000000000000028,1.9999999999999574,-6.99999999999994,-0.008063646659190194
2007-10-10,1562.469970703125,4.15,4.65,3.91,-0.001713797949295205,0.0,-1.9999999999999574,-4.0000000000000036,0.001713797949295205
2007-10-11,1554.410034179688,4.13,4.66,3.86,-0.005171809293999203,-2.000000000000046,0.9999999999999787,-5.000000000000027,0.005171809293999203
2007-10-12,1561.800048828125,4.23,4.7,3.83,0.004742959110705587,10.000000000000053,4.0000000000000036,-2.9999999999999805,-0.004742959110705587
2007-10-15,1548.7099609375,4.22,4.69,3.81,-0.008416732385427676,-1.0000000000000675,-0.9999999999999787,-2.0000000000000018,0.008416732385427676
2007-10-16,1538.530029296875,4.12,4.66,3.91,-0.006594866980535926,-9.999999999999964,-3.000000000000025,10.000000000000009,0.006594866980535926
2007-10-17,1541.239990234375,4.0,4.57,4.07,0.001759846754610529,-12.00000000000001,-8.999999999999986,16.000000000000014,-0.001759846754610529
2007-10-18,1540.079956054688,3.93,4.52,4.2,-0.0007529463052928495,-6.999999999999984,-5.000000000000071,12.99999999999999,0.0007529463052928495
2007-10-19,1500.630004882812,3.8,4.41,4.36,-0.025949311407103503,-13.000000000000034,-10.999999999999943,16.000000000000014,0.025949311407103503
2007-10-22,1506.329956054688,3.85,4.42,4.39,0.003791176519173146,5.000000000000027,0.9999999999999787,2.999999999999936,-0.003791176519173146
2007-10-23,1519.589965820312,3.81,4.41,4.34,0.008764339431983268,-4.0000000000000036,-0.9999999999999787,-4.999999999999982,-0.008764339431983268
2007-10-24,1515.880004882812,3.74,4.36,4.42,-0.002444407502362128,-6.999999999999984,-4.999999999999982,8.000000000000007,0.002444407502362128
2007-10-25,1514.400024414062,3.74,4.37,4.4,-0.0009767946012353228,0.0,0.9999999999999787,-1.9999999999999574,0.0009767946012353228
2007-10-26,1535.280029296875,3.77,4.41,4.39,0.013693456876032926,2.9999999999999805,4.0000000000000036,-1.0000000000000675,-0.013693456876032926
2007-10-29,1540.97998046875,3.79,4.39,4.38,0.0037057710835717533,2.0000000000000018,-2.000000000000046,-0.9999999999999787,-0.0037057710835717533
2007-10-30,1531.02001953125,3.82,4.4,4.38,-0.006484372289334848,2.9999999999999805,1.0000000000000675,0.0,0.006484372289334848
2007-10-31,1549.380004882812,3.94,4.48,4.36,0.011920661356754778,12.00000000000001,8.000000000000007,-1.9999999999999574,-0.011920661356754778
2007-11-01,1508.43994140625,3.77,4.36,4.53,-0.02677888868980867,-16.999999999999993,-12.00000000000001,16.999999999999993,0.02677888868980867
2007-11-02,1509.650024414062,3.66,4.31,4.65,0.0008018866808866238,-10.999999999999988,-5.000000000000071,12.00000000000001,-0.0008018866808866238
2007-11-05,1502.170043945312,3.69,4.35,4.69,-0.004967093437071673,2.9999999999999805,4.0000000000000036,4.0000000000000036,0.004967093437071673
2007-11-06,1520.27001953125,3.7,4.38,4.66,0.01197720489445196,1.000000000000023,3.000000000000025,-3.000000000000025,-0.01197720489445196
2007-11-07,1475.619995117188,3.61,4.34,4.76,-0.029809726361574387,-9.00000000000003,-4.0000000000000036,9.999999999999964,0.029809726361574387
2007-11-08,1474.77001953125,3.47,4.28,4.91,-0.0005761784748678023,-13.999999999999968,-5.999999999999961,15.000000000000036,0.0005761784748678023
2007-11-09,1453.699951171875,3.42,4.23,5.02,-0.014390061812011598,-5.000000000000027,-4.999999999999982,10.999999999999943,0.014390061812011598
2007-11-12,1439.180053710938,3.42,4.23,5.02,-0.010038452592368175,0.0,0.0,0.0,0.010038452592368175
2007-11-13,1481.050048828125,3.54,4.26,5.07,0.028677784387761043,12.00000000000001,2.999999999999936,5.000000000000071,-0.028677784387761043
2007-11-14,1470.579956054688,3.57,4.28,5.04,-0.0070944777433502625,2.9999999999999805,2.000000000000046,-3.000000000000025,0.0070944777433502625
2007-11-15,1451.150024414062,3.35,4.17,5.25,-0.01330048854897274,-21.999999999999975,-11.000000000000032,20.999999999999996,0.01330048854897274
2007-11-16,1458.739990234375,3.33,4.15,5.37,0.005216680351984999,-2.0000000000000018,-1.9999999999999574,12.00000000000001,-0.005216680351984999
2007-11-19,1433.27001953125,3.18,4.07,5.61,-0.017614482080618145,-14.999999999999991,-8.000000000000007,24.00000000000002,0.017614482080618145
2007-11-20,1439.699951171875,3.14,4.06,5.71,0.004476163998967163,-4.0000000000000036,-1.0000000000000675,9.999999999999964,-0.004476163998967163
2007-11-21,1416.77001953125,2.99,4.0,5.87,-0.01605507806431886,-14.999999999999991,-5.999999999999961,16.000000000000014,0.01605507806431886
2007-11-23,1440.699951171875,3.07,4.01,5.8,0.016749426122977584,7.999999999999963,0.9999999999999787,-7.000000000000028,-0.016749426122977584
2007-11-26,1407.219970703125,2.92,3.83,5.92,-0.023512966551297514,-14.999999999999991,-17.99999999999997,12.00000000000001,0.023512966551297514
2007-11-27,1428.22998046875,3.05,3.95,5.88,0.014819795556490158,12.99999999999999,12.00000000000001,-4.0000000000000036,-0.014819795556490158
2007-11-28,1469.02001953125,3.17,4.03,5.73,0.028159623399831912,12.00000000000001,8.000000000000007,-14.999999999999947,-0.028159623399831912
2007-11-29,1469.719970703125,3.06,3.94,5.73,0.0004763614252619821,-10.999999999999988,-9.00000000000003,0.0,-0.0004763614252619821
2007-11-30,1481.140014648438,3.04,3.97,5.75,0.00774018490674339,-2.0000000000000018,3.000000000000025,1.9999999999999574,-0.00774018490674339
2007-12-03,1472.420043945312,2.9,3.89,5.82,-0.005904735888844192,-14.000000000000012,-8.000000000000007,7.000000000000028,0.005904735888844192
2007-12-04,1462.7900390625,2.9,3.89,5.89,-0.00656173777224127,0.0,0.0,6.99999999999994,0.00656173777224127
2007-12-05,1485.010009765625,2.9,3.92,5.86,0.015075915045568595,0.0,2.9999999999999805,-2.999999999999936,-0.015075915045568595
2007-12-06,1507.339965820312,3.03,4.02,5.78,0.014924972509290165,12.99999999999999,9.999999999999964,-8.000000000000007,-0.014924972509290165
2007-12-07,1504.660034179688,3.12,4.12,5.63,-0.0017795035510097122,9.00000000000003,10.000000000000053,-15.000000000000036,0.0017795035510097122
2007-12-10,1515.9599609375,3.17,4.15,5.55,0.007481894107170336,4.999999999999982,3.000000000000025,-8.000000000000007,-0.007481894107170336
2007-12-11,1477.650024414062,2.94,3.98,5.68,-0.0255958713704254,-23.0,-17.000000000000036,12.99999999999999,0.0255958713704254
2007-12-12,1486.589965820312,3.07,4.05,5.61,0.006031879025493236,12.99999999999999,6.999999999999984,-6.99999999999994,-0.006031879025493236
2007-12-13,1488.410034179688,3.21,4.18,5.58,0.001223575520302746,14.000000000000012,12.99999999999999,-3.000000000000025,-0.001223575520302746
2007-12-14,1467.949951171875,3.31,4.24,5.54,-0.013841622651711431,10.000000000000009,6.00000000000005,-4.0000000000000036,0.013841622651711431
2007-12-17,1445.900024414062,3.24,4.2,5.58,-0.015134854466996191,-6.999999999999984,-4.0000000000000036,4.0000000000000036,0.015134854466996191
2007-12-18,1454.97998046875,3.19,4.14,5.66,0.006260159463819848,-5.000000000000027,-6.00000000000005,8.000000000000007,-0.006260159463819848
2007-12-19,1453.0,3.12,4.06,5.71,-0.0013617568126454338,-6.999999999999984,-8.000000000000007,4.999999999999982,0.0013617568126454338
2007-12-20,1460.119995117188,3.09,4.04,5.79,0.004888236191244788,-3.000000000000025,-1.9999999999999574,8.000000000000007,-0.004888236191244788
2007-12-21,1484.4599609375,3.19,4.18,5.68,0.016532422665617944,10.000000000000009,13.999999999999968,-11.000000000000032,-0.016532422665617944
2007-12-24,1496.449951171875,3.24,4.23,5.65,0.008044560385114575,5.000000000000027,5.000000000000071,-2.999999999999936,-0.008044560385114575
2007-12-26,1497.660034179688,3.31,4.3,5.59,0.0008083090331475195,6.999999999999984,6.99999999999994,-6.00000000000005,-0.0008083090331475195
2007-12-27,1476.27001953125,3.24,4.21,5.64,-0.01438526335466,-6.999999999999984,-8.999999999999986,4.999999999999982,0.01438526335466
2007-12-28,1478.489990234375,3.12,4.11,5.73,0.0015026405620078627,-12.00000000000001,-9.999999999999964,9.000000000000075,-0.0015026405620078627
2007-12-31,1468.359985351562,3.05,4.04,5.92,-0.006875168311074515,-7.000000000000028,-7.000000000000028,18.99999999999995,0.006875168311074515
2008-01-02,1447.160034179688,2.88,3.91,6.1,-0.01454308300399647,-16.999999999999993,-12.99999999999999,17.99999999999997,0.01454308300399647
2008-01-03,1447.160034179688,2.83,3.91,6.17,0.0,-4.999999999999982,0.0,7.000000000000028,-0.0
2008-01-04,1411.630004882812,2.74,3.88,6.36,-0.024857970223955955,-8.999999999999986,-3.000000000000025,19.00000000000004,0.024857970223955955
2008-01-07,1416.180053710938,2.76,3.86,6.45,0.0032180752317453,1.9999999999999574,-2.0000000000000018,8.999999999999986,-0.0032180752317453
2008-01-08,1390.18994140625,2.76,3.86,6.51,-0.018522757462586675,0.0,0.0,5.999999999999961,0.018522757462586675
2008-01-09,1409.130004882812,2.69,3.82,6.73,0.013532109841888705,-6.999999999999984,-4.0000000000000036,22.000000000000064,-0.013532109841888705
2008-01-10,1420.329956054688,2.71,3.91,6.63,0.007916711897126626,2.0000000000000018,9.00000000000003,-10.000000000000053,-0.007916711897126626
2008-01-11,1401.02001953125,2.59,3.82,6.68,-0.013688651328566576,-12.00000000000001,-9.00000000000003,4.999999999999982,0.013688651328566576
2008-01-14,1416.25,2.58,3.81,6.66,0.010811976648879808,-0.9999999999999787,-0.9999999999999787,-1.9999999999999574,-0.010811976648879808
2008-01-15,1380.949951171875,2.53,3.72,6.74,-0.025240900594804327,-5.000000000000027,-8.999999999999986,8.000000000000007,0.025240900594804327
2008-01-16,1373.199951171875,2.51,3.74,6.83,-0.005627885721787485,-2.0000000000000018,2.0000000000000018,8.999999999999986,0.005627885721787485
2008-01-17,1333.25,2.44,3.66,6.99,-0.02952417654491263,-6.999999999999984,-8.000000000000007,16.000000000000014,0.02952417654491263
2008-01-18,1325.18994140625,2.36,3.66,7.04,-0.006063769329588801,-8.000000000000007,0.0,4.999999999999982,0.006063769329588801
2008-01-22,1310.5,2.08,3.52,7.39,-0.011147057387661741,-27.99999999999998,-14.000000000000012,34.999999999999964,0.011147057387661741
2008-01-23,1338.599975585938,2.09,3.51,7.48,0.021215529664576228,0.9999999999999787,-1.000000000000023,9.000000000000075,-0.021215529664576228
2008-01-24,1352.069946289062,2.25,3.68,7.12,0.01001243825754542,16.000000000000014,17.000000000000036,-36.00000000000003,-0.01001243825754542
2008-01-25,1330.609985351562,2.23,3.61,6.99,-0.01599923900826646,-2.0000000000000018,-7.000000000000028,-12.99999999999999,0.01599923900826646
2008-01-28,1353.9599609375,2.2,3.61,7.03,0.017396130410481672,-2.9999999999999805,0.0,4.0000000000000036,-0.017396130410481672
2008-01-29,1362.300048828125,2.29,3.69,6.85,0.006140880526633927,8.999999999999986,8.000000000000007,-18.00000000000006,-0.006140880526633927
2008-01-30,1355.81005859375,2.3,3.78,6.78,-0.004775378708849709,0.9999999999999787,8.999999999999986,-6.99999999999994,0.004775378708849709
2008-01-31,1378.550048828125,2.17,3.67,6.95,0.016633152629790867,-12.99999999999999,-10.999999999999988,16.999999999999993,-0.016633152629790867
2008-02-01,1395.420043945312,2.09,3.62,6.96,0.012163219167380257,-8.000000000000007,-4.999999999999982,0.9999999999999787,-0.012163219167380257
2008-02-04,1380.819946289062,2.08,3.68,6.92,-0.01051799001944954,-0.9999999999999787,6.000000000000005,-4.0000000000000036,0.01051799001944954
2008-02-05,1336.640014648438,1.93,3.61,7.06,-0.032518473415343446,-15.000000000000014,-7.000000000000028,13.999999999999968,0.032518473415343446
2008-02-06,1326.449951171875,1.96,3.61,7.09,-0.007652849389238262,3.0000000000000027,0.0,3.000000000000025,0.007652849389238262
2008-02-07,1336.910034179688,1.99,3.74,7.1,0.007854842639588393,3.0000000000000027,13.000000000000034,0.9999999999999787,-0.007854842639588393
2008-02-08,1331.2900390625,1.93,3.64,7.25,-0.004212580221777763,-6.000000000000005,-10.000000000000009,15.000000000000036,0.004212580221777763
2008-02-11,1339.130004882812,1.93,3.62,7.37,0.005871726706863213,0.0,-2.0000000000000018,12.00000000000001,-0.005871726706863213
2008-02-12,1348.859985351562,1.94,3.66,7.37,0.007239627380711977,1.0000000000000009,4.0000000000000036,0.0,-0.007239627380711977
2008-02-13,1367.2099609375,1.91,3.7,7.38,0.013512358038407389,-3.0000000000000027,4.0000000000000036,0.9999999999999787,-0.013512358038407389
2008-02-14,1348.859985351562,1.93,3.85,7.25,-0.013512358038407366,2.0000000000000018,14.999999999999991,-12.99999999999999,0.013512358038407366
2008-02-15,1349.989990234375,1.91,3.76,7.3,0.0008373973796752505,-2.0000000000000018,-9.00000000000003,4.999999999999982,-0.0008373973796752505
2008-02-19,1348.780029296875,2.06,3.89,7.25,-0.0008966759003646298,15.000000000000014,13.000000000000034,-4.999999999999982,0.0008966759003646298
2008-02-20,1360.030029296875,2.14,3.93,7.25,0.00830627798826117,8.000000000000007,4.0000000000000036,0.0,-0.00830627798826117
2008-02-21,1342.530029296875,1.98,3.77,7.35,-0.01295086452748304,-16.000000000000014,-16.000000000000014,9.999999999999964,0.01295086452748304
2008-02-22,1353.109985351562,1.98,3.79,7.35,0.007849720529112428,0.0,2.0000000000000018,0.0,-0.007849720529112428
2008-02-25,1371.800048828125,2.13,3.91,7.21,0.013718145806112724,14.999999999999991,12.00000000000001,-13.999999999999968,-0.013718145806112724
2008-02-26,1381.2900390625,2.04,3.88,7.17,0.006894091743071527,-8.999999999999986,-3.000000000000025,-4.0000000000000036,-0.006894091743071527
2008-02-27,1380.02001953125,2.01,3.85,7.18,-0.0009198674497638418,-3.000000000000025,-2.9999999999999805,0.9999999999999787,0.0009198674497638418
2008-02-28,1367.680053710938,1.87,3.71,7.37,-0.008982092990433921,-13.999999999999968,-14.000000000000012,19.00000000000004,0.008982092990433921
2008-02-29,1330.630004882812,1.65,3.53,7.67,-0.02746339501937077,-22.00000000000002,-18.000000000000014,29.999999999999982,0.02746339501937077
2008-03-03,1331.339965820312,1.61,3.54,7.75,0.0005334101903081006,-3.9999999999999813,1.000000000000023,8.000000000000007,-0.0005334101903081006
2008-03-04,1326.75,1.65,3.63,7.76,-0.0034535854252282124,3.9999999999999813,8.999999999999986,0.9999999999999787,0.0034535854252282124
2008-03-05,1333.699951171875,1.66,3.7,7.68,0.005224655309318044,1.0000000000000009,7.000000000000028,-8.000000000000007,-0.005224655309318044
2008-03-06,1304.339965820312,1.53,3.62,7.79,-0.02225985852476476,-12.99999999999999,-8.000000000000007,11.000000000000032,0.02225985852476476
2008-03-07,1293.369995117188,1.53,3.56,7.92,-0.008445928205015746,0.0,-6.000000000000005,12.99999999999999,0.008445928205015746
2008-03-10,1273.369995117188,1.47,3.46,8.08,-0.015584285792662654,-6.000000000000005,-10.000000000000009,16.000000000000014,0.015584285792662654
2008-03-11,1320.650024414062,1.74,3.6,7.95,0.03645713261332891,27.0,14.000000000000012,-12.99999999999999,-0.03645713261332891
2008-03-12,1308.77001953125,1.63,3.49,8.13,-0.009036278359461478,-11.00000000000001,-10.999999999999988,18.00000000000006,0.009036278359461478
2008-03-13,1315.47998046875,1.63,3.56,8.27,0.005113823424050402,0.0,6.999999999999984,13.99999999999988,-0.005113823424050402
2008-03-14,1288.140014648438,1.47,3.44,8.38,-0.021002274391494217,-15.999999999999993,-12.00000000000001,11.00000000000012,0.021002274391494217
2008-03-17,1276.599975585938,1.35,3.34,8.62,-0.008999054083631237,-11.99999999999999,-10.000000000000009,23.999999999999844,0.008999054083631237
2008-03-18,1330.739990234375,1.58,3.48,8.39,0.04153489642900927,23.0,14.000000000000012,-22.999999999999865,-0.04153489642900927
2008-03-19,1298.420043945312,1.54,3.38,8.37,-0.024586996626083945,-4.0000000000000036,-10.000000000000009,-2.000000000000135,0.024586996626083945
2008-03-20,1329.510009765625,1.59,3.34,8.4,0.02366228612414227,5.000000000000004,-4.0000000000000036,3.0000000000001137,-0.02366228612414227
2008-03-24,1349.880004882812,1.84,3.56,8.07,0.015205242585214683,25.0,22.00000000000002,-33.00000000000001,-0.015205242585214683
2008-03-25,1352.989990234375,1.79,3.51,7.97,0.002301247732709488,-5.000000000000004,-5.000000000000027,-10.000000000000053,-0.002301247732709488
2008-03-26,1341.130004882812,1.71,3.51,7.99,-0.00880440513862999,-8.000000000000007,0.0,2.000000000000046,0.00880440513862999
2008-03-27,1325.760009765625,1.73,3.56,7.94,-0.011526658548938688,2.0000000000000018,5.000000000000027,-4.999999999999982,0.011526658548938688
2008-03-28,1315.219970703125,1.67,3.47,7.99,-0.00798195753141577,-6.000000000000005,-8.999999999999986,4.999999999999982,0.00798195753141577
2008-03-31,1322.699951171875,1.62,3.45,8.21,0.00567113539282709,-4.999999999999982,-2.0000000000000018,22.000000000000064,-0.00567113539282709
2008-04-01,1370.180053710938,1.8,3.57,8.02,0.035267092136393785,17.999999999999993,11.999999999999966,-19.000000000000128,-0.035267092136393785
2008-04-02,1367.530029296875,1.88,3.6,7.86,-0.0019359429314113699,7.999999999999985,3.000000000000025,-15.999999999999925,0.0019359429314113699
2008-04-03,1369.31005859375,1.91,3.61,7.78,0.001300791782277431,3.0000000000000027,0.9999999999999787,-8.000000000000007,-0.001300791782277431
2008-04-04,1370.400024414062,1.83,3.5,7.76,0.0007956797214256981,-7.999999999999985,-10.999999999999988,-2.000000000000046,-0.0007956797214256981
2008-04-07,1372.5400390625,1.95,3.57,7.54,0.0015603804918232127,11.99999999999999,6.999999999999984,-21.999999999999975,-0.0015603804918232127
2008-04-08,1365.5400390625,1.87,3.58,7.58,-0.005113082927238636,-7.999999999999985,1.000000000000023,4.0000000000000036,0.005113082927238636
2008-04-09,1354.489990234375,1.77,3.49,7.71,-0.008124990899776953,-10.000000000000009,-8.999999999999986,12.99999999999999,0.008124990899776953
2008-04-10,1360.550048828125,1.84,3.55,7.7,0.004464073140925598,7.000000000000006,5.999999999999961,-0.9999999999999787,-0.004464073140925598
2008-04-11,1332.829956054688,1.76,3.49,7.76,-0.02058459743950035,-8.000000000000007,-5.999999999999961,5.999999999999961,0.02058459743950035
2008-04-14,1328.319946289062,1.78,3.53,7.74,-0.0033895227619914698,2.0000000000000018,3.999999999999959,-1.9999999999999574,0.0033895227619914698
2008-04-15,1334.430053710938,1.84,3.6,7.65,0.004589329186817835,6.000000000000005,7.000000000000028,-8.999999999999986,-0.004589329186817835
2008-04-16,1364.7099609375,1.98,3.72,7.46,0.022437648595463888,13.99999999999999,12.00000000000001,-19.00000000000004,-0.022437648595463888
2008-04-17,1365.56005859375,2.13,3.75,7.36,0.0006227205936699851,14.999999999999991,2.9999999999999805,-9.999999999999964,-0.0006227205936699851
2008-04-18,1390.329956054688,2.19,3.77,7.15,0.017976453606154394,6.000000000000005,2.0000000000000018,-20.999999999999996,-0.017976453606154394
2008-04-21,1388.170043945312,2.2,3.75,7.13,-0.0015547328014778247,1.000000000000023,-2.0000000000000018,-2.000000000000046,0.0015547328014778247
2008-04-22,1375.93994140625,2.24,3.74,7.07,-0.008849273303170861,4.0000000000000036,-0.9999999999999787,-5.999999999999961,0.008849273303170861
2008-04-23,1379.930053710938,2.22,3.77,7.05,0.0028957208430836325,-2.0000000000000018,2.9999999999999805,-2.000000000000046,-0.0028957208430836325
2008-04-24,1388.819946289062,2.41,3.87,6.92,0.006421614900283811,18.999999999999993,10.000000000000009,-12.99999999999999,-0.006421614900283811
2008-04-25,1397.839965820312,2.44,3.91,6.84,0.006473736528735971,2.9999999999999805,4.0000000000000036,-8.000000000000007,-0.006473736528735971
2008-04-28,1396.369995117188,2.36,3.86,6.85,-0.0010521548912089077,-8.000000000000007,-5.000000000000027,0.9999999999999787,0.0010521548912089077
2008-04-29,1390.93994140625,2.35,3.85,6.86,-0.003896273255606954,-0.9999999999999787,-0.9999999999999787,1.0000000000000675,0.003896273255606954
2008-04-30,1385.589965820312,2.29,3.77,6.86,-0.003853718408087222,-6.000000000000005,-8.000000000000007,0.0,0.003853718408087222
2008-05-01,1409.339965820312,2.37,3.78,6.81,0.016995468403442283,8.000000000000007,0.9999999999999787,-5.000000000000071,-0.016995468403442283
2008-05-02,1413.900024414062,2.47,3.89,6.64,0.003230375437438833,10.000000000000009,11.000000000000032,-16.999999999999993,-0.003230375437438833
2008-05-05,1407.489990234375,2.42,3.88,6.65,-0.004543891610429267,-5.000000000000027,-1.000000000000023,1.0000000000000675,0.004543891610429267
2008-05-06,1418.260009765625,2.38,3.93,6.7,0.007622805755977705,-4.0000000000000036,5.000000000000027,4.999999999999982,-0.007622805755977705
2008-05-07,1392.569946289062,2.31,3.87,6.72,-0.018279852742370827,-6.999999999999984,-6.000000000000005,1.9999999999999574,0.018279852742370827
2008-05-08,1397.680053710938,2.25,3.79,6.83,0.0036628353266762764,-6.000000000000005,-8.000000000000007,11.000000000000032,-0.0036628353266762764
2008-05-09,1388.280029296875,2.25,3.77,6.9,-0.006748165663026663,0.0,-2.0000000000000018,7.000000000000028,0.006748165663026663
2008-05-12,1403.579956054688,2.3,3.78,6.9,0.010960492292485238,4.999999999999982,0.9999999999999787,0.0,-0.010960492292485238
2008-05-13,1403.0400390625,2.47,3.9,6.76,-0.0003847453519091381,17.000000000000036,12.00000000000001,-14.000000000000057,0.0003847453519091381
2008-05-14,1408.660034179688,2.53,3.92,6.65,0.003997583280623912,5.999999999999961,2.0000000000000018,-10.999999999999943,-0.003997583280623912
2008-05-15,1423.569946289062,2.45,3.83,6.69,0.01052884119603687,-7.999999999999963,-8.999999999999986,4.0000000000000036,-0.01052884119603687
2008-05-16,1425.349975585938,2.47,3.85,6.63,0.00124961710214519,2.0000000000000018,2.0000000000000018,-6.00000000000005,-0.00124961710214519
2008-05-19,1426.630004882812,2.42,3.83,6.6,0.000897642614317135,-5.000000000000027,-2.0000000000000018,-3.000000000000025,-0.000897642614317135
2008-05-20,1413.400024414062,2.34,3.78,6.68,-0.009316856535458926,-8.000000000000007,-5.000000000000027,8.000000000000007,0.009316856535458926
2008-05-21,1390.7099609375,2.41,3.81,6.64,-0.016183786536070884,7.000000000000028,3.000000000000025,-4.0000000000000036,0.016183786536070884
2008-05-22,1394.349975585938,2.56,3.92,6.59,0.0026139593430803357,14.999999999999991,10.999999999999988,-4.999999999999982,-0.0026139593430803357
2008-05-23,1375.930053710938,2.46,3.85,6.7,-0.013298434194715,-10.000000000000009,-6.999999999999984,11.000000000000032,0.013298434194715
2008-05-27,1385.349975585938,2.55,3.93,6.72,0.006822892512121779,8.999999999999986,8.000000000000007,1.9999999999999574,-0.006822892512121779
2008-05-28,1390.839965820312,2.62,4.03,6.61,0.003955058916479004,7.000000000000028,10.000000000000009,-10.999999999999943,-0.003955058916479004
2008-05-29,1398.260009765625,2.67,4.08,6.55,0.005320756886204293,4.999999999999982,4.999999999999982,-6.00000000000005,-0.005320756886204293
2008-05-30,1400.380004882812,2.66,4.06,6.57,0.001515018374345568,-0.9999999999999787,-2.000000000000046,2.000000000000046,-0.001515018374345568
2008-06-02,1385.670043945312,2.51,3.98,6.67,-0.010559822954777745,-15.000000000000036,-7.999999999999963,9.999999999999964,0.010559822954777745
2008-06-03,1377.650024414062,2.45,3.92,6.78,-0.005804642134554054,-5.999999999999961,-6.000000000000005,11.000000000000032,0.005804642134554054
2008-06-04,1377.199951171875,2.47,3.98,6.79,-0.0003267497324210895,2.0000000000000018,6.000000000000005,0.9999999999999787,0.0003267497324210895
2008-06-05,1404.050048828125,2.52,4.06,6.63,0.019308535254153512,4.999999999999982,7.999999999999963,-16.000000000000014,-0.019308535254153512
2008-06-06,1360.680053710938,2.4,3.94,6.68,-0.031376338018537446,-12.00000000000001,-11.999999999999966,4.999999999999982,0.031376338018537446
2008-06-09,1361.760009765625,2.73,4.02,6.58,0.0007933736546289691,33.00000000000001,7.999999999999963,-9.999999999999964,-0.0007933736546289691
2008-06-10,1358.43994140625,2.91,4.11,6.49,-0.0024410485020095888,18.000000000000014,9.000000000000075,-8.999999999999986,0.0024410485020095888
2008-06-11,1335.489990234375,2.83,4.1,6.56,-0.017038681020649288,-8.000000000000007,-1.0000000000000675,6.99999999999994,0.017038681020649288
2008-06-12,1339.869995117188,3.03,4.23,6.43,0.0032743322917704104,19.99999999999997,13.000000000000078,-12.99999999999999,-0.0032743322917704104
2008-06-13,1360.030029296875,3.05,4.27,6.39,0.01493418918259077,2.0000000000000018,3.9999999999999147,-4.0000000000000036,-0.01493418918259077
2008-06-16,1360.140014648438,3.02,4.25,6.37,8.08665266112861e-05,-2.9999999999999805,-1.9999999999999574,-1.9999999999999574,-8.08665266112861e-05
2008-06-17,1350.930053710938,2.94,4.23,6.4,-0.006794362473468583,-8.000000000000007,-1.9999999999999574,3.000000000000025,0.006794362473468583
2008-06-18,1337.81005859375,2.89,4.16,6.53,-0.009759291491305045,-4.999999999999982,-7.000000000000028,12.99999999999999,0.009759291491305045
2008-06-19,1342.829956054688,2.99,4.22,6.53,0.0037453020931325722,10.000000000000009,5.999999999999961,0.0,-0.0037453020931325722
2008-06-20,1317.930053710938,2.88,4.16,6.7,-0.018716929874510457,-11.000000000000032,-5.999999999999961,16.999999999999993,0.018716929874510457
2008-06-23,1318.0,2.98,4.19,6.76,5.30714303134951e-05,10.000000000000009,3.000000000000025,5.999999999999961,-5.30714303134951e-05
2008-06-24,1314.2900390625,2.87,4.1,7.01,-0.0028188104950155795,-10.999999999999988,-9.000000000000075,25.0,0.0028188104950155795
2008-06-25,1321.969970703125,2.82,4.12,7.02,0.005826400535617632,-5.000000000000027,2.000000000000046,0.9999999999999787,-0.005826400535617632
2008-06-26,1283.150024414062,2.68,4.07,7.27,-0.029805014810582776,-13.999999999999968,-4.999999999999982,25.0,0.029805014810582776
2008-06-27,1278.380004882812,2.65,3.99,7.41,-0.003724356139002652,-3.000000000000025,-8.000000000000007,14.000000000000057,0.003724356139002652
2008-06-30,1280.0,2.63,3.99,7.35,0.001266422760193669,-2.0000000000000018,0.0,-6.00000000000005,-0.001266422760193669
2008-07-01,1284.910034179688,2.63,4.01,7.48,0.0038286256531540686,0.0,1.9999999999999574,13.000000000000078,-0.0038286256531540686
2008-07-02,1261.52001953125,2.6,3.99,7.53,-0.01837134498717074,-2.9999999999999805,-1.9999999999999574,4.999999999999982,0.01837134498717074
2008-07-03,1262.900024414062,2.54,3.99,7.63,0.0010933244042239118,-6.000000000000005,0.0,9.999999999999964,-0.0010933244042239118
2008-07-07,1252.31005859375,2.47,3.95,7.76,-0.008420790350197061,-6.999999999999984,-4.0000000000000036,12.99999999999999,0.008420790350197061
2008-07-08,1273.699951171875,2.47,3.91,7.87,0.016936119626383927,0.0,-4.0000000000000036,11.000000000000032,-0.016936119626383927
2008-07-09,1244.68994140625,2.41,3.85,7.82,-0.023039556424807296,-6.000000000000005,-6.000000000000005,-4.999999999999982,0.023039556424807296
2008-07-10,1253.390014648438,2.44,3.83,7.9,0.006965436311526875,2.9999999999999805,-2.0000000000000018,8.000000000000007,-0.006965436311526875
2008-07-11,1239.489990234375,2.59,3.96,7.88,-0.011151895352082428,14.999999999999991,12.99999999999999,-2.000000000000046,0.011151895352082428
2008-07-14,1228.300048828125,2.47,3.9,7.89,-0.00906885749704109,-11.999999999999966,-6.000000000000005,0.9999999999999787,0.00906885749704109
2008-07-15,1214.910034179688,2.39,3.87,8.06,-0.01096111120718411,-8.000000000000007,-2.9999999999999805,17.00000000000008,0.01096111120718411
2008-07-16,1245.359985351562,2.44,3.97,8.01,0.024754604874712403,4.999999999999982,10.000000000000009,-5.000000000000071,-0.024754604874712403
2008-07-17,1260.319946289062,2.58,4.07,7.79,0.011940981372926736,14.000000000000012,10.000000000000009,-21.999999999999975,-0.011940981372926736
2008-07-18,1260.680053710938,2.66,4.11,7.67,0.00028568617558510576,8.000000000000007,4.0000000000000036,-12.00000000000001,-0.00028568617558510576
2008-07-21,1260.0,2.66,4.09,7.58,-0.0005395795681696146,0.0,-2.000000000000046,-8.999999999999986,0.0005395795681696146
2008-07-22,1277.0,2.74,4.14,7.6,0.013401856087015563,8.000000000000007,4.999999999999982,1.9999999999999574,-0.013401856087015563
2008-07-23,1282.18994140625,2.81,4.16,7.46,0.004055930696717993,6.999999999999984,2.000000000000046,-13.999999999999968,-0.004055930696717993
2008-07-24,1252.5400390625,2.61,4.03,7.64,-0.02339598696581199,-20.000000000000018,-12.99999999999999,17.99999999999997,0.02339598696581199
2008-07-25,1257.760009765625,2.7,4.13,7.6,0.004158848046300204,9.00000000000003,9.999999999999964,-4.0000000000000036,-0.004158848046300204
2008-07-28,1234.369995117188,2.59,4.06,7.79,-0.01877165431708597,-11.000000000000032,-7.000000000000028,19.00000000000004,0.01877165431708597
2008-07-29,1263.199951171875,2.65,4.09,7.82,0.023087430794461586,6.000000000000005,3.000000000000025,3.000000000000025,-0.023087430794461586
2008-07-30,1284.260009765625,2.64,4.07,7.81,0.016534539279929733,-0.9999999999999787,-1.9999999999999574,-1.0000000000000675,-0.016534539279929733
2008-07-31,1267.380004882812,2.52,3.99,8.0,-0.013230903287162376,-12.00000000000001,-8.000000000000007,19.00000000000004,0.013230903287162376
2008-08-01,1260.31005859375,2.51,3.97,8.13,-0.005594012357642981,-1.000000000000023,-2.0000000000000018,13.000000000000078,0.005594012357642981
2008-08-04,1249.010009765625,2.53,3.98,8.14,-0.009006523604902408,2.0000000000000018,0.9999999999999787,0.9999999999999787,0.009006523604902408
2008-08-05,1284.880004882812,2.54,4.04,8.11,0.02831408723750742,1.000000000000023,6.000000000000005,-3.0000000000001137,-0.02831408723750742
2008-08-06,1289.18994140625,2.56,4.06,8.05,0.0033487361579265743,2.0000000000000018,1.9999999999999574,-5.999999999999872,-0.0033487361579265743
2008-08-07,1266.069946289062,2.43,3.92,8.16,-0.018096496701488933,-12.99999999999999,-13.999999999999968,10.999999999999943,0.018096496701488933
2008-08-08,1296.319946289062,2.51,3.94,8.14,0.02361186756964235,7.999999999999963,2.0000000000000018,-1.9999999999999574,-0.02361186756964235
2008-08-11,1305.319946289062,2.56,3.99,8.07,0.006918740696878146,5.000000000000027,5.000000000000027,-7.000000000000028,-0.006918740696878146
2008-08-12,1289.589965820312,2.45,3.91,8.11,-0.012123868402247892,-10.999999999999988,-8.000000000000007,3.9999999999999147,0.012123868402247892
2008-08-13,1285.829956054688,2.5,3.94,8.09,-0.0029199218388863742,4.999999999999982,2.9999999999999805,-1.9999999999999574,0.0029199218388863742
2008-08-14,1292.930053710938,2.45,3.89,8.11,0.005506612147370432,-4.999999999999982,-4.999999999999982,1.9999999999999574,-0.005506612147370432
2008-08-15,1298.199951171875,2.4,3.84,8.12,0.004067649803148281,-5.000000000000027,-5.000000000000027,0.9999999999999787,-0.004067649803148281
2008-08-18,1278.599975585938,2.35,3.82,8.17,-0.015212941748937106,-4.999999999999982,-2.0000000000000018,5.000000000000071,0.015212941748937106
2008-08-19,1266.68994140625,2.32,3.83,8.23,-0.009358557566294917,-3.000000000000025,1.000000000000023,6.00000000000005,0.009358557566294917
2008-08-20,1274.5400390625,2.25,3.79,8.3,0.006178207156833316,-6.999999999999984,-4.0000000000000036,7.000000000000028,-0.006178207156833316
2008-08-21,1277.719970703125,2.33,3.84,8.29,0.0024918568436600886,8.000000000000007,4.999999999999982,-1.0000000000001563,-0.0024918568436600886
2008-08-22,1292.199951171875,2.42,3.87,8.25,0.011268937664792816,8.999999999999986,3.000000000000025,-3.9999999999999147,-0.011268937664792816
2008-08-25,1266.839965820312,2.33,3.79,8.32,-0.019820570527916054,-8.999999999999986,-8.000000000000007,7.000000000000028,0.019820570527916054
2008-08-26,1271.510009765625,2.35,3.79,8.32,0.003679594428953628,2.0000000000000018,0.0,0.0,-0.003679594428953628
2008-08-27,1281.660034179688,2.31,3.77,8.34,0.007950961127648816,-4.0000000000000036,-2.0000000000000018,1.9999999999999574,-0.007950961127648816
2008-08-28,1300.680053710938,2.37,3.79,8.29,0.014731106544230111,6.000000000000005,2.0000000000000018,-5.000000000000071,-0.014731106544230111
2008-08-29,1282.829956054688,2.36,3.83,8.28,-0.013818705278780862,-1.000000000000023,4.0000000000000036,-0.9999999999999787,0.013818705278780862
2008-09-02,1277.579956054688,2.26,3.74,8.42,-0.004100911602328969,-10.000000000000009,-8.999999999999986,14.000000000000057,0.004100911602328969
2008-09-03,1274.97998046875,2.26,3.71,8.48,-0.0020371521529362444,0.0,-3.000000000000025,6.00000000000005,0.0020371521529362444
2008-09-04,1236.829956054688,2.2,3.64,8.55,-0.030378857722846635,-5.999999999999961,-6.999999999999984,7.000000000000028,0.030378857722846635
2008-09-05,1242.31005859375,2.23,3.66,8.55,0.00442097778456747,2.9999999999999805,2.0000000000000018,0.0,-0.00442097778456747
2008-09-08,1267.7900390625,2.3,3.66,8.46,0.02030266101316487,6.999999999999984,0.0,-8.999999999999986,-0.02030266101316487
2008-09-09,1224.510009765625,2.23,3.62,8.53,-0.03473448601838737,-6.999999999999984,-4.0000000000000036,6.999999999999851,0.03473448601838737
2008-09-10,1232.0400390625,2.22,3.65,8.55,0.006130591871801976,-0.9999999999999787,2.9999999999999805,2.000000000000135,-0.006130591871801976
2008-09-11,1249.050048828125,2.18,3.64,8.62,0.013711937637728922,-4.0000000000000036,-0.9999999999999787,6.999999999999851,-0.013711937637728922
2008-09-12,1251.699951171875,2.23,3.74,8.54,0.0021192868823826515,4.999999999999982,10.000000000000009,-8.000000000000007,-0.0021192868823826515
2008-09-15,1192.699951171875,1.78,3.47,9.05,-0.048282984679058116,-44.99999999999999,-27.0,51.000000000000156,0.048282984679058116
2008-09-16,1213.599975585938,1.89,3.48,9.29,0.01737152527179209,10.999999999999988,0.9999999999999787,23.999999999999844,-0.01737152527179209
2008-09-17,1156.390014648438,1.64,3.41,9.64,-0.048288032671884897,-25.0,-6.999999999999984,35.00000000000014,0.048288032671884897
2008-09-18,1206.510009765625,1.78,3.54,9.83,0.04242880631709822,14.000000000000012,12.99999999999999,18.99999999999995,-0.04242880631709822
2008-09-19,1255.079956054688,2.16,3.78,9.21,0.039467377977746375,38.000000000000014,23.99999999999998,-61.99999999999992,-0.039467377977746375
2008-09-22,1207.089965820312,2.13,3.83,9.21,-0.038986804501018386,-3.000000000000025,5.000000000000027,0.0,0.038986804501018386
2008-09-23,1188.219970703125,2.11,3.85,9.39,-0.015756111732193122,-2.0000000000000018,2.0000000000000018,17.99999999999997,0.015756111732193122
2008-09-24,1185.869995117188,2.03,3.8,9.67,-0.0019796860163372124,-8.000000000000007,-5.000000000000027,27.999999999999936,0.0019796860163372124
2008-09-25,1209.180053710938,2.16,3.88,9.87,0.019465810036084243,13.000000000000034,8.000000000000007,19.99999999999993,-0.019465810036084243
2008-09-26,1213.27001953125,2.11,3.85,10.25,0.003376721569391239,-5.000000000000027,-2.9999999999999805,38.00000000000008,-0.003376721569391239
2008-09-29,1106.420043945312,1.7,3.61,10.75,-0.09218959234553642,-40.99999999999999,-24.00000000000002,50.0,0.09218959234553642
2008-09-30,1166.359985351562,2.0,3.85,10.96,0.052758158003824995,30.000000000000004,24.00000000000002,21.000000000000085,-0.052758158003824995
2008-10-01,1161.06005859375,1.82,3.77,11.24,-0.0045543441395910975,-17.999999999999993,-8.000000000000007,27.999999999999936,0.0045543441395910975
2008-10-02,1114.280029296875,1.62,3.66,12.0,-0.04112494871855385,-19.999999999999996,-10.999999999999988,75.99999999999997,0.04112494871855385
2008-10-03,1099.22998046875,1.6,3.63,12.24,-0.013598565792345264,-2.0000000000000018,-3.000000000000025,24.00000000000002,0.013598565792345264
2008-10-06,1056.890014648438,1.43,3.48,13.07,-0.03927926970654101,-17.000000000000014,-14.999999999999991,83.0,0.03927926970654101
2008-10-07,996.22998046875,1.47,3.5,13.18,-0.0591077911819645,4.0000000000000036,2.0000000000000018,10.999999999999943,0.0591077911819645
2008-10-08,984.9400024414062,1.65,3.72,13.51,-0.011397406925517297,17.999999999999993,22.00000000000002,33.00000000000001,0.011397406925517297
2008-10-09,909.9199829101562,1.65,3.84,13.91,-0.07922406331313588,0.0,11.999999999999966,40.000000000000036,0.07922406331313588
2008-10-10,899.219970703125,1.62,3.89,15.36,-0.011828976472150513,-2.9999999999999805,5.000000000000027,144.99999999999994,0.011828976472150513
2008-10-13,1003.349975585938,1.62,3.89,15.38,0.10957196759533888,0.0,0.0,2.000000000000135,-0.10957196759533888
2008-10-14,998.010009765625,1.82,4.08,14.5,-0.005336349813537301,19.999999999999996,18.999999999999993,-88.00000000000009,0.005336349813537301
2008-10-15,907.8400268554688,1.64,4.04,15.14,-0.09469512488423501,-18.000000000000014,-4.0000000000000036,64.00000000000006,0.09469512488423501
2008-10-16,946.4299926757812,1.61,3.99,15.72,0.041628822290941045,-2.9999999999999805,-4.999999999999982,58.00000000000001,-0.041628822290941045
2008-10-17,940.5499877929688,1.64,3.98,15.95,-0.006232205932727285,2.9999999999999805,-1.000000000000023,22.999999999999865,0.006232205932727285
2008-10-20,985.4000244140625,1.71,3.91,15.76,0.046582877325231545,7.000000000000006,-6.999999999999984,-18.99999999999995,-0.046582877325231545
2008-10-21,955.0499877929688,1.58,3.76,15.87,-0.03128399253606999,-12.99999999999999,-15.000000000000036,10.999999999999943,0.03128399253606999
2008-10-22,896.780029296875,1.53,3.65,16.05,-0.06295307968785188,-5.000000000000004,-10.999999999999988,18.00000000000015,0.06295307968785188
2008-10-23,908.1099853515625,1.54,3.63,16.34,0.012554897845818378,1.0000000000000009,-2.0000000000000018,28.999999999999915,-0.012554897845818378
2008-10-24,876.77001953125,1.57,3.76,16.69,-0.03512077795125528,3.0000000000000027,12.99999999999999,35.00000000000014,0.03512077795125528
2008-10-27,848.9199829101562,1.59,3.79,16.81,-0.032279789320129516,2.0000000000000018,3.000000000000025,11.999999999999744,0.032279789320129516
2008-10-28,940.510009765625,1.65,3.89,16.67,0.10245735847393653,5.999999999999983,10.000000000000009,-13.999999999999702,-0.10245735847393653
2008-10-29,930.0900268554688,1.58,3.93,16.21,-0.011140907177516441,-6.999999999999984,4.0000000000000036,-46.000000000000085,0.011140907177516441
2008-10-30,954.0900268554688,1.59,4.0,15.91,0.025476650236373046,1.0000000000000009,6.999999999999984,-30.00000000000007,-0.025476650236373046
2008-10-31,968.75,1.56,4.01,16.17,0.015248545898600415,-3.0000000000000027,0.9999999999999787,26.000000000000156,-0.015248545898600415
2008-11-03,966.2999877929688,1.45,3.96,16.29,-0.002532248295049081,-11.00000000000001,-4.999999999999982,11.999999999999744,0.002532248295049081
2008-11-04,1005.75,1.39,3.81,16.18,0.040014478457390035,-6.000000000000005,-14.999999999999991,-10.999999999999943,-0.040014478457390035
2008-11-05,952.77001953125,1.36,3.73,16.08,-0.05411525893116383,-2.9999999999999805,-8.000000000000007,-10.000000000000142,0.05411525893116383
2008-11-06,904.8800048828125,1.28,3.75,16.19,-0.05157120827951978,-8.000000000000007,2.0000000000000018,11.000000000000298,0.05157120827951978
2008-11-07,930.989990234375,1.33,3.83,16.31,0.028446181972100103,5.000000000000004,8.000000000000007,11.999999999999744,-0.028446181972100103
2008-11-10,919.2100219726562,1.27,3.82,16.35,-0.01273389618685711,-6.000000000000005,-1.000000000000023,4.00000000000027,0.01273389618685711
2008-11-11,898.9500122070312,1.27,3.82,16.36,-0.02228720025294257,0.0,0.0,0.999999999999801,0.02228720025294257
2008-11-12,852.2999877929688,1.19,3.75,16.84,-0.05328886594572081,-8.000000000000007,-6.999999999999984,48.00000000000004,0.05328886594572081
2008-11-13,911.2899780273438,1.24,3.84,17.06,0.06692259078968742,5.000000000000004,8.999999999999986,21.999999999999886,-0.06692259078968742
2008-11-14,873.2899780273438,1.22,3.72,17.16,-0.04259349062086726,-2.0000000000000018,-11.999999999999966,10.000000000000142,0.04259349062086726
2008-11-17,850.75,1.22,3.68,17.43,-0.026149349993598612,0.0,-4.0000000000000036,26.999999999999957,0.026149349993598612
2008-11-18,859.1199951171875,1.15,3.53,17.96,0.00979029048544131,-7.000000000000006,-15.000000000000036,53.000000000000114,-0.00979029048544131
2008-11-19,806.5800170898438,1.09,3.38,18.61,-0.06310549598420712,-5.999999999999983,-14.999999999999991,64.99999999999986,0.06310549598420712
2008-11-20,752.4400024414062,1.0,3.1,19.48,-0.06948184541277702,-9.000000000000007,-27.99999999999998,87.0000000000001,0.06948184541277702
2008-11-21,800.030029296875,1.09,3.2,19.92,0.06132800111506746,9.000000000000007,10.000000000000009,44.00000000000013,-0.06132800111506746
2008-11-24,851.8099975585938,1.31,3.35,19.87,0.06271423081455647,21.999999999999996,14.999999999999991,-5.000000000000071,-0.06271423081455647
2008-11-25,857.3900146484375,1.15,3.11,19.86,0.0065294136139663166,-16.000000000000014,-24.00000000000002,-1.0000000000001563,-0.0065294136139663166
2008-11-26,887.6799926757812,1.09,2.99,19.76,0.03471840142238202,-5.999999999999983,-11.999999999999966,-9.999999999999787,-0.03471840142238202
2008-11-28,896.239990234375,1.0,2.93,19.78,0.009596913918806831,-9.000000000000007,-6.000000000000005,1.9999999999999574,-0.009596913918806831
2008-12-01,816.2100219726562,0.9,2.72,20.2,-0.09353652163820918,-9.999999999999998,-20.999999999999996,41.999999999999815,0.09353652163820918
2008-12-02,848.8099975585938,0.9,2.68,20.19,0.03916366397642246,0.0,-4.0000000000000036,-0.999999999999801,-0.03916366397642246
2008-12-03,870.739990234375,0.87,2.67,20.39,0.02550804791981371,-3.0000000000000027,-1.000000000000023,19.99999999999993,-0.02550804791981371
2008-12-04,845.219970703125,0.82,2.55,20.54,-0.02974649977384212,-5.000000000000004,-12.00000000000001,14.999999999999858,0.02974649977384212
2008-12-05,876.0700073242188,0.93,2.67,20.74,0.035849090941538375,11.00000000000001,12.00000000000001,19.99999999999993,-0.035849090941538375
2008-12-08,909.7000122070312,0.97,2.77,20.62,0.03766888346678524,3.9999999999999925,10.000000000000009,-11.999999999999744,-0.03766888346678524
2008-12-09,888.6699829101562,0.84,2.67,20.59,-0.023388944476325925,-13.0,-10.000000000000009,-3.0000000000001137,0.023388944476325925
2008-12-10,899.239990234375,0.86,2.69,20.66,0.011824007505509534,2.0000000000000018,2.0000000000000018,7.000000000000028,-0.011824007505509534
2008-12-11,873.5900268554688,0.79,2.64,20.92,-0.028938762495764388,-6.999999999999995,-4.999999999999982,26.000000000000156,0.028938762495764388
2008-12-12,879.72998046875,0.78,2.6,21.3,0.007003831230512167,-1.0000000000000009,-4.0000000000000036,37.9999999999999,-0.007003831230512167
2008-12-15,868.5700073242188,0.75,2.53,21.82,-0.012766830411484197,-3.0000000000000027,-7.000000000000028,51.99999999999996,0.012766830411484197
2008-12-16,913.1799926757812,0.65,2.37,21.44,0.05008481578859222,-9.999999999999998,-15.99999999999997,-37.9999999999999,-0.05008481578859222
2008-12-17,904.4199829101562,0.73,2.2,21.06,-0.009639170015611964,7.9999999999999964,-16.999999999999993,-38.000000000000256,0.009639170015611964
2008-12-18,885.280029296875,0.68,2.08,20.72,-0.021389823129044905,-4.999999999999993,-12.00000000000001,-33.999999999999986,0.021389823129044905
2008-12-19,887.8800048828125,0.74,2.13,20.43,0.0029325919817233524,5.999999999999995,4.999999999999982,-28.999999999999915,-0.0029325919817233524
2008-12-22,871.6300048828125,0.87,2.16,20.18,-0.018471576686337164,13.0,3.000000000000025,-25.0,0.018471576686337164
2008-12-23,863.1599731445312,0.9,2.18,19.82,-0.009764984984231137,3.0000000000000027,2.0000000000000018,-35.99999999999994,0.009764984984231137
2008-12-24,868.1500244140625,0.9,2.2,19.79,0.005764496357789291,0.0,2.0000000000000018,-3.0000000000001137,-0.005764496357789291
2008-12-26,872.7999877929688,0.89,2.16,19.55,0.005341881620716298,-1.0000000000000009,-4.0000000000000036,-23.999999999999844,-0.005341881620716298
2008-12-29,869.4199829101562,0.78,2.13,19.25,-0.0038801175284807,-10.999999999999998,-3.000000000000025,-30.00000000000007,0.0038801175284807
2008-12-30,890.6400146484375,0.75,2.11,18.48,0.024114018863220666,-3.0000000000000027,-2.0000000000000018,-76.99999999999996,-0.024114018863220666
2008-12-31,903.25,0.76,2.25,18.12,0.014059048160206564,1.0000000000000009,14.000000000000012,-35.99999999999994,-0.014059048160206564
2009-01-02,931.7999877929688,0.88,2.46,17.84,0.031118816254462313,12.0,20.999999999999996,-28.000000000000114,-0.031118816254462313
2009-01-05,927.4500122070312,0.78,2.49,17.44,-0.004679288447595494,-9.999999999999998,3.000000000000025,-39.99999999999986,0.004679288447595494
2009-01-06,934.7000122070312,0.8,2.51,16.68,0.007786737413759767,2.0000000000000018,1.9999999999999574,-76.00000000000016,-0.007786737413759767
2009-01-07,906.6500244140625,0.82,2.52,16.42,-0.03046912022057231,1.9999999999999907,1.000000000000023,-25.9999999999998,0.03046912022057231
2009-01-08,909.72998046875,0.83,2.47,16.67,0.0033913156919744315,1.0000000000000009,-4.999999999999982,25.0,-0.0033913156919744315
2009-01-09,890.3499755859375,0.75,2.43,16.65,-0.021533214293202936,-7.9999999999999964,-4.0000000000000036,-2.0000000000003126,0.021533214293202936
2009-01-12,870.260009765625,0.74,2.34,16.67,-0.02282258762866887,-1.0000000000000009,-9.00000000000003,2.0000000000003126,0.02282258762866887
2009-01-13,871.7899780273438,0.76,2.33,16.82,0.0017565152157664873,2.0000000000000018,-0.9999999999999787,14.999999999999858,-0.0017565152157664873
2009-01-14,842.6199951171875,0.73,2.24,16.86,-0.0340324644901829,-3.0000000000000027,-8.999999999999986,3.9999999999999147,0.0340324644901829
2009-01-15,843.739990234375,0.73,2.23,16.97,0.0013282991669522379,0.0,-1.000000000000023,10.999999999999943,-0.0013282991669522379
2009-01-16,850.1199951171875,0.73,2.36,16.79,0.007533131556373145,0.0,12.99999999999999,-17.99999999999997,-0.007533131556373145
2009-01-20,805.219970703125,0.73,2.4,16.79,-0.054262014623913155,0.0,4.0000000000000036,0.0,0.054262014623913155
2009-01-21,840.239990234375,0.78,2.56,16.71,0.04257205806919397,5.000000000000004,16.000000000000014,-7.9999999999998295,-0.04257205806919397
2009-01-22,827.5,0.75,2.62,16.69,-0.015278446440878557,-3.0000000000000027,6.000000000000005,-1.9999999999999574,0.015278446440878557
2009-01-23,831.9500122070312,0.83,2.65,16.73,0.005363250283092426,7.9999999999999964,2.9999999999999805,3.9999999999999147,-0.005363250283092426
2009-01-26,836.5700073242188,0.85,2.7,16.74,0.005537850154850269,2.0000000000000018,5.000000000000027,0.999999999999801,-0.005537850154850269
2009-01-27,845.7100219726562,0.87,2.59,16.76,0.010866329534482322,2.0000000000000018,-11.000000000000032,2.0000000000003126,-0.010866329534482322
2009-01-28,874.0900268554688,0.89,2.71,16.4,0.03300683868264074,2.0000000000000018,12.00000000000001,-36.0000000000003,-0.03300683868264074
2009-01-29,845.1400146484375,0.95,2.87,16.22,-0.03368106446667382,5.999999999999995,16.000000000000014,-17.99999999999997,0.03368106446667382
2009-01-30,825.8800048828125,0.94,2.87,16.22,-0.023052821010677113,-1.0000000000000009,0.0,0.0,0.023052821010677113
2009-02-02,825.4400024414062,0.89,2.76,16.4,-0.0005329099748901644,-4.999999999999993,-11.000000000000032,17.99999999999997,0.0005329099748901644
2009-02-03,838.510009765625,0.96,2.89,16.3,0.015709938442946172,6.999999999999995,13.000000000000034,-9.999999999999787,-0.015709938442946172
2009-02-04,832.22998046875,0.98,2.95,16.15,-0.007517697439794895,2.0000000000000018,6.000000000000005,-15.000000000000213,0.007517697439794895
2009-02-05,845.8499755859375,0.98,2.95,16.13,0.016233188600758928,0.0,0.0,-1.9999999999999574,-0.016233188600758928
2009-02-06,868.5999755859375,0.99,3.05,16.05,0.026540681935397104,1.0000000000000009,9.999999999999964,-7.9999999999998295,-0.026540681935397104
2009-02-09,869.8900146484375,1.05,3.07,15.98,0.0014840917192800343,6.000000000000005,2.0000000000000018,-7.000000000000028,-0.0014840917192800343
2009-02-10,827.1599731445312,0.92,2.9,16.07,-0.05036866949414839,-13.0,-16.999999999999993,8.999999999999986,0.05036866949414839
2009-02-11,833.739990234375,0.93,2.78,16.17,0.007923477223390516,1.0000000000000009,-12.00000000000001,10.000000000000142,-0.007923477223390516
2009-02-12,835.1900024414062,0.89,2.75,16.27,0.0017376553579209742,-4.0000000000000036,-2.9999999999999805,9.999999999999787,-0.0017376553579209742
2009-02-13,826.8400268554688,0.97,2.89,16.21,-0.010048008389114625,7.9999999999999964,14.000000000000012,-5.999999999999872,0.010048008389114625
2009-02-17,789.1699829101562,0.87,2.64,16.45,-0.04662949981810491,-9.999999999999998,-25.0,23.999999999999844,0.04662949981810491
2009-02-18,788.4199829101562,0.97,2.74,16.59,-0.000950817478245573,9.999999999999998,10.000000000000009,14.000000000000057,0.000950817478245573
2009-02-19,778.9400024414062,1.01,2.85,16.48,-0.012096896898495146,4.0000000000000036,10.999999999999988,-10.999999999999943,0.012096896898495146
2009-02-20,770.0499877929688,0.96,2.78,16.76,-0.011478592263616477,-5.000000000000004,-7.000000000000028,28.000000000000114,0.011478592263616477
2009-02-23,743.3300170898438,0.96,2.78,16.85,-0.035315317490224964,0.0,0.0,8.999999999999986,0.035315317490224964
2009-02-24,773.1400146484375,1.03,2.8,17.22,0.0393200492217266,7.000000000000006,2.0000000000000018,36.999999999999744,-0.0393200492217266
2009-02-25,764.9000244140625,1.09,2.95,17.17,-0.010715025437918897,6.000000000000005,15.000000000000036,-4.999999999999716,0.010715025437918897
2009-02-26,752.8300170898438,1.08,2.98,17.18,-0.01590567684576375,-1.0000000000000009,2.9999999999999805,0.999999999999801,0.01590567684576375
2009-02-27,735.0900268554688,1.0,3.02,17.39,-0.023846484170292854,-8.000000000000007,4.0000000000000036,21.000000000000085,0.023846484170292854
2009-03-02,700.8200073242188,0.89,2.91,17.84,-0.04774188875107267,-10.999999999999998,-10.999999999999988,44.99999999999993,0.04774188875107267
2009-03-03,696.3300170898438,0.91,2.93,18.09,-0.006427378038351219,2.0000000000000018,2.0000000000000018,25.0,0.006427378038351219
2009-03-04,712.8699951171875,0.97,3.01,18.28,0.02347535830991525,5.999999999999995,7.999999999999963,19.000000000000128,-0.02347535830991525
2009-03-05,682.5499877929688,0.9,2.83,18.59,-0.04346330218569738,-6.999999999999995,-17.99999999999997,30.999999999999872,0.04346330218569738
2009-03-06,683.3800048828125,0.91,2.83,18.66,0.001215314395986425,1.0000000000000009,0.0,7.000000000000028,-0.001215314395986425
2009-03-09,676.530029296875,0.96,2.89,18.86,-0.01007424513030657,4.999999999999993,6.000000000000005,19.99999999999993,0.01007424513030657
2009-03-10,719.5999755859375,1.01,2.99,18.71,0.0617186323188922,5.000000000000004,10.000000000000009,-14.999999999999858,-0.0617186323188922
2009-03-11,721.3599853515625,1.03,2.95,18.38,0.0024428307358472247,2.0000000000000018,-4.0000000000000036,-33.000000000000185,-0.0024428307358472247
2009-03-12,750.739990234375,1.03,2.89,18.29,0.03992107486845256,0.0,-6.000000000000005,-8.999999999999986,-0.03992107486845256
2009-03-13,756.5499877929688,0.98,2.89,18.04,0.007709235009042813,-5.000000000000004,0.0,-25.0,-0.007709235009042813
2009-03-16,753.8900146484375,1.0,2.97,17.63,-0.003522120560965446,2.0000000000000018,8.000000000000007,-41.000000000000014,0.003522120560965446
2009-03-17,778.1199951171875,1.05,3.02,17.58,0.03163425945298957,5.000000000000004,4.999999999999982,-5.000000000000071,-0.03163425945298957
2009-03-18,794.3499755859375,0.82,2.51,17.97,0.020643391776914963,-23.00000000000001,-51.00000000000002,39.00000000000006,-0.020643391776914963
2009-03-19,784.0399780273438,0.87,2.61,17.74,-0.013064127999233972,5.000000000000004,10.000000000000009,-23.000000000000043,0.013064127999233972
2009-03-20,768.5399780273438,0.89,2.65,17.74,-0.01996742895118435,2.0000000000000018,4.0000000000000036,0.0,0.01996742895118435
2009-03-23,822.9199829101562,0.93,2.68,17.56,0.06836638735773641,4.0000000000000036,3.000000000000025,-17.99999999999997,-0.06836638735773641
2009-03-24,806.1199951171875,0.93,2.68,17.45,-0.02062636109659859,0.0,0.0,-10.999999999999943,0.02062636109659859
2009-03-25,813.8800048828125,0.96,2.81,17.26,0.009580332245017488,2.9999999999999916,12.99999999999999,-18.999999999999773,-0.009580332245017488
2009-03-26,832.8599853515625,0.9,2.76,17.09,0.023052602239829925,-5.999999999999995,-5.000000000000027,-17.00000000000017,-0.023052602239829925
2009-03-27,815.9400024414062,0.9,2.78,16.75,-0.020524717385895695,0.0,2.0000000000000018,-33.999999999999986,0.020524717385895695
2009-03-30,787.530029296875,0.84,2.73,16.89,-0.035439323427820704,-6.000000000000005,-4.999999999999982,14.000000000000057,0.035439323427820704
2009-03-31,797.8699951171875,0.81,2.71,17.03,0.013044168377756998,-2.9999999999999916,-2.0000000000000018,14.000000000000057,-0.013044168377756998
2009-04-01,811.0800170898438,0.83,2.68,17.12,0.016421043179743085,1.9999999999999907,-2.9999999999999805,8.999999999999986,-0.016421043179743085
2009-04-02,834.3800048828125,0.88,2.77,16.78,0.028322225961306003,5.000000000000004,8.999999999999986,-33.999999999999986,-0.028322225961306003
2009-04-03,842.5,0.96,2.91,16.53,0.009684722294469393,7.9999999999999964,14.000000000000012,-25.0,-0.009684722294469393
2009-04-06,835.47998046875,0.94,2.95,16.43,-0.008367275616680818,-2.0000000000000018,4.0000000000000036,-10.000000000000142,0.008367275616680818
2009-04-07,815.5499877929688,0.91,2.93,16.44,-0.02414366931764816,-2.9999999999999916,-2.0000000000000018,1.0000000000001563,0.02414366931764816
2009-04-08,825.1599731445312,0.93,2.86,16.36,0.011714557086847552,2.0000000000000018,-7.000000000000028,-8.000000000000185,-0.011714557086847552
2009-04-09,856.5599975585938,0.96,2.96,16.19,0.037347090620733756,2.9999999999999916,10.000000000000009,-16.999999999999815,-0.037347090620733756
2009-04-13,858.72998046875,0.89,2.88,16.16,0.0025301658560268466,-6.999999999999995,-8.000000000000007,-3.0000000000001137,-0.0025301658560268466
2009-04-14,841.5,0.86,2.8,15.85,-0.02026851722493524,-3.0000000000000027,-8.000000000000007,-31.00000000000005,0.02026851722493524
2009-04-15,852.0599975585938,0.86,2.82,15.74,0.012470930388817558,0.0,2.0000000000000018,-10.999999999999943,-0.012470930388817558
2009-04-16,865.2999877929688,0.91,2.86,15.44,0.015419309485732727,5.000000000000004,4.0000000000000036,-30.00000000000007,-0.015419309485732727
2009-04-17,869.5999755859375,0.99,2.98,15.05,0.004957054226539451,7.9999999999999964,12.00000000000001,-38.99999999999988,-0.004957054226539451
2009-04-20,832.3900146484375,0.93,2.88,15.17,-0.043732209141657034,-5.999999999999995,-10.000000000000009,11.999999999999922,0.043732209141657034
2009-04-21,850.0800170898438,0.96,2.94,15.35,0.021029384216146016,2.9999999999999916,6.000000000000005,17.99999999999997,-0.021029384216146016
2009-04-22,843.5499877929688,1.0,2.98,15.27,-0.007711320225478271,4.0000000000000036,4.0000000000000036,-8.000000000000007,0.007711320225478271
2009-04-23,851.9199829101562,0.97,2.96,15.17,0.009873443065781582,-3.0000000000000027,-2.0000000000000018,-9.999999999999964,-0.009873443065781582
2009-04-24,866.22998046875,0.99,3.03,14.87,0.016657834020331604,2.0000000000000018,6.999999999999984,-30.00000000000007,-0.016657834020331604
2009-04-27,857.510009765625,0.9,2.95,14.91,-0.010117587499046198,-8.999999999999996,-7.999999999999963,4.000000000000092,0.010117587499046198
2009-04-28,855.1599731445312,0.95,3.05,14.79,-0.0027442976398493147,4.999999999999993,9.999999999999964,-12.0000000000001,0.0027442976398493147
2009-04-29,873.6400146484375,0.94,3.12,14.46,0.021379853727164114,-1.0000000000000009,7.000000000000028,-32.99999999999983,-0.021379853727164114
2009-04-30,872.8099975585938,0.91,3.16,13.45,-0.0009505192207446081,-2.9999999999999916,4.0000000000000036,-101.00000000000016,0.0009505192207446081
2009-05-01,877.52001953125,0.92,3.21,13.34,0.005381880325807842,1.0000000000000009,4.999999999999982,-10.999999999999943,-0.005381880325807842
2009-05-04,907.239990234375,0.94,3.19,13.23,0.03330724358772585,1.9999999999999907,-2.0000000000000018,-10.999999999999943,-0.03330724358772585
2009-05-05,903.7999877929688,0.98,3.2,13.08,-0.003798929477293887,4.0000000000000036,1.000000000000023,-15.000000000000036,0.003798929477293887
2009-05-06,919.530029296875,0.96,3.18,12.94,0.01725461832941929,-2.0000000000000018,-2.0000000000000018,-14.000000000000057,-0.01725461832941929
2009-05-07,907.3900146484375,1.0,3.29,12.54,-0.013290338985760736,4.0000000000000036,10.999999999999988,-40.000000000000036,0.013290338985760736
2009-05-08,929.22998046875,1.0,3.29,12.41,0.023783902379113705,0.0,0.0,-12.9999999999999,-0.023783902379113705
2009-05-11,909.239990234375,0.92,3.17,12.58,-0.02174719020275387,-7.9999999999999964,-12.00000000000001,16.999999999999993,0.02174719020275387
2009-05-12,908.3499755859375,0.9,3.17,12.64,-0.0009793349834762966,-2.0000000000000018,0.0,6.00000000000005,0.0009793349834762966
2009-05-13,883.9199829101562,0.89,3.11,12.85,-0.02726319853661259,-1.0000000000000009,-6.000000000000005,20.999999999999908,0.02726319853661259
2009-05-14,893.0700073242188,0.87,3.1,12.91,0.01029843199277203,-2.0000000000000018,-0.9999999999999787,6.00000000000005,-0.01029843199277203
2009-05-15,882.8800048828125,0.88,3.14,12.91,-0.011475676904067545,1.0000000000000009,4.0000000000000036,0.0,0.011475676904067545
2009-05-18,909.7100219726562,0.93,3.22,12.82,0.029936594996533384,5.000000000000004,8.000000000000007,-8.999999999999986,-0.029936594996533384
2009-05-19,908.1300048828125,0.91,3.25,12.67,-0.0017383460198724435,-2.0000000000000018,2.9999999999999805,-15.000000000000036,0.0017383460198724435
2009-05-20,903.469970703125,0.87,3.19,12.45,-0.00514467268804702,-4.0000000000000036,-6.000000000000005,-22.000000000000064,0.00514467268804702
2009-05-21,888.3300170898438,0.89,3.35,12.32,-0.016899558030336284,2.0000000000000018,16.000000000000014,-12.9999999999999,0.016899558030336284
2009-05-22,887.0,0.92,3.45,12.13,-0.0014983325081699614,3.0000000000000027,10.000000000000009,-18.99999999999995,0.0014983325081699614
2009-05-26,910.3300170898438,0.96,3.5,12.09,0.02596220760015714,3.9999999999999925,4.999999999999982,-4.000000000000092,-0.02596220760015714
2009-05-27,893.0599975585938,0.96,3.71,11.87,-0.019153424774368058,0.0,20.999999999999996,-22.000000000000064,0.019153424774368058
2009-05-28,906.8300170898438,0.97,3.67,11.74,0.015301255166552454,1.0000000000000009,-4.0000000000000036,-12.9999999999999,-0.015301255166552454
2009-05-29,919.1400146484375,0.92,3.47,11.76,0.013483445887850906,-4.999999999999993,-19.99999999999997,1.9999999999999574,-0.013483445887850906
2009-06-01,942.8699951171875,0.97,3.71,11.36,0.025489943861423548,4.999999999999993,23.99999999999998,-40.000000000000036,-0.025489943861423548
2009-06-02,944.739990234375,0.96,3.65,11.19,0.001981336974747815,-1.0000000000000009,-6.000000000000005,-16.999999999999993,-0.001981336974747815
2009-06-03,931.760009765625,0.91,3.56,11.17,-0.013834465750709849,-4.999999999999993,-8.999999999999986,-1.9999999999999574,0.013834465750709849
2009-06-04,942.4600219726562,0.96,3.72,11.01,0.011418220142166204,4.999999999999993,16.000000000000014,-16.000000000000014,-0.011418220142166204
2009-06-05,940.0900268554688,1.32,3.84,10.7,-0.002517857488816695,36.00000000000001,11.999999999999966,-31.00000000000005,0.002517857488816695
2009-06-08,939.1400146484375,1.42,3.91,10.6,-0.001011065454445827,9.999999999999986,7.000000000000028,-9.999999999999964,0.001011065454445827
2009-06-09,942.4299926757812,1.33,3.86,10.59,0.003497059761173111,-8.999999999999986,-5.000000000000027,-0.9999999999999787,-0.003497059761173111
2009-06-10,939.1500244140625,1.38,3.98,10.42,-0.003486401379967999,4.999999999999982,12.00000000000001,-16.999999999999993,0.003486401379967999
2009-06-11,944.8900146484375,1.35,3.88,10.43,0.006093297249542341,-2.9999999999999805,-10.000000000000009,0.9999999999999787,-0.006093297249542341
2009-06-12,946.2100219726562,1.3,3.81,10.41,0.001396020848219796,-5.000000000000004,-6.999999999999984,-1.9999999999999574,-0.001396020848219796
2009-06-15,923.719970703125,1.26,3.76,10.4,-0.02405559125359691,-4.0000000000000036,-5.000000000000027,-0.9999999999999787,0.02405559125359691
2009-06-16,911.969970703125,1.23,3.67,10.48,-0.012801901027885946,-3.0000000000000027,-8.999999999999986,8.000000000000007,0.012801901027885946
2009-06-17,910.7100219726562,1.19,3.68,10.73,-0.0013825234667824294,-4.0000000000000036,1.000000000000023,25.0,0.0013825234667824294
2009-06-18,918.3699951171875,1.28,3.86,10.74,0.008375815004881833,9.000000000000007,17.99999999999997,0.9999999999999787,-0.008375815004881833
2009-06-19,921.22998046875,1.25,3.79,10.75,0.0031093582232429103,-3.0000000000000027,-6.999999999999984,0.9999999999999787,-0.0031093582232429103
2009-06-22,893.0399780273438,1.17,3.72,10.93,-0.03107836433082392,-8.000000000000007,-6.999999999999984,17.99999999999997,0.03107836433082392
2009-06-23,895.0999755859375,1.14,3.65,11.03,0.0023040684995177824,-3.0000000000000027,-7.000000000000028,9.999999999999964,-0.0023040684995177824
2009-06-24,900.9400024414062,1.19,3.72,11.01,0.0065032488243266596,5.000000000000004,7.000000000000028,-1.9999999999999574,-0.0065032488243266596
2009-06-25,920.260009765625,1.12,3.55,11.09,0.021217583998248746,-6.999999999999984,-17.000000000000036,8.000000000000007,-0.021217583998248746
2009-06-26,918.9000244140625,1.1,3.52,11.09,-0.0014789203486033056,-2.0000000000000018,-2.9999999999999805,0.0,0.0014789203486033056
2009-06-29,927.22998046875,1.11,3.51,11.05,0.009024296841261898,1.0000000000000009,-1.000000000000023,-3.9999999999999147,-0.009024296841261898
2009-06-30,919.3200073242188,1.11,3.53,10.55,-0.008567351633166496,0.0,2.0000000000000018,-50.0,0.008567351633166496
2009-07-01,923.3300170898438,1.05,3.55,10.5,0.004352444623651702,-6.000000000000005,2.0000000000000018,-5.000000000000071,-0.004352444623651702
2009-07-02,896.4199829101562,0.98,3.51,10.52,-0.029577684825958017,-7.000000000000006,-4.0000000000000036,1.9999999999999574,0.029577684825958017
2009-07-06,898.719970703125,0.96,3.52,10.61,0.002562462104257053,-2.0000000000000018,1.000000000000023,8.999999999999986,-0.002562462104257053
2009-07-07,881.030029296875,0.98,3.47,10.63,-0.019879785362884782,2.0000000000000018,-4.999999999999982,2.000000000000135,0.019879785362884782
2009-07-08,879.5599975585938,0.91,3.33,10.84,-0.0016699311679349972,-6.999999999999995,-14.000000000000012,20.999999999999908,0.0016699311679349972
2009-07-09,882.6799926757812,0.94,3.44,10.79,0.003540946062317481,2.9999999999999916,10.999999999999988,-5.000000000000071,-0.003540946062317481
2009-07-10,879.1300048828125,0.91,3.32,10.89,-0.004029938077684044,-2.9999999999999916,-12.00000000000001,10.000000000000142,0.004029938077684044
2009-07-13,901.0499877929688,0.92,3.38,10.92,0.024627948777227286,1.0000000000000009,6.000000000000005,2.999999999999936,-0.024627948777227286
2009-07-14,905.8400268554688,0.97,3.5,10.76,0.005301983236099628,4.999999999999993,12.00000000000001,-16.000000000000014,-0.005301983236099628
2009-07-15,932.6799926757812,1.03,3.63,10.52,0.02919943487510086,6.000000000000005,12.99999999999999,-24.00000000000002,-0.02919943487510086
2009-07-16,940.739990234375,1.0,3.59,10.57,0.008604634691705462,-3.0000000000000027,-4.0000000000000036,5.000000000000071,-0.008604634691705462
2009-07-17,940.3800048828125,1.02,3.67,10.41,-0.0003827351332093228,2.0000000000000018,8.000000000000007,-16.000000000000014,0.0003827351332093228
2009-07-20,951.1300048828125,0.99,3.61,10.37,0.01136670246273114,-3.0000000000000027,-6.000000000000005,-4.000000000000092,-0.01136670246273114
2009-07-21,954.5800170898438,0.96,3.5,10.29,0.0036207145224277037,-3.0000000000000027,-10.999999999999988,-8.000000000000007,-0.0036207145224277037
2009-07-22,954.0700073242188,0.98,3.58,10.18,-0.0005344193762499699,2.0000000000000018,8.000000000000007,-10.999999999999943,0.0005344193762499699
2009-07-23,976.2899780273438,1.08,3.72,9.88,0.023022599224312996,10.000000000000009,14.000000000000012,-29.999999999999893,-0.023022599224312996
2009-07-24,979.260009765625,1.05,3.7,9.8,0.003037543443477206,-3.0000000000000027,-2.0000000000000018,-8.000000000000007,-0.003037543443477206
2009-07-27,982.1799926757812,1.08,3.75,9.66,0.0029773891259700837,3.0000000000000027,4.999999999999982,-14.000000000000057,-0.0029773891259700837
2009-07-28,979.6199951171875,1.12,3.72,9.56,-0.00260984710734954,4.0000000000000036,-2.9999999999999805,-9.999999999999964,0.00260984710734954
2009-07-29,975.1500244140625,1.17,3.69,9.44,-0.004573406026934112,4.999999999999982,-3.000000000000025,-12.0000000000001,0.004573406026934112
2009-07-30,986.75,1.19,3.67,9.33,0.01182538418815696,2.0000000000000018,-2.0000000000000018,-10.999999999999943,-0.01182538418815696
2009-07-31,987.47998046875,1.13,3.52,9.22,0.0007395090837835546,-6.000000000000005,-14.999999999999991,-10.999999999999943,-0.0007395090837835546
2009-08-03,1002.630004882812,1.18,3.66,8.99,0.01522560782728079,5.000000000000004,14.000000000000012,-23.000000000000043,-0.01522560782728079
2009-08-04,1005.650024414062,1.2,3.7,8.88,0.0030075704221065014,2.0000000000000018,4.0000000000000036,-10.999999999999943,-0.0030075704221065014
2009-08-05,1002.719970703125,1.23,3.8,8.77,-0.002917844617166045,3.0000000000000027,9.999999999999964,-11.00000000000012,0.002917844617166045
2009-08-06,997.0800170898438,1.22,3.79,8.73,-0.005640532654178876,-1.0000000000000009,-0.9999999999999787,-3.9999999999999147,0.005640532654178876
2009-08-07,1010.47998046875,1.32,3.89,8.57,0.01334970053225195,10.000000000000009,10.000000000000009,-16.000000000000014,-0.01334970053225195
2009-08-10,1007.099975585938,1.24,3.8,8.58,-0.00335055672487982,-8.000000000000007,-9.00000000000003,0.9999999999999787,0.00335055672487982
2009-08-11,994.3499755859375,1.21,3.71,8.64,-0.012740935609430135,-3.0000000000000027,-8.999999999999986,6.00000000000005,0.012740935609430135
2009-08-12,1005.809997558594,1.18,3.72,8.78,0.011459230792872267,-3.0000000000000027,1.000000000000023,13.99999999999988,-0.011459230792872267
2009-08-13,1012.72998046875,1.12,3.59,8.91,0.00685645079614388,-5.999999999999983,-13.000000000000034,13.000000000000078,-0.00685645079614388
2009-08-14,1004.090026855469,1.07,3.55,8.94,-0.008567949977278983,-5.000000000000004,-4.0000000000000036,2.999999999999936,0.008567949977278983
2009-08-17,979.72998046875,1.04,3.48,9.17,-0.024559960849173532,-3.0000000000000027,-6.999999999999984,23.000000000000043,0.024559960849173532
2009-08-18,989.6699829101562,1.06,3.51,9.19,0.010094533393885528,2.0000000000000018,2.9999999999999805,1.9999999999999574,-0.010094533393885528
2009-08-19,996.4600219726562,1.01,3.45,9.25,0.006837483447019444,-5.000000000000004,-5.999999999999961,6.00000000000005,-0.006837483447019444
2009-08-20,1007.369995117188,1.03,3.42,9.27,0.010889227984113676,2.0000000000000018,-3.000000000000025,1.9999999999999574,-0.010889227984113676
2009-08-21,1026.130004882812,1.13,3.56,9.13,0.018451479725419512,9.999999999999986,14.000000000000012,-13.99999999999988,-0.018451479725419512
2009-08-24,1025.569946289062,1.05,3.48,9.14,-0.0005459459189837834,-7.999999999999985,-8.000000000000007,0.9999999999999787,0.0005459459189837834
2009-08-25,1028.0,1.05,3.45,9.12,0.002366663818367997,0.0,-2.9999999999999805,-2.000000000000135,-0.002366663818367997
2009-08-26,1028.119995117188,1.06,3.44,9.11,0.00011671995565342166,1.0000000000000009,-1.000000000000023,-0.9999999999999787,-0.00011671995565342166
2009-08-27,1030.97998046875,1.04,3.47,9.07,0.0027779002715908425,-2.0000000000000018,3.000000000000025,-3.9999999999999147,-0.0027779002715908425
2009-08-28,1028.930053710938,1.01,3.46,9.04,-0.001990307732376732,-3.0000000000000027,-1.000000000000023,-3.0000000000001137,0.001990307732376732
2009-08-31,1020.619995117188,0.97,3.4,9.12,-0.008109198540382183,-4.0000000000000036,-6.000000000000005,8.000000000000007,0.008109198540382183
2009-09-01,998.0399780273438,0.92,3.38,9.18,-0.022372226316806826,-4.999999999999993,-2.0000000000000018,6.00000000000005,0.022372226316806826
2009-09-02,994.75,0.89,3.29,9.23,-0.003301884345751011,-3.0000000000000027,-8.999999999999986,5.000000000000071,0.003301884345751011
2009-09-03,1003.239990234375,0.91,3.33,9.19,0.008498582450941842,2.0000000000000018,4.0000000000000036,-4.000000000000092,-0.008498582450941842
2009-09-04,1016.400024414062,0.94,3.45,9.09,0.013032243708160843,2.9999999999999916,12.00000000000001,-9.999999999999964,-0.013032243708160843
2009-09-08,1025.390014648438,0.93,3.47,9.03,0.008806045829840433,-0.9999999999999898,2.0000000000000018,-6.00000000000005,-0.008806045829840433
2009-09-09,1033.369995117188,0.93,3.48,8.98,0.007752259025442712,0.0,0.9999999999999787,-4.999999999999893,-0.007752259025442712
2009-09-10,1044.140014648438,0.9,3.36,8.93,0.010368292776658143,-3.0000000000000027,-12.00000000000001,-5.000000000000071,-0.010368292776658143
2009-09-11,1042.72998046875,0.9,3.34,8.78,-0.0013513389885916123,0.0,-2.0000000000000018,-15.000000000000036,0.0013513389885916123
2009-09-14,1049.339965820312,0.94,3.42,8.57,0.0063191074071060884,3.9999999999999925,8.000000000000007,-20.999999999999908,-0.0063191074071060884
2009-09-15,1052.630004882812,0.96,3.47,8.35,0.0031304364906445527,2.0000000000000018,5.000000000000027,-22.000000000000064,-0.0031304364906445527
2009-09-16,1068.760009765625,1.01,3.48,8.09,0.015207308062442762,5.000000000000004,0.9999999999999787,-25.99999999999998,-0.015207308062442762
2009-09-17,1065.489990234375,0.98,3.42,8.09,-0.003064329005571477,-3.0000000000000027,-6.000000000000005,0.0,0.003064329005571477
2009-09-18,1068.300048828125,1.03,3.49,7.98,0.0026338675941077866,5.000000000000004,7.000000000000028,-10.999999999999943,-0.0026338675941077866
2009-09-21,1064.660034179688,1.02,3.49,8.0,-0.003413114207888382,-1.0000000000000009,0.0,1.9999999999999574,0.003413114207888382
2009-09-22,1071.660034179688,1.02,3.46,7.93,0.006553348588268071,0.0,-3.000000000000025,-7.000000000000028,-0.006553348588268071
2009-09-23,1060.869995117188,0.96,3.44,7.88,-0.0101195584531233,-6.000000000000005,-2.0000000000000018,-4.999999999999982,0.0101195584531233
2009-09-24,1050.780029296875,0.93,3.4,7.87,-0.009556548191774638,-2.9999999999999916,-4.0000000000000036,-0.9999999999999787,0.009556548191774638
2009-09-25,1044.380004882812,0.98,3.34,7.89,-0.0061093608278186716,4.999999999999993,-6.000000000000005,1.9999999999999574,0.0061093608278186716
2009-09-28,1062.97998046875,0.98,3.31,7.95,0.017652853549567495,0.0,-2.9999999999999805,6.00000000000005,-0.017652853549567495
2009-09-29,1060.609985351562,1.0,3.31,7.91,-0.0022320656428967502,2.0000000000000018,0.0,-4.0000000000000036,0.0022320656428967502
2009-09-30,1057.079956054688,0.95,3.31,7.93,-0.0033338521352115507,-5.000000000000004,0.0,1.9999999999999574,0.0033338521352115507
2009-10-01,1029.849975585938,0.87,3.21,8.11,-0.026097211493280956,-7.9999999999999964,-10.000000000000009,17.99999999999997,0.026097211493280956
2009-10-02,1025.2099609375,0.88,3.24,8.2,-0.004515705309363956,1.0000000000000009,3.000000000000025,8.999999999999986,0.004515705309363956
2009-10-05,1040.4599609375,0.88,3.24,8.15,0.014765453960324762,0.0,0.0,-4.999999999999893,-0.014765453960324762
2009-10-06,1054.719970703125,0.91,3.27,8.05,0.0136124155690534,3.0000000000000027,2.9999999999999805,-9.999999999999964,-0.0136124155690534
2009-10-07,1057.579956054688,0.87,3.21,8.11,0.0027079365605270646,-4.0000000000000036,-6.000000000000005,5.999999999999872,-0.0027079365605270646
2009-10-08,1065.47998046875,0.9,3.27,8.0,0.007442145876693105,3.0000000000000027,6.000000000000005,-10.999999999999943,-0.007442145876693105
2009-10-09,1071.489990234375,0.98,3.4,7.87,0.005624810543572637,7.9999999999999964,12.99999999999999,-12.99999999999999,-0.005624810543572637
2009-10-12,1076.18994140625,0.98,3.4,7.88,0.004376777568566423,0.0,0.0,0.9999999999999787,-0.004376777568566423
2009-10-13,1073.18994140625,0.91,3.34,7.93,-0.002791504630813565,-6.999999999999995,-6.000000000000005,4.999999999999982,0.002791504630813565
2009-10-14,1092.02001953125,0.96,3.45,7.76,0.017393743058258578,4.999999999999993,11.000000000000032,-16.999999999999993,-0.017393743058258578
2009-10-15,1096.56005859375,0.97,3.49,7.69,0.004148850316393222,1.0000000000000009,4.0000000000000036,-6.99999999999994,-0.004148850316393222
2009-10-16,1087.680053710938,0.97,3.43,7.69,-0.008131023468328153,0.0,-6.000000000000005,0.0,0.008131023468328153
2009-10-19,1097.910034179688,0.99,3.41,7.67,0.009361366739513969,2.0000000000000018,-2.0000000000000018,-2.000000000000046,-0.009361366739513969
2009-10-20,1091.06005859375,0.95,3.35,7.66,-0.006258649187024773,-4.0000000000000036,-6.000000000000005,-0.9999999999999787,0.006258649187024773
2009-10-21,1081.400024414062,1.0,3.42,7.58,-0.008893233917182344,5.000000000000004,6.999999999999984,-8.000000000000007,0.008893233917182344
2009-10-22,1092.910034179688,0.97,3.44,7.52,0.010587374358509021,-3.0000000000000027,2.0000000000000018,-6.00000000000005,-0.010587374358509021
2009-10-23,1079.599975585938,1.04,3.51,7.45,-0.01225331535289976,7.000000000000006,6.999999999999984,-6.99999999999994,0.01225331535289976
2009-10-26,1066.949951171875,1.06,3.59,7.35,-0.011786514446439047,2.0000000000000018,8.000000000000007,-10.000000000000053,0.011786514446439047
2009-10-27,1063.410034179688,0.99,3.49,7.47,-0.003323307116675047,-7.000000000000006,-9.999999999999964,12.00000000000001,0.003323307116675047
2009-10-28,1042.630004882812,0.95,3.44,7.59,-0.019734386145242096,-4.0000000000000036,-5.000000000000027,12.00000000000001,0.019734386145242096
2009-10-29,1066.109985351562,0.98,3.53,7.56,0.022270124333967762,3.0000000000000027,8.999999999999986,-3.000000000000025,-0.022270124333967762
2009-10-30,1036.18994140625,0.9,3.41,7.66,-0.0284660280152503,-7.9999999999999964,-11.999999999999966,10.000000000000053,0.0284660280152503
2009-11-02,1042.880004882812,0.92,3.45,7.6,0.006435653191020579,2.0000000000000018,4.0000000000000036,-6.00000000000005,-0.006435653191020579
2009-11-03,1045.410034179688,0.92,3.5,7.61,0.002423064313307031,0.0,4.999999999999982,1.0000000000000675,-0.002423064313307031
2009-11-04,1046.5,0.91,3.57,7.55,0.001042077241504739,-1.0000000000000009,6.999999999999984,-6.00000000000005,-0.001042077241504739
2009-11-05,1066.630004882812,0.9,3.57,7.56,0.01905288722061359,-1.0000000000000009,0.0,0.9999999999999787,-0.01905288722061359
2009-11-06,1069.300048828125,0.86,3.54,7.6,0.0025001243195769576,-4.0000000000000036,-2.9999999999999805,4.0000000000000036,-0.0025001243195769576
2009-11-09,1093.079956054688,0.87,3.52,7.57,0.021995084915274566,1.0000000000000009,-2.0000000000000018,-2.999999999999936,-0.021995084915274566
2009-11-10,1093.010009765625,0.85,3.5,7.52,-6.39921413852817e-05,-2.0000000000000018,-2.0000000000000018,-5.000000000000071,6.39921413852817e-05
2009-11-11,1098.510009765625,0.85,3.5,7.52,0.005019357795690984,0.0,0.0,0.0,-0.005019357795690984
2009-11-12,1087.239990234375,0.82,3.45,7.54,-0.010312359059078017,-3.0000000000000027,-4.999999999999982,2.000000000000046,0.010312359059078017
2009-11-13,1093.47998046875,0.82,3.43,7.52,0.005722887256427731,0.0,-2.0000000000000018,-2.000000000000046,-0.005722887256427731
2009-11-16,1109.300048828125,0.78,3.33,7.55,0.01436397656849818,-3.9999999999999925,-10.000000000000009,3.000000000000025,-0.01436397656849818
2009-11-17,1110.319946289062,0.78,3.33,7.55,0.0009189839116232825,0.0,0.0,0.0,-0.0009189839116232825
2009-11-18,1109.800048828125,0.77,3.36,7.51,-0.0004683507842674474,-1.0000000000000009,2.9999999999999805,-4.0000000000000036,0.0004683507842674474
2009-11-19,1094.900024414062,0.73,3.35,7.55,-0.0135168057116668,-4.0000000000000036,-0.9999999999999787,4.0000000000000036,0.0135168057116668
2009-11-20,1091.380004882812,0.75,3.36,7.54,-0.0032201022062016984,2.0000000000000018,0.9999999999999787,-0.9999999999999787,0.0032201022062016984
2009-11-23,1106.239990234375,0.77,3.37,7.52,0.013523913934335517,2.0000000000000018,1.000000000000023,-2.000000000000046,-0.013523913934335517
2009-11-24,1105.650024414062,0.73,3.32,7.56,-0.0005334495209040827,-4.0000000000000036,-5.000000000000027,4.0000000000000036,0.0005334495209040827
2009-11-25,1110.630004882812,0.73,3.28,7.57,0.004494006880236033,0.0,-4.0000000000000036,1.0000000000000675,-0.004494006880236033
2009-11-27,1091.489990234375,0.68,3.21,7.64,-0.01738369996793387,-4.999999999999993,-6.999999999999984,6.99999999999994,0.01738369996793387
2009-11-30,1095.630004882812,0.67,3.21,7.65,0.003785818430064597,-1.0000000000000009,0.0,1.0000000000000675,-0.003785818430064597
2009-12-01,1108.859985351562,0.67,3.28,7.58,0.012002902588402555,0.0,6.999999999999984,-7.000000000000028,-0.012002902588402555
2009-12-02,1109.239990234375,0.72,3.32,7.49,0.00034263999883986195,4.999999999999993,4.0000000000000036,-8.999999999999986,-0.00034263999883986195
2009-12-03,1099.920043945312,0.74,3.39,7.4,-0.00843759749203441,2.0000000000000018,7.000000000000028,-8.999999999999986,0.00843759749203441
2009-12-04,1105.97998046875,0.84,3.48,7.24,0.005494312254292879,9.999999999999998,8.999999999999986,-16.000000000000014,-0.005494312254292879
2009-12-07,1103.25,0.78,3.44,7.26,-0.002471432926803079,-5.999999999999995,-4.0000000000000036,1.9999999999999574,0.002471432926803079
2009-12-08,1091.93994140625,0.73,3.4,7.31,-0.010304492069516176,-5.000000000000004,-4.0000000000000036,4.999999999999982,0.010304492069516176
2009-12-09,1095.949951171875,0.76,3.45,7.26,0.0036656453959778533,3.0000000000000027,5.000000000000027,-4.999999999999982,-0.0036656453959778533
2009-12-10,1102.349975585938,0.78,3.49,7.18,0.005822720019584196,2.0000000000000018,4.0000000000000036,-8.000000000000007,-0.005822720019584196
2009-12-11,1106.410034179688,0.83,3.55,7.09,0.0036763280289124935,4.999999999999993,5.999999999999961,-8.999999999999986,-0.0036763280289124935
2009-12-14,1114.109985351562,0.87,3.56,6.97,0.006935296207215801,4.0000000000000036,1.000000000000023,-12.00000000000001,-0.006935296207215801
2009-12-15,1107.930053710938,0.88,3.6,6.86,-0.005562408837015326,1.0000000000000009,4.0000000000000036,-10.999999999999943,0.005562408837015326
2009-12-16,1109.180053710938,0.85,3.61,6.82,0.0011275940949076902,-3.0000000000000027,0.9999999999999787,-4.0000000000000036,-0.0011275940949076902
2009-12-17,1096.079956054688,0.77,3.5,6.91,-0.01188091353803201,-7.9999999999999964,-10.999999999999988,8.999999999999986,0.01188091353803201
2009-12-18,1102.469970703125,0.82,3.55,6.84,0.005812952040880531,4.999999999999993,4.999999999999982,-7.000000000000028,-0.005812952040880531
2009-12-21,1114.050048828125,0.89,3.69,6.72,0.010448977120226209,7.000000000000006,14.000000000000012,-12.00000000000001,-0.010448977120226209
2009-12-22,1118.02001953125,0.95,3.76,6.65,0.0035572134993947157,5.999999999999995,6.999999999999984,-6.99999999999994,-0.0035572134993947157
2009-12-23,1120.589965820312,0.96,3.77,6.6,0.0022960206868365284,1.0000000000000009,1.000000000000023,-5.000000000000071,-0.0022960206868365284
2009-12-24,1126.47998046875,1.0,3.82,6.54,0.0052424074717251435,4.0000000000000036,4.999999999999982,-5.999999999999961,-0.0052424074717251435
2009-12-28,1127.780029296875,1.09,3.85,6.5,0.0011534152818410755,9.000000000000007,3.000000000000025,-4.0000000000000036,-0.0011534152818410755
2009-12-29,1126.199951171875,1.09,3.82,6.49,-0.0014020340886091167,0.0,-3.000000000000025,-0.9999999999999787,0.0014020340886091167
2009-12-30,1126.420043945312,1.08,3.8,6.5,0.00019541047723496455,-1.0000000000000009,-2.0000000000000018,0.9999999999999787,-0.00019541047723496455
2009-12-31,1115.099975585938,1.14,3.85,6.39,-0.010100435863961567,5.999999999999983,5.000000000000027,-11.000000000000032,0.010100435863961567
2010-01-04,1132.989990234375,1.09,3.85,6.34,0.01591608216712595,-4.999999999999982,0.0,-4.999999999999982,-0.01591608216712595
2010-01-05,1136.52001953125,1.01,3.77,6.3,0.003110831966759719,-8.000000000000007,-8.000000000000007,-4.0000000000000036,-0.003110831966759719
2010-01-06,1137.140014648438,1.01,3.85,6.17,0.0005453718878238571,0.0,8.000000000000007,-12.99999999999999,-0.0005453718878238571
2010-01-07,1141.68994140625,1.03,3.85,6.03,0.003993218354653801,2.0000000000000018,0.0,-13.999999999999968,-0.003993218354653801
2010-01-08,1144.97998046875,0.96,3.83,6.02,0.0028775830750962126,-7.000000000000006,-2.0000000000000018,-1.0000000000000675,-0.0028775830750962126
2010-01-11,1146.97998046875,0.95,3.85,5.99,0.0017452316285846302,-1.0000000000000009,2.0000000000000018,-2.999999999999936,-0.0017452316285846302
2010-01-12,1136.219970703125,0.92,3.74,6.07,-0.00942544643894456,-2.9999999999999916,-10.999999999999988,8.000000000000007,0.00942544643894456
2010-01-13,1145.680053710938,0.97,3.8,6.03,0.008291456333360859,4.999999999999993,5.999999999999961,-4.0000000000000036,-0.008291456333360859
2010-01-14,1148.4599609375,0.94,3.76,6.04,0.0024234864214137397,-3.0000000000000027,-4.0000000000000036,0.9999999999999787,-0.0024234864214137397
2010-01-15,1136.030029296875,0.89,3.7,6.1,-0.010882126301208588,-4.999999999999993,-5.999999999999961,5.999999999999961,0.010882126301208588
2010-01-19,1150.22998046875,0.93,3.73,6.11,0.012422151207737096,4.0000000000000036,2.9999999999999805,1.0000000000000675,-0.012422151207737096
2010-01-20,1138.0400390625,0.92,3.68,6.16,-0.010654386601861304,-1.0000000000000009,-4.999999999999982,4.999999999999982,0.010654386601861304
2010-01-21,1116.47998046875,0.87,3.62,6.24,-0.019126657272987804,-5.000000000000004,-6.000000000000005,8.000000000000007,0.019126657272987804
2010-01-22,1091.760009765625,0.84,3.62,6.36,-0.02238977963010898,-3.0000000000000027,0.0,12.00000000000001,0.02238977963010898
2010-01-25,1096.780029296875,0.86,3.66,6.42,0.004587559053796009,2.0000000000000018,4.0000000000000036,5.999999999999961,-0.004587559053796009
2010-01-26,1092.170043945312,0.87,3.65,6.44,-0.004212057847786035,1.0000000000000009,-1.000000000000023,2.000000000000046,0.004212057847786035
2010-01-27,1097.5,0.9,3.66,6.41,0.0048682828686122505,3.0000000000000027,1.000000000000023,-3.000000000000025,-0.0048682828686122505
2010-01-28,1084.530029296875,0.87,3.68,6.41,-0.011888125534279259,-3.0000000000000027,2.0000000000000018,0.0,0.011888125534279259
2010-01-29,1073.869995117188,0.82,3.63,6.46,-0.009877799049982134,-5.000000000000004,-5.000000000000027,4.999999999999982,0.009877799049982134
2010-02-01,1089.18994140625,0.86,3.68,6.54,0.014165305546369219,4.0000000000000036,5.000000000000027,8.000000000000007,-0.014165305546369219
2010-02-02,1103.319946289062,0.86,3.67,6.54,0.012889520445202361,0.0,-1.000000000000023,0.0,-0.012889520445202361
2010-02-03,1097.280029296875,0.88,3.73,6.46,-0.0054893503825380885,2.0000000000000018,6.000000000000005,-8.000000000000007,0.0054893503825380885
2010-02-04,1063.109985351562,0.8,3.62,6.59,-0.031635856049807363,-7.9999999999999964,-10.999999999999988,12.99999999999999,0.031635856049807363
2010-02-05,1066.18994140625,0.77,3.59,6.81,0.0028929303608270455,-3.0000000000000027,-3.000000000000025,21.999999999999975,-0.0028929303608270455
2010-02-08,1056.739990234375,0.79,3.62,6.85,-0.008902803100374192,2.0000000000000018,3.000000000000025,4.0000000000000036,0.008902803100374192
2010-02-09,1070.52001953125,0.84,3.67,6.88,0.01295584177358637,4.999999999999993,4.999999999999982,3.000000000000025,-0.01295584177358637
2010-02-10,1068.130004882812,0.91,3.72,6.93,-0.002235069428007869,7.000000000000006,5.000000000000027,4.999999999999982,0.002235069428007869
2010-02-11,1078.469970703125,0.91,3.73,6.98,0.009633882335101507,0.0,0.9999999999999787,5.000000000000071,-0.009633882335101507
2010-02-12,1075.510009765625,0.84,3.69,7.03,-0.0027483661199411307,-7.000000000000006,-4.0000000000000036,4.999999999999982,0.0027483661199411307
2010-02-16,1094.869995117188,0.82,3.66,7.02,0.017840653536261866,-2.0000000000000018,-2.9999999999999805,-1.0000000000000675,-0.017840653536261866
2010-02-17,1099.510009765625,0.87,3.74,6.8,0.004229004596710153,5.000000000000004,8.000000000000007,-21.999999999999975,-0.004229004596710153
2010-02-18,1106.75,0.9,3.79,6.65,0.006563157733795463,3.0000000000000027,4.999999999999982,-14.999999999999947,-0.006563157733795463
2010-02-19,1109.170043945312,0.95,3.78,6.56,0.0021842348635905625,4.999999999999993,-1.000000000000023,-9.000000000000075,-0.0021842348635905625
2010-02-22,1108.010009765625,0.91,3.8,6.5,-0.0010464051249198779,-3.9999999999999925,2.0000000000000018,-5.999999999999961,0.0010464051249198779
2010-02-23,1094.599975585938,0.87,3.69,6.6,-0.01217664494519825,-4.0000000000000036,-10.999999999999988,9.999999999999964,0.01217664494519825
2010-02-24,1105.239990234375,0.87,3.7,6.58,0.009673519697189444,0.0,1.000000000000023,-1.9999999999999574,-0.009673519697189444
2010-02-25,1102.93994140625,0.82,3.64,6.65,-0.0020832085528651543,-5.000000000000004,-6.000000000000005,7.000000000000028,0.0020832085528651543
2010-02-26,1104.489990234375,0.81,3.61,6.66,0.0014043925568579447,-0.9999999999999898,-3.000000000000025,0.9999999999999787,-0.0014043925568579447
2010-03-01,1115.7099609375,0.8,3.61,6.66,0.010107257423603737,-1.0000000000000009,0.0,0.0,-0.010107257423603737
2010-03-02,1118.31005859375,0.8,3.62,6.58,0.0023277310028862693,0.0,1.000000000000023,-8.000000000000007,-0.0023277310028862693
2010-03-03,1118.7900390625,0.82,3.63,6.54,0.00042910952140039855,1.9999999999999907,0.9999999999999787,-4.0000000000000036,-0.00042910952140039855
2010-03-04,1122.969970703125,0.86,3.61,6.49,0.00372915607957138,4.0000000000000036,-2.0000000000000018,-4.999999999999982,-0.00372915607957138
2010-03-05,1138.699951171875,0.91,3.69,6.37,0.013910282801603982,5.000000000000004,8.000000000000007,-12.00000000000001,-0.013910282801603982
2010-03-08,1138.5,0.9,3.72,6.27,-0.00017561143217653642,-1.0000000000000009,3.000000000000025,-10.000000000000053,0.00017561143217653642
2010-03-09,1140.449951171875,0.89,3.71,6.23,0.0017112720239721047,-1.0000000000000009,-1.000000000000023,-3.9999999999999147,-0.0017112720239721047
2010-03-10,1145.609985351562,0.92,3.73,6.16,0.004514354904212508,3.0000000000000027,2.0000000000000018,-7.000000000000028,-0.004514354904212508
2010-03-11,1150.239990234375,0.97,3.73,6.15,0.004033374313506412,4.999999999999993,0.0,-0.9999999999999787,-0.004033374313506412
2010-03-12,1149.989990234375,0.97,3.71,6.11,-0.0002173695700926971,0.0,-2.0000000000000018,-4.0000000000000036,0.0002173695700926971
2010-03-15,1150.510009765625,0.96,3.71,6.12,0.00045209262343589776,-1.0000000000000009,0.0,0.9999999999999787,-0.00045209262343589776
2010-03-16,1159.4599609375,0.93,3.66,6.16,0.007749014983159959,-2.9999999999999916,-4.999999999999982,4.0000000000000036,-0.007749014983159959
2010-03-17,1166.2099609375,0.95,3.65,6.11,0.005804795332563638,1.9999999999999907,-1.000000000000023,-4.999999999999982,-0.005804795332563638
2010-03-18,1165.829956054688,0.98,3.68,6.02,-0.0003258991266886499,3.0000000000000027,3.000000000000025,-9.000000000000075,0.0003258991266886499
2010-03-19,1159.900024414062,1.02,3.7,5.98,-0.005099426451613487,4.0000000000000036,2.0000000000000018,-3.9999999999999147,0.005099426451613487
2010-03-22,1165.81005859375,1.01,3.67,6.02,0.005082359099180507,-1.0000000000000009,-3.000000000000025,3.9999999999999147,-0.005082359099180507
2010-03-23,1174.170043945312,1.02,3.69,6.0,0.00714537778479973,1.0000000000000009,2.0000000000000018,-1.9999999999999574,-0.00714537778479973
2010-03-24,1167.719970703125,1.08,3.84,5.85,-0.005508447887287974,6.000000000000005,14.999999999999991,-15.000000000000036,0.005508447887287974
2010-03-25,1165.72998046875,1.1,3.91,5.78,-0.0017056210833286789,2.0000000000000018,7.000000000000028,-6.99999999999994,0.0017056210833286789
2010-03-26,1166.589965820312,1.04,3.86,5.8,0.0007374506159881914,-6.000000000000005,-5.000000000000027,1.9999999999999574,-0.0007374506159881914
2010-03-29,1173.219970703125,1.04,3.88,5.79,0.005667146312798498,0.0,2.0000000000000018,-0.9999999999999787,-0.005667146312798498
2010-03-30,1173.27001953125,1.06,3.88,5.77,4.26584629303888e-05,2.0000000000000018,0.0,-2.000000000000046,-4.26584629303888e-05
2010-03-31,1169.430053710938,1.02,3.84,5.84,-0.003278242318032416,-4.0000000000000036,-4.0000000000000036,7.000000000000028,0.003278242318032416
2010-04-01,1178.099975585938,1.05,3.89,5.82,0.007386454005524301,3.0000000000000027,5.000000000000027,-1.9999999999999574,-0.007386454005524301
2010-04-05,1187.43994140625,1.18,4.01,5.65,0.007896729443087443,12.99999999999999,11.999999999999966,-16.999999999999993,-0.007896729443087443
2010-04-06,1189.43994140625,1.14,3.98,5.65,0.001682878875349027,-4.0000000000000036,-2.9999999999999805,0.0,-0.001682878875349027
2010-04-07,1182.449951171875,1.06,3.89,5.72,-0.005894042967262019,-7.999999999999985,-8.999999999999986,6.99999999999994,0.005894042967262019
2010-04-08,1186.43994140625,1.09,3.91,5.7,0.0033686614308549275,3.0000000000000027,2.0000000000000018,-1.9999999999999574,-0.0033686614308549275
2010-04-09,1194.369995117188,1.08,3.9,5.68,0.006661668296832111,-1.0000000000000009,-1.000000000000023,-2.000000000000046,-0.006661668296832111
2010-04-12,1196.47998046875,1.07,3.87,5.68,0.0017650508571396663,-1.0000000000000009,-2.9999999999999805,0.0,-0.0017650508571396663
2010-04-13,1197.300048828125,1.07,3.84,5.66,0.0006851660398368415,0.0,-3.000000000000025,-1.9999999999999574,-0.0006851660398368415
2010-04-14,1210.650024414062,1.07,3.88,5.57,0.011088363099908178,0.0,4.0000000000000036,-8.999999999999986,-0.011088363099908178
2010-04-15,1211.670043945312,1.04,3.86,5.52,0.0008421839911768203,-3.0000000000000027,-2.0000000000000018,-5.000000000000071,-0.0008421839911768203
2010-04-16,1192.130004882812,0.98,3.79,5.57,-0.016257982418547083,-6.000000000000005,-6.999999999999984,5.000000000000071,0.016257982418547083
2010-04-19,1197.52001953125,1.01,3.83,5.59,0.00451114073953024,3.0000000000000027,4.0000000000000036,1.9999999999999574,-0.00451114073953024
2010-04-20,1207.170043945312,1.05,3.82,5.54,0.008026045737070938,4.0000000000000036,-1.000000000000023,-4.999999999999982,-0.008026045737070938
2010-04-21,1205.93994140625,1.03,3.77,5.55,-0.0010195164357016374,-2.0000000000000018,-4.999999999999982,0.9999999999999787,0.0010195164357016374
2010-04-22,1208.670043945312,1.07,3.8,5.5,0.002261320643089753,4.0000000000000036,2.9999999999999805,-4.999999999999982,-0.002261320643089753
2010-04-23,1217.280029296875,1.1,3.84,5.44,0.007098267683218691,3.0000000000000027,4.0000000000000036,-5.999999999999961,-0.007098267683218691
2010-04-26,1212.050048828125,1.09,3.83,5.42,-0.004305704355093108,-1.0000000000000009,-0.9999999999999787,-2.000000000000046,0.004305704355093108
2010-04-27,1183.7099609375,1.03,3.71,5.55,-0.023659640178701643,-6.000000000000005,-12.00000000000001,12.99999999999999,0.023659640178701643
2010-04-28,1191.359985351562,1.03,3.8,5.51,0.006441958378180678,0.0,8.999999999999986,-4.0000000000000036,-0.006441958378180678
2010-04-29,1206.780029296875,1.01,3.76,5.54,0.012860180281290011,-2.0000000000000018,-4.0000000000000036,3.000000000000025,-0.012860180281290011
2010-04-30,1186.68994140625,0.97,3.69,5.61,-0.016787810139866296,-4.0000000000000036,-6.999999999999984,7.000000000000028,0.016787810139866296
2010-05-03,1202.260009765625,1.0,3.72,5.57,0.01303525745326214,3.0000000000000027,3.000000000000025,-4.0000000000000036,-0.01303525745326214
2010-05-04,1173.599975585938,0.96,3.63,5.68,-0.024127199957417873,-4.0000000000000036,-9.00000000000003,10.999999999999943,0.024127199957417873
2010-05-05,1165.869995117188,0.88,3.58,5.91,-0.006608341800780098,-7.9999999999999964,-4.999999999999982,23.000000000000043,0.006608341800780098
2010-05-06,1128.150024414062,0.75,3.41,6.26,-0.03288844064396447,-13.0,-16.999999999999993,34.999999999999964,0.03288844064396447
2010-05-07,1110.880004882812,0.83,3.45,6.47,-0.015426646180907493,7.9999999999999964,4.0000000000000036,20.999999999999996,0.015426646180907493
2010-05-10,1159.72998046875,0.87,3.57,6.25,0.043034704145615874,4.0000000000000036,11.999999999999966,-21.999999999999975,-0.043034704145615874
2010-05-11,1155.7900390625,0.85,3.56,6.34,-0.003403075918466228,-2.0000000000000018,-0.9999999999999787,8.999999999999986,0.003403075918466228
2010-05-12,1171.670043945312,0.89,3.56,6.18,0.013645992401824044,4.0000000000000036,0.0,-16.000000000000014,-0.013645992401824044
2010-05-13,1157.43994140625,0.87,3.55,6.14,-0.012219499889224774,-2.0000000000000018,-1.000000000000023,-4.0000000000000036,0.012219499889224774
2010-05-14,1135.680053710938,0.79,3.44,6.33,-0.018978981387949356,-7.9999999999999964,-10.999999999999988,19.00000000000004,0.018978981387949356
2010-05-17,1136.93994140625,0.81,3.47,6.36,0.0011087536210079932,2.0000000000000018,3.000000000000025,3.000000000000025,-0.0011087536210079932
2010-05-18,1120.800048828125,0.76,3.38,6.46,-0.01429763178499772,-5.000000000000004,-9.00000000000003,9.999999999999964,0.01429763178499772
2010-05-19,1115.050048828125,0.8,3.36,6.59,-0.005143468860015588,4.0000000000000036,-2.0000000000000018,12.99999999999999,0.005143468860015588
2010-05-20,1071.589965820312,0.76,3.25,6.92,-0.03975579583776673,-4.0000000000000036,-10.999999999999988,33.00000000000001,0.03975579583776673
2010-05-21,1087.68994140625,0.76,3.2,7.02,0.014912632585704777,0.0,-4.999999999999982,9.999999999999964,-0.014912632585704777
2010-05-24,1073.650024414062,0.77,3.23,6.97,-0.01299204632368806,1.0000000000000009,2.9999999999999805,-4.999999999999982,0.01299204632368806
2010-05-25,1074.030029296875,0.81,3.18,7.24,0.00035387476465300477,4.0000000000000036,-4.999999999999982,27.000000000000046,-0.00035387476465300477
2010-05-26,1067.949951171875,0.82,3.21,7.07,-0.005677078693651669,0.9999999999999898,2.9999999999999805,-16.999999999999993,0.005677078693651669
2010-05-27,1103.06005859375,0.87,3.34,6.88,0.032347311768677056,5.000000000000004,12.99999999999999,-19.00000000000004,-0.032347311768677056
2010-05-28,1089.410034179688,0.76,3.31,6.9,-0.012451892345405351,-10.999999999999998,-2.9999999999999805,2.000000000000046,0.012451892345405351
2010-06-01,1070.7099609375,0.78,3.29,7.04,-0.017314353324599224,2.0000000000000018,-2.0000000000000018,13.999999999999968,0.017314353324599224
2010-06-02,1098.380004882812,0.82,3.35,7.04,0.025514428108342237,3.9999999999999925,6.000000000000005,0.0,-0.025514428108342237
2010-06-03,1102.829956054688,0.82,3.39,6.93,0.004043191983443327,0.0,4.0000000000000036,-11.000000000000032,-0.004043191983443327
2010-06-04,1064.880004882812,0.72,3.2,7.14,-0.03501744208983191,-9.999999999999998,-18.999999999999993,20.999999999999996,0.03501744208983191
2010-06-07,1050.469970703125,0.74,3.17,7.18,-0.013624466165715197,2.0000000000000018,-3.000000000000025,4.0000000000000036,0.013624466165715197
2010-06-08,1062.0,0.74,3.18,7.27,0.01091626764351899,0.0,1.000000000000023,8.999999999999986,-0.01091626764351899
2010-06-09,1055.68994140625,0.74,3.2,7.26,-0.005959396741888012,0.0,2.0000000000000018,-0.9999999999999787,0.005959396741888012
2010-06-10,1086.839965820312,0.79,3.33,7.19,0.029079845666176475,5.000000000000004,12.99999999999999,-6.99999999999994,-0.029079845666176475
2010-06-11,1091.599975585938,0.75,3.24,7.27,0.004370115742618394,-4.0000000000000036,-8.999999999999986,7.999999999999918,-0.004370115742618394
2010-06-14,1089.630004882812,0.77,3.28,7.16,-0.001806293931757502,2.0000000000000018,3.999999999999959,-10.999999999999943,0.001806293931757502
2010-06-15,1115.22998046875,0.79,3.32,7.03,0.023222450598500883,2.0000000000000018,4.0000000000000036,-12.99999999999999,-0.023222450598500883
2010-06-16,1114.609985351562,0.75,3.27,6.97,-0.0005560893540957602,-4.0000000000000036,-4.999999999999982,-6.00000000000005,0.0005560893540957602
2010-06-17,1116.0400390625,0.72,3.21,6.91,0.0012821858123898476,-3.0000000000000027,-6.000000000000005,-5.999999999999961,-0.0012821858123898476
2010-06-18,1117.510009765625,0.74,3.24,6.82,0.0013162641384549061,2.0000000000000018,3.000000000000025,-8.999999999999986,-0.0013162641384549061
2010-06-21,1113.199951171875,0.74,3.26,6.68,-0.003864297943398893,0.0,1.9999999999999574,-14.000000000000057,0.003864297943398893
2010-06-22,1095.31005859375,0.71,3.18,6.75,-0.01620122508698942,-3.0000000000000027,-7.999999999999963,7.000000000000028,0.01620122508698942
2010-06-23,1092.0400390625,0.66,3.13,6.82,-0.00298993926106872,-4.999999999999993,-5.000000000000027,7.000000000000028,0.00298993926106872
2010-06-24,1073.68994140625,0.67,3.14,6.89,-0.016946283204951274,1.0000000000000009,1.000000000000023,6.99999999999994,0.016946283204951274
2010-06-25,1076.760009765625,0.65,3.12,6.9,0.002855281931545411,-2.0000000000000018,-2.0000000000000018,1.0000000000000675,-0.002855281931545411
2010-06-28,1074.569946289062,0.62,3.05,6.93,-0.0020360096106548852,-3.0000000000000027,-7.000000000000028,2.999999999999936,0.0020360096106548852
2010-06-29,1041.239990234375,0.61,2.97,7.06,-0.031508230342208454,-1.0000000000000009,-7.999999999999963,12.99999999999999,0.031508230342208454
2010-06-30,1030.7099609375,0.61,2.97,7.13,-0.01016445397333528,0.0,0.0,7.000000000000028,0.01016445397333528
2010-07-01,1027.369995117188,0.63,2.96,7.17,-0.0032457133092436666,2.0000000000000018,-1.000000000000023,4.0000000000000036,0.0032457133092436666
2010-07-02,1022.580017089844,0.63,3.0,7.13,-0.004673271754301731,0.0,4.0000000000000036,-4.0000000000000036,0.004673271754301731
2010-07-06,1028.06005859375,0.62,2.95,7.14,0.005344725887457507,-1.0000000000000009,-4.999999999999982,0.9999999999999787,-0.005344725887457507
2010-07-07,1060.27001953125,0.63,3.0,7.1,0.030850023008263838,1.0000000000000009,4.999999999999982,-4.0000000000000036,-0.030850023008263838
2010-07-08,1070.25,0.63,3.04,6.98,0.00936865495165787,0.0,4.0000000000000036,-11.999999999999922,-0.00936865495165787
2010-07-09,1077.9599609375,0.63,3.07,6.88,0.007178063766629461,0.0,2.9999999999999805,-10.000000000000053,-0.007178063766629461
2010-07-12,1078.75,0.65,3.08,6.85,0.0007326336059528174,2.0000000000000018,1.000000000000023,-3.000000000000025,-0.0007326336059528174
2010-07-13,1095.339965820312,0.67,3.15,6.7,0.015261822735572627,2.0000000000000018,6.999999999999984,-14.999999999999947,-0.015261822735572627
2010-07-14,1095.170043945312,0.62,3.07,6.68,-0.00015514366479341991,-5.000000000000004,-8.000000000000007,-2.000000000000046,0.00015514366479341991
2010-07-15,1096.47998046875,0.61,3.0,6.73,0.0011953885564140504,-1.0000000000000009,-6.999999999999984,5.000000000000071,-0.0011953885564140504
2010-07-16,1064.880004882812,0.61,2.96,6.77,-0.029242909700750573,0.0,-4.0000000000000036,3.9999999999999147,0.029242909700750573
2010-07-19,1071.25,0.61,2.99,6.77,0.005964069587909037,0.0,3.000000000000025,0.0,-0.005964069587909037
2010-07-20,1083.47998046875,0.61,2.98,6.79,0.011351874168992774,0.0,-1.000000000000023,2.000000000000046,-0.011351874168992774
2010-07-21,1069.589965820312,0.58,2.9,6.75,-0.012902699582286658,-3.0000000000000027,-8.000000000000007,-4.0000000000000036,0.012902699582286658
2010-07-22,1093.670043945312,0.6,2.96,6.67,0.022263687822425646,2.0000000000000018,6.000000000000005,-8.000000000000007,-0.022263687822425646
2010-07-23,1102.660034179688,0.6,3.02,6.59,0.00818642018434567,0.0,6.000000000000005,-8.000000000000007,-0.00818642018434567
2010-07-26,1115.010009765625,0.62,3.03,6.54,0.011137908716729322,2.0000000000000018,0.9999999999999787,-4.999999999999982,-0.011137908716729322
2010-07-27,1113.839965820312,0.65,3.08,6.43,-0.0010499083075202348,3.0000000000000027,5.000000000000027,-11.000000000000032,0.0010499083075202348
2010-07-28,1106.130004882812,0.61,3.03,6.47,-0.006946032638280118,-4.0000000000000036,-5.000000000000027,4.0000000000000036,0.006946032638280118
2010-07-29,1101.530029296875,0.59,3.03,6.48,-0.004167292220516196,-2.0000000000000018,0.0,1.0000000000000675,0.004167292220516196
2010-07-30,1101.599975585938,0.55,2.94,6.57,6.349719619943424e-05,-3.9999999999999925,-8.999999999999986,8.999999999999986,-6.349719619943424e-05
2010-08-02,1125.859985351562,0.56,2.99,6.54,0.021783528781165892,1.0000000000000009,5.000000000000027,-3.000000000000025,-0.021783528781165892
2010-08-03,1120.4599609375,0.53,2.94,6.55,-0.0048078946413300586,-3.0000000000000027,-5.000000000000027,0.9999999999999787,0.0048078946413300586
2010-08-04,1127.239990234375,0.56,2.98,6.49,0.006032878060028029,3.0000000000000027,4.0000000000000036,-5.999999999999961,-0.006032878060028029
2010-08-05,1125.81005859375,0.53,2.94,6.51,-0.0012693298432147424,-3.0000000000000027,-4.0000000000000036,1.9999999999999574,0.0012693298432147424
2010-08-06,1121.640014648438,0.5,2.86,6.57,-0.0037109155663969623,-3.0000000000000027,-8.000000000000007,6.00000000000005,0.0037109155663969623
2010-08-09,1127.7900390625,0.54,2.86,6.54,0.005468087107405086,4.0000000000000036,0.0,-3.000000000000025,-0.005468087107405086
2010-08-10,1121.06005859375,0.52,2.79,6.6,-0.005985281603927613,-2.0000000000000018,-6.999999999999984,5.999999999999961,0.005985281603927613
2010-08-11,1089.469970703125,0.54,2.72,6.78,-0.028583405997961563,2.0000000000000018,-6.999999999999984,18.00000000000006,0.028583405997961563
2010-08-12,1083.609985351562,0.55,2.74,6.83,-0.0053932664000718444,1.0000000000000009,2.0000000000000018,4.999999999999982,0.0053932664000718444
2010-08-13,1079.25,0.54,2.68,6.87,-0.004031690712188592,-1.0000000000000009,-6.000000000000005,4.0000000000000036,0.004031690712188592
2010-08-16,1079.380004882812,0.51,2.58,6.91,0.00012045128871107041,-3.0000000000000027,-10.000000000000009,4.0000000000000036,-0.00012045128871107041
2010-08-17,1092.5400390625,0.52,2.64,6.82,0.012118489601348087,1.0000000000000009,6.000000000000005,-8.999999999999986,-0.012118489601348087
2010-08-18,1094.160034179688,0.51,2.64,6.78,0.0014816804859397036,-1.0000000000000009,0.0,-4.0000000000000036,-0.0014816804859397036
2010-08-19,1075.630004882812,0.49,2.58,6.82,-0.01708043585689791,-2.0000000000000018,-6.000000000000005,4.0000000000000036,0.01708043585689791
2010-08-20,1071.68994140625,0.49,2.62,6.8,-0.0036697539229188928,0.0,4.0000000000000036,-2.000000000000046,0.0036697539229188928
2010-08-23,1067.359985351562,0.49,2.6,6.82,-0.004048490794553646,0.0,-2.0000000000000018,2.000000000000046,0.004048490794553646
2010-08-24,1051.869995117188,0.5,2.5,6.93,-0.014618768361990355,1.0000000000000009,-10.000000000000009,10.999999999999943,0.014618768361990355
2010-08-25,1055.329956054688,0.53,2.54,6.92,0.003283944691638116,3.0000000000000027,4.0000000000000036,-0.9999999999999787,-0.003283944691638116
2010-08-26,1047.219970703125,0.51,2.5,6.93,-0.007714466580892865,-2.0000000000000018,-4.0000000000000036,0.9999999999999787,0.007714466580892865
2010-08-27,1064.589965820312,0.56,2.66,6.81,0.0164507104032826,5.000000000000004,16.000000000000014,-12.00000000000001,-0.0164507104032826
2010-08-30,1048.920043945312,0.5,2.54,6.89,-0.014828611113085734,-6.000000000000005,-12.00000000000001,8.000000000000007,0.014828611113085734
2010-08-31,1049.329956054688,0.47,2.47,6.92,0.0003907180884934888,-3.0000000000000027,-6.999999999999984,3.000000000000025,-0.0003907180884934888
2010-09-01,1080.2900390625,0.5,2.58,6.8,0.029077736386749764,3.0000000000000027,10.999999999999988,-12.00000000000001,-0.029077736386749764
2010-09-02,1090.099975585938,0.5,2.63,6.72,0.00903985298673501,0.0,4.999999999999982,-8.000000000000007,-0.00903985298673501
2010-09-03,1104.510009765625,0.52,2.72,6.62,0.013132393793160559,2.0000000000000018,9.00000000000003,-9.999999999999964,-0.013132393793160559
2010-09-07,1091.839965820312,0.49,2.61,6.68,-0.011537491412768764,-3.0000000000000027,-11.000000000000032,5.999999999999961,0.011537491412768764
2010-09-08,1098.869995117188,0.52,2.66,6.59,0.0064180594909040494,3.0000000000000027,5.000000000000027,-8.999999999999986,-0.0064180594909040494
2010-09-09,1104.180053710938,0.57,2.77,6.47,0.0048206520589967215,4.999999999999993,10.999999999999988,-12.00000000000001,-0.0048206520589967215
2010-09-10,1109.550048828125,0.58,2.81,6.37,0.004851545040690096,1.0000000000000009,4.0000000000000036,-9.999999999999964,-0.004851545040690096
2010-09-13,1121.900024414062,0.53,2.74,6.36,0.011069126603144,-4.999999999999993,-6.999999999999984,-0.9999999999999787,-0.011069126603144
2010-09-14,1121.099975585938,0.5,2.68,6.36,-0.0007133739296058456,-3.0000000000000027,-6.000000000000005,0.0,0.0007133739296058456
2010-09-15,1125.069946289062,0.5,2.74,6.31,0.0035348838022678858,0.0,6.000000000000005,-5.000000000000071,-0.0035348838022678858
2010-09-16,1124.660034179688,0.48,2.77,6.25,-0.0003644100558457516,-2.0000000000000018,2.9999999999999805,-5.999999999999961,0.0003644100558457516
2010-09-17,1125.589965820312,0.48,2.75,6.24,0.0008265141149315764,0.0,-2.0000000000000018,-0.9999999999999787,-0.0008265141149315764
2010-09-20,1142.7099609375,0.47,2.72,6.25,0.015095287889557983,-1.0000000000000009,-2.9999999999999805,0.9999999999999787,-0.015095287889557983
2010-09-21,1139.780029296875,0.43,2.61,6.32,-0.0025673131207138568,-3.9999999999999982,-11.000000000000032,7.000000000000028,0.0025673131207138568
2010-09-22,1134.280029296875,0.44,2.56,6.35,-0.004837172794451643,1.0000000000000009,-4.999999999999982,2.999999999999936,0.004837172794451643
2010-09-23,1124.829956054688,0.45,2.56,6.37,-0.008366240177841046,1.0000000000000009,0.0,2.000000000000046,0.008366240177841046
2010-09-24,1148.670043945312,0.45,2.62,6.32,0.020972915547807374,0.0,6.000000000000005,-4.999999999999982,-0.020972915547807374
2010-09-27,1142.160034179688,0.44,2.54,6.36,-0.005683553181932794,-1.0000000000000009,-8.000000000000007,4.0000000000000036,0.005683553181932794
2010-09-28,1147.699951171875,0.37,2.48,6.36,0.0048386607358481435,-7.000000000000001,-6.000000000000005,0.0,-0.0048386607358481435
2010-09-29,1144.72998046875,0.44,2.52,6.29,-0.002591112883144724,7.000000000000001,4.0000000000000036,-7.000000000000028,0.002591112883144724
2010-09-30,1141.199951171875,0.42,2.53,6.26,-0.00308848670645526,-2.0000000000000018,0.9999999999999787,-3.000000000000025,0.00308848670645526
2010-10-01,1146.239990234375,0.42,2.54,6.22,0.004406714359894576,0.0,1.000000000000023,-4.0000000000000036,-0.004406714359894576
2010-10-04,1137.030029296875,0.41,2.5,6.23,-0.008067386519721716,-1.0000000000000009,-4.0000000000000036,1.0000000000000675,0.008067386519721716
2010-10-05,1160.75,0.41,2.5,6.18,0.02064672250716406,0.0,0.0,-5.000000000000071,-0.02064672250716406
2010-10-06,1159.969970703125,0.38,2.41,6.15,-0.0006722304595956211,-2.9999999999999973,-8.999999999999986,-2.999999999999936,0.0006722304595956211
2010-10-07,1158.06005859375,0.36,2.41,6.13,-0.0016478755817934904,-2.0000000000000018,0.0,-2.000000000000046,0.0016478755817934904
2010-10-08,1165.150024414062,0.35,2.41,6.12,0.006103613171283632,-1.0000000000000009,0.0,-0.9999999999999787,-0.006103613171283632
2010-10-11,1165.319946289062,0.35,2.41,6.11,0.00014582627318711122,0.0,0.0,-0.9999999999999787,-0.00014582627318711122
2010-10-12,1169.77001953125,0.37,2.44,6.08,0.0038114836641500987,2.0000000000000018,2.9999999999999805,-3.000000000000025,-0.0038114836641500987
2010-10-13,1178.099975585938,0.37,2.46,6.02,0.007095785561559702,0.0,2.0000000000000018,-6.00000000000005,-0.007095785561559702
2010-10-14,1173.81005859375,0.38,2.52,5.97,-0.003648032184403469,1.0000000000000009,6.000000000000005,-4.999999999999982,0.003648032184403469
2010-10-15,1176.18994140625,0.37,2.59,5.95,0.002025432873275127,-1.0000000000000009,6.999999999999984,-1.9999999999999574,-0.002025432873275127
2010-10-18,1184.7099609375,0.38,2.52,6.02,0.007217634690706231,1.0000000000000009,-6.999999999999984,6.99999999999994,-0.007217634690706231
2010-10-19,1165.900024414062,0.37,2.5,6.04,-0.016004644029055173,-1.0000000000000009,-2.0000000000000018,2.000000000000046,0.016004644029055173
2010-10-20,1178.170043945312,0.35,2.51,6.06,0.010469082613678416,-2.0000000000000018,0.9999999999999787,1.9999999999999574,-0.010469082613678416
2010-10-21,1180.260009765625,0.37,2.57,6.0,0.0017723369527996211,2.0000000000000018,6.000000000000005,-5.999999999999961,-0.0017723369527996211
2010-10-22,1183.079956054688,0.35,2.59,5.96,0.002386408784291082,-2.0000000000000018,2.0000000000000018,-4.0000000000000036,-0.002386408784291082
2010-10-25,1185.619995117188,0.37,2.59,5.9,0.00214467014688162,2.0000000000000018,0.0,-5.999999999999961,-0.00214467014688162
2010-10-26,1185.640014648438,0.4,2.67,5.79,1.6885142218022246e-05,3.0000000000000027,8.000000000000007,-11.000000000000032,-1.6885142218022246e-05
2010-10-27,1182.449951171875,0.4,2.75,5.73,-0.0026942096392168977,0.0,8.000000000000007,-5.999999999999961,0.0026942096392168977
2010-10-28,1183.780029296875,0.37,2.69,5.77,0.0011242172367564925,-3.0000000000000027,-6.000000000000005,3.9999999999999147,-0.0011242172367564925
2010-10-29,1183.260009765625,0.34,2.63,5.82,-0.00043938381356833266,-2.9999999999999973,-6.000000000000005,5.000000000000071,0.00043938381356833266
2010-11-01,1184.380004882812,0.34,2.66,5.96,0.0009460857172525731,0.0,3.000000000000025,13.999999999999968,-0.0009460857172525731
2010-11-02,1193.569946289062,0.34,2.63,5.94,0.007729336064693736,0.0,-3.000000000000025,-1.9999999999999574,-0.007729336064693736
2010-11-03,1197.9599609375,0.34,2.67,5.92,0.0036713064436861885,0.0,4.0000000000000036,-2.000000000000046,-0.0036713064436861885
2010-11-04,1221.06005859375,0.33,2.53,5.89,0.019099304409664532,-1.0000000000000009,-14.000000000000012,-3.000000000000025,-0.019099304409664532
2010-11-05,1225.849975585938,0.38,2.58,5.79,0.003915079053611804,4.999999999999999,5.000000000000027,-9.999999999999964,-0.003915079053611804
2010-11-08,1223.25,0.41,2.6,5.76,-0.002123209822860992,2.9999999999999973,2.0000000000000018,-3.000000000000025,0.002123209822860992
2010-11-09,1213.400024414062,0.46,2.72,5.64,-0.008084894540661509,5.000000000000004,12.00000000000001,-12.00000000000001,0.008084894540661509
2010-11-10,1218.7099609375,0.44,2.65,5.75,0.004366533579725705,-2.0000000000000018,-7.000000000000028,11.000000000000032,-0.004366533579725705
2010-11-11,1213.5400390625,0.44,2.65,5.75,-0.004251149890857143,0.0,0.0,0.0,0.004251149890857143
2010-11-12,1199.2099609375,0.51,2.76,5.75,-0.011878766244753407,7.000000000000001,10.999999999999988,0.0,0.011878766244753407
2010-11-15,1197.75,0.53,2.92,5.67,-0.0012181773094550822,2.0000000000000018,16.000000000000014,-8.000000000000007,0.0012181773094550822
2010-11-16,1178.339965820312,0.51,2.85,5.89,-0.016338157414688463,-2.0000000000000018,-6.999999999999984,21.999999999999975,0.016338157414688463
2010-11-17,1178.589965820312,0.5,2.89,5.89,0.0002121403759877297,-1.0000000000000009,4.0000000000000036,0.0,-0.0002121403759877297
2010-11-18,1196.68994140625,0.52,2.9,5.8,0.01524058354364791,2.0000000000000018,0.9999999999999787,-8.999999999999986,-0.01524058354364791
2010-11-19,1199.72998046875,0.52,2.88,5.81,0.0025371519119104955,0.0,-2.0000000000000018,0.9999999999999787,-0.0025371519119104955
2010-11-22,1197.839965820312,0.49,2.8,5.9,-0.0015766088850616294,-3.0000000000000027,-8.000000000000007,9.000000000000075,0.0015766088850616294
2010-11-23,1180.72998046875,0.45,2.77,6.04,-0.014387031590549628,-3.9999999999999982,-2.9999999999999805,13.999999999999968,0.014387031590549628
2010-11-24,1198.349975585938,0.53,2.93,5.93,0.014812715518617608,8.000000000000002,16.000000000000014,-11.000000000000032,-0.014812715518617608
2010-11-26,1189.400024414062,0.51,2.87,5.94,-0.007496591424234674,-2.0000000000000018,-6.000000000000005,1.0000000000000675,0.007496591424234674
2010-11-29,1187.760009765625,0.52,2.84,6.03,-0.0013798102652367494,1.0000000000000009,-3.000000000000025,8.999999999999986,0.0013798102652367494
2010-11-30,1180.550048828125,0.45,2.81,6.22,-0.006088715610163862,-7.000000000000001,-2.9999999999999805,18.99999999999995,0.006088715610163862
2010-12-01,1206.069946289062,0.53,2.97,6.02,0.02138662226312935,8.000000000000002,16.000000000000014,-20.000000000000018,-0.02138662226312935
2010-12-02,1221.530029296875,0.55,3.01,5.93,0.012737100160621287,2.0000000000000018,3.999999999999959,-8.999999999999986,-0.012737100160621287
2010-12-03,1224.7099609375,0.49,3.03,5.92,0.0025998540163515035,-6.000000000000005,2.0000000000000018,-0.9999999999999787,-0.0025998540163515035
2010-12-06,1223.119995117188,0.42,2.95,5.95,-0.0012990821033000313,-7.000000000000001,-7.999999999999963,3.000000000000025,0.0012990821033000313
2010-12-07,1223.75,0.54,3.15,5.69,0.0005149475844575634,12.000000000000005,19.99999999999997,-25.99999999999998,-0.0005149475844575634
2010-12-08,1228.280029296875,0.63,3.26,5.62,0.0036949257526148233,8.999999999999996,10.999999999999988,-7.000000000000028,-0.0036949257526148233
2010-12-09,1233.0,0.64,3.23,5.6,0.0038353835670092563,1.0000000000000009,-2.9999999999999805,-2.000000000000046,-0.0038353835670092563
2010-12-10,1240.400024414062,0.64,3.32,5.54,0.005983703744359852,0.0,8.999999999999986,-5.999999999999961,-0.005983703744359852
2010-12-13,1240.4599609375,0.61,3.29,5.58,4.831915045867483e-05,-3.0000000000000027,-2.9999999999999805,4.0000000000000036,-4.831915045867483e-05
2010-12-14,1241.589965820312,0.66,3.49,5.42,0.0009105416846798272,5.000000000000004,20.000000000000018,-16.000000000000014,-0.0009105416846798272
2010-12-15,1235.22998046875,0.68,3.53,5.4,-0.005135617015335062,2.0000000000000018,3.999999999999959,-1.9999999999999574,0.005135617015335062
2010-12-16,1242.869995117188,0.66,3.47,5.45,0.006166045704274158,-2.0000000000000018,-5.999999999999961,4.999999999999982,-0.006166045704274158
2010-12-17,1243.910034179688,0.61,3.33,5.54,0.0008364544598930705,-5.000000000000004,-14.000000000000012,8.999999999999986,-0.0008364544598930705
2010-12-20,1247.079956054688,0.62,3.36,5.52,0.0025451114605429463,1.0000000000000009,2.9999999999999805,-2.000000000000046,-0.0025451114605429463
2010-12-21,1254.599975585938,0.63,3.35,5.5,0.0060119938497866,1.0000000000000009,-0.9999999999999787,-1.9999999999999574,-0.0060119938497866
2010-12-22,1258.839965820312,0.65,3.36,5.45,0.0033738576255417387,2.0000000000000018,0.9999999999999787,-4.999999999999982,-0.0033738576255417387
2010-12-23,1256.77001953125,0.67,3.41,5.37,-0.0016456817776043142,2.0000000000000018,5.000000000000027,-8.000000000000007,0.0016456817776043142
2010-12-27,1257.5400390625,0.71,3.36,5.4,0.0006125096248109704,3.9999999999999925,-5.000000000000027,3.000000000000025,-0.0006125096248109704
2010-12-28,1258.510009765625,0.75,3.5,5.28,0.0007710265951420123,4.0000000000000036,14.000000000000012,-12.00000000000001,-0.0007710265951420123
2010-12-29,1259.780029296875,0.64,3.35,5.4,0.0010086365106648648,-10.999999999999998,-14.999999999999991,12.00000000000001,-0.0010086365106648648
2010-12-30,1257.880004882812,0.66,3.38,5.32,-0.001509357696417875,2.0000000000000018,2.9999999999999805,-8.000000000000007,0.001509357696417875
2010-12-31,1257.640014648438,0.61,3.3,5.41,-0.00019080765268320057,-5.000000000000004,-8.000000000000007,8.999999999999986,0.00019080765268320057
2011-01-03,1271.869995117188,0.61,3.36,5.32,0.01125129414776139,0.0,6.000000000000005,-8.999999999999986,-0.01125129414776139
2011-01-04,1270.199951171875,0.63,3.36,5.27,-0.0013139246526353875,2.0000000000000018,0.0,-5.000000000000071,0.0013139246526353875
2011-01-05,1276.56005859375,0.71,3.5,5.11,0.004994676074308499,7.9999999999999964,14.000000000000012,-15.999999999999925,-0.004994676074308499
2011-01-06,1273.849975585938,0.68,3.44,5.13,-0.0021252143706368912,-2.9999999999999916,-6.000000000000005,1.9999999999999574,0.0021252143706368912
2011-01-07,1271.5,0.6,3.34,5.23,-0.0018464857690822327,-8.000000000000007,-10.000000000000009,10.000000000000053,0.0018464857690822327
2011-01-10,1269.75,0.59,3.32,5.28,-0.0013772751808198854,-1.0000000000000009,-2.0000000000000018,4.999999999999982,0.0013772751808198854
2011-01-11,1274.47998046875,0.6,3.37,5.22,0.003718206258407198,1.0000000000000009,5.000000000000027,-6.00000000000005,-0.003718206258407198
2011-01-12,1285.9599609375,0.61,3.4,5.17,0.008967253798850817,1.0000000000000009,2.9999999999999805,-4.999999999999982,-0.008967253798850817
2011-01-13,1283.760009765625,0.59,3.34,5.18,-0.001712211240459357,-2.0000000000000018,-6.000000000000005,0.9999999999999787,0.001712211240459357
2011-01-14,1293.239990234375,0.59,3.35,5.12,0.007357410347301483,0.0,1.000000000000023,-5.999999999999961,-0.007357410347301483
2011-01-18,1295.02001953125,0.6,3.39,5.1,0.0013754642661832541,1.0000000000000009,4.0000000000000036,-2.000000000000046,-0.0013754642661832541
2011-01-19,1281.920043945312,0.6,3.37,5.11,-0.01016716579338592,0.0,-2.0000000000000018,1.0000000000000675,0.01016716579338592
2011-01-20,1280.260009765625,0.65,3.47,5.03,-0.001295798403833569,5.000000000000004,10.000000000000009,-8.000000000000007,0.001295798403833569
2011-01-21,1283.349975585938,0.63,3.44,5.05,0.002410637604260886,-2.0000000000000018,-3.000000000000025,1.9999999999999574,-0.002410637604260886
2011-01-24,1290.839965820312,0.65,3.43,5.03,0.005819315234594555,2.0000000000000018,-0.9999999999999787,-1.9999999999999574,-0.005819315234594555
2011-01-25,1291.180053710938,0.62,3.35,5.06,0.00026342777361919333,-3.0000000000000027,-8.000000000000007,2.999999999999936,-0.00026342777361919333
2011-01-26,1296.630004882812,0.62,3.45,4.98,0.004212024148479341,0.0,10.000000000000009,-7.999999999999918,-0.004212024148479341
2011-01-27,1299.5400390625,0.59,3.42,4.99,0.0022417910608000377,-3.0000000000000027,-3.000000000000025,0.9999999999999787,-0.0022417910608000377
2011-01-28,1276.339965820312,0.54,3.36,5.03,-0.0180138054241833,-4.999999999999993,-6.000000000000005,4.0000000000000036,0.0180138054241833
2011-01-31,1286.119995117188,0.58,3.42,5.08,0.007633349932882028,3.9999999999999925,6.000000000000005,4.999999999999982,-0.007633349932882028
2011-02-01,1307.589965820312,0.61,3.48,4.99,0.01655579183783372,3.0000000000000027,6.000000000000005,-8.999999999999986,-0.01655579183783372
2011-02-02,1304.030029296875,0.67,3.52,4.89,-0.0027262302593625935,6.000000000000005,4.0000000000000036,-10.000000000000053,0.0027262302593625935
2011-02-03,1307.099975585938,0.71,3.58,4.83,0.0023514322901269018,3.9999999999999925,6.000000000000005,-5.999999999999961,-0.0023514322901269018
2011-02-04,1310.869995117188,0.77,3.68,4.68,0.0028801110627525582,6.000000000000005,10.000000000000009,-15.000000000000036,-0.0028801110627525582
2011-02-07,1319.050048828125,0.78,3.68,4.64,0.006220782345952213,1.0000000000000009,0.0,-4.0000000000000036,-0.006220782345952213
2011-02-08,1324.569946289062,0.86,3.75,4.53,0.004176020375839475,7.9999999999999964,6.999999999999984,-10.999999999999943,-0.004176020375839475
2011-02-09,1320.880004882812,0.81,3.65,4.6,-0.002789653077800705,-4.999999999999993,-10.000000000000009,6.99999999999994,0.002789653077800705
2011-02-10,1321.869995117188,0.85,3.7,4.55,0.0007492122074992665,3.9999999999999925,5.000000000000027,-4.999999999999982,-0.0007492122074992665
2011-02-11,1329.150024414062,0.85,3.64,4.59,0.005492261501885798,0.0,-6.000000000000005,4.0000000000000036,-0.005492261501885798
2011-02-14,1332.319946289062,0.87,3.62,4.58,0.002382084644068833,2.0000000000000018,-2.0000000000000018,-0.9999999999999787,-0.002382084644068833
2011-02-15,1328.010009765625,0.84,3.61,4.57,-0.003240154691578637,-3.0000000000000027,-1.000000000000023,-0.9999999999999787,0.003240154691578637
2011-02-16,1336.319946289062,0.86,3.62,4.54,0.006237938698850588,2.0000000000000018,1.000000000000023,-3.000000000000025,-0.006237938698850588
2011-02-17,1340.430053710938,0.8,3.58,4.56,0.0030709708803811574,-5.999999999999995,-4.0000000000000036,1.9999999999999574,-0.0030709708803811574
2011-02-18,1343.010009765625,0.78,3.59,4.53,0.0019228727220242658,-2.0000000000000018,0.9999999999999787,-2.999999999999936,-0.0019228727220242658
2011-02-22,1315.43994140625,0.74,3.46,4.66,-0.020742204920454525,-4.0000000000000036,-12.99999999999999,12.99999999999999,0.020742204920454525
2011-02-23,1307.400024414062,0.74,3.49,4.66,-0.006130715010508964,0.0,3.000000000000025,0.0,0.006130715010508964
2011-02-24,1306.099975585938,0.73,3.46,4.73,-0.000994871961242237,-1.0000000000000009,-3.000000000000025,7.000000000000028,0.000994871961242237
2011-02-25,1319.880004882812,0.72,3.42,4.72,0.010495248165324059,-1.0000000000000009,-4.0000000000000036,-1.0000000000000675,-0.010495248165324059
2011-02-28,1327.219970703125,0.69,3.42,4.78,0.005545679951233478,-3.0000000000000027,0.0,6.00000000000005,-0.005545679951233478
2011-03-01,1306.329956054688,0.66,3.41,4.76,-0.015864861791058296,-2.9999999999999916,-0.9999999999999787,-2.000000000000046,0.015864861791058296
2011-03-02,1308.43994140625,0.69,3.46,4.72,0.0016138978895197348,2.9999999999999916,4.999999999999982,-4.0000000000000036,-0.0016138978895197348
2011-03-03,1330.969970703125,0.79,3.58,4.6,0.017072434579238578,10.000000000000009,12.00000000000001,-12.00000000000001,-0.017072434579238578
2011-03-04,1321.150024414062,0.68,3.49,4.69,-0.007405389789369056,-10.999999999999998,-8.999999999999986,9.000000000000075,0.007405389789369056
2011-03-07,1310.130004882812,0.7,3.51,4.69,-0.008376215256269803,1.9999999999999907,1.9999999999999574,0.0,0.008376215256269803
2011-03-08,1321.819946289062,0.73,3.56,4.64,0.008883161530176173,3.0000000000000027,5.000000000000027,-5.000000000000071,-0.008883161530176173
2011-03-09,1320.02001953125,0.7,3.48,4.71,-0.001362631392970476,-3.0000000000000027,-8.000000000000007,7.000000000000028,0.001362631392970476
2011-03-10,1295.109985351562,0.65,3.37,4.85,-0.01905128047633111,-4.999999999999993,-10.999999999999988,13.999999999999968,0.01905128047633111
2011-03-11,1304.280029296875,0.64,3.4,4.88,0.00705556452457006,-1.0000000000000009,2.9999999999999805,3.000000000000025,-0.00705556452457006
2011-03-14,1296.390014648438,0.61,3.36,4.93,-0.0060676969567734365,-3.0000000000000027,-4.0000000000000036,4.999999999999982,0.0060676969567734365
2011-03-15,1281.869995117188,0.63,3.33,5.09,-0.011263544394845545,2.0000000000000018,-2.9999999999999805,16.000000000000014,0.011263544394845545
2011-03-16,1256.880004882812,0.58,3.22,5.16,-0.019687481949372934,-5.000000000000004,-10.999999999999988,7.000000000000028,0.019687481949372934
2011-03-17,1273.719970703125,0.6,3.25,5.1,0.013309266231874697,2.0000000000000018,2.9999999999999805,-6.00000000000005,-0.013309266231874697
2011-03-18,1279.2099609375,0.61,3.28,5.02,0.0043009395825458095,1.0000000000000009,2.9999999999999805,-8.000000000000007,-0.0043009395825458095
2011-03-21,1298.380004882812,0.67,3.34,4.93,0.014874667930182061,6.000000000000005,6.000000000000005,-8.999999999999986,-0.014874667930182061
2011-03-22,1293.77001953125,0.68,3.34,4.91,-0.003556885341037725,1.0000000000000009,0.0,-1.9999999999999574,0.003556885341037725
2011-03-23,1297.5400390625,0.69,3.36,4.91,0.002909742258502921,0.9999999999999898,2.0000000000000018,0.0,-0.002909742258502921
2011-03-24,1309.660034179688,0.72,3.42,4.84,0.00929739343547582,3.0000000000000027,6.000000000000005,-7.000000000000028,-0.00929739343547582
2011-03-25,1313.800048828125,0.79,3.46,4.79,0.0031561510021884966,7.000000000000006,4.0000000000000036,-4.999999999999982,-0.0031561510021884966
2011-03-28,1310.18994140625,0.81,3.47,4.76,-0.002751618499391395,2.0000000000000018,1.000000000000023,-3.000000000000025,0.002751618499391395
2011-03-29,1319.43994140625,0.81,3.5,4.73,0.007035239607301627,0.0,2.9999999999999805,-2.999999999999936,-0.007035239607301627
2011-03-30,1328.260009765625,0.8,3.47,4.76,0.006662462626235184,-1.0000000000000009,-2.9999999999999805,2.999999999999936,-0.006662462626235184
2011-03-31,1325.829956054688,0.8,3.47,4.77,-0.0018311771049749144,0.0,0.0,0.9999999999999787,0.0018311771049749144
2011-04-01,1332.410034179688,0.8,3.46,4.72,0.004950712944456072,0.0,-1.000000000000023,-4.999999999999982,-0.004950712944456072
2011-04-04,1332.869995117188,0.77,3.45,4.72,0.0003451501808517552,-3.0000000000000027,-0.9999999999999787,0.0,-0.0003451501808517552
2011-04-05,1332.630004882812,0.84,3.5,4.65,-0.00018007145753092685,6.999999999999995,4.999999999999982,-6.99999999999994,0.00018007145753092685
2011-04-06,1335.5400390625,0.85,3.56,4.57,0.002181296758153248,1.0000000000000009,6.000000000000005,-8.000000000000007,-0.002181296758153248
2011-04-07,1333.510009765625,0.81,3.58,4.56,-0.0015211626992252944,-3.9999999999999925,2.0000000000000018,-1.0000000000000675,0.0015211626992252944
2011-04-08,1328.170043945312,0.83,3.59,4.53,-0.004012483000974531,1.9999999999999907,0.9999999999999787,-2.999999999999936,0.004012483000974531
2011-04-11,1324.4599609375,0.85,3.59,4.53,-0.002797288291401836,2.0000000000000018,0.0,0.0,0.002797288291401836
2011-04-12,1314.160034179688,0.77,3.52,4.63,-0.0078070954457242474,-7.9999999999999964,-6.999999999999984,9.999999999999964,0.0078070954457242474
2011-04-13,1314.410034179688,0.75,3.49,4.65,0.0001902174903101045,-2.0000000000000018,-2.9999999999999805,2.000000000000046,-0.0001902174903101045
2011-04-14,1314.52001953125,0.77,3.51,4.6,8.367309086146876e-05,2.0000000000000018,1.9999999999999574,-5.000000000000071,-8.367309086146876e-05
2011-04-15,1319.680053710938,0.71,3.43,4.68,0.003917728825568456,-6.000000000000005,-7.999999999999963,8.000000000000007,-0.003917728825568456
2011-04-18,1305.140014648438,0.69,3.4,4.74,-0.011078997728577972,-2.0000000000000018,-3.000000000000025,6.00000000000005,0.011078997728577972
2011-04-19,1312.619995117188,0.68,3.39,4.75,0.005714810218094469,-0.9999999999999898,-0.9999999999999787,0.9999999999999787,-0.005714810218094469
2011-04-20,1330.359985351562,0.69,3.43,4.66,0.01342443513234667,0.9999999999999898,4.0000000000000036,-8.999999999999986,-0.01342443513234667
2011-04-21,1337.380004882812,0.68,3.42,4.65,0.0052629084996557015,-0.9999999999999898,-1.000000000000023,-0.9999999999999787,-0.0052629084996557015
2011-04-25,1335.25,0.67,3.39,4.69,-0.0015939395500954789,-1.0000000000000009,-2.9999999999999805,4.0000000000000036,0.0015939395500954789
2011-04-26,1347.239990234375,0.65,3.34,4.71,0.008939507790192994,-2.0000000000000018,-5.000000000000027,1.9999999999999574,-0.008939507790192994
2011-04-27,1355.660034179688,0.65,3.39,4.67,0.006230397799829042,0.0,5.000000000000027,-4.0000000000000036,-0.006230397799829042
2011-04-28,1360.47998046875,0.62,3.34,4.73,0.003549118471434104,-3.0000000000000027,-5.000000000000027,6.00000000000005,-0.003549118471434104
2011-04-29,1363.609985351562,0.61,3.32,4.71,0.0022980197420205606,-1.0000000000000009,-2.0000000000000018,-2.000000000000046,-0.0022980197420205606
2011-05-02,1361.219970703125,0.61,3.31,4.74,-0.0017542491090451226,0.0,-0.9999999999999787,3.000000000000025,0.0017542491090451226
2011-05-03,1356.619995117188,0.61,3.28,4.76,-0.003385026371052326,0.0,-3.000000000000025,1.9999999999999574,0.003385026371052326
2011-05-04,1347.319946289062,0.6,3.25,4.76,-0.006878914252833034,-1.0000000000000009,-2.9999999999999805,0.0,0.006878914252833034
2011-05-05,1335.099975585938,0.58,3.18,4.8,-0.009111217180693744,-2.0000000000000018,-6.999999999999984,4.0000000000000036,0.009111217180693744
2011-05-06,1340.199951171875,0.57,3.19,4.81,0.0038126429958762796,-1.0000000000000009,0.9999999999999787,0.9999999999999787,-0.0038126429958762796
2011-05-09,1346.2900390625,0.57,3.17,4.82,0.004533870101931407,0.0,-2.0000000000000018,1.0000000000000675,-0.004533870101931407
2011-05-10,1357.160034179688,0.59,3.23,4.76,0.00804161600966358,2.0000000000000018,6.000000000000005,-6.00000000000005,-0.00804161600966358
2011-05-11,1342.079956054688,0.56,3.19,4.79,-0.011173689687885626,-2.9999999999999916,-4.0000000000000036,3.000000000000025,0.011173689687885626
2011-05-12,1348.650024414062,0.57,3.22,4.77,0.004883493672166828,0.9999999999999898,3.000000000000025,-2.000000000000046,-0.004883493672166828
2011-05-13,1337.77001953125,0.57,3.18,4.8,-0.008100047045424934,0.0,-4.0000000000000036,3.000000000000025,0.008100047045424934
2011-05-16,1329.469970703125,0.54,3.15,4.79,-0.0062237186380957365,-2.9999999999999916,-3.000000000000025,-0.9999999999999787,0.0062237186380957365
2011-05-17,1328.97998046875,0.55,3.12,4.82,-0.0003686285233300362,1.0000000000000009,-2.9999999999999805,3.000000000000025,0.0003686285233300362
2011-05-18,1340.680053710938,0.58,3.18,4.79,0.008765271983703575,2.9999999999999916,6.000000000000005,-3.000000000000025,-0.008765271983703575
2011-05-19,1343.599975585938,0.55,3.17,4.8,0.0021755725891674884,-2.9999999999999916,-1.000000000000023,0.9999999999999787,-0.0021755725891674884
2011-05-20,1333.27001953125,0.55,3.15,4.82,-0.007717974612614358,0.0,-2.0000000000000018,2.000000000000046,0.007717974612614358
2011-05-23,1317.369995117188,0.55,3.13,4.87,-0.01199726484098833,0.0,-2.0000000000000018,4.999999999999982,0.01199726484098833
2011-05-24,1316.280029296875,0.56,3.12,4.89,-0.0008277226453319113,1.0000000000000009,-0.9999999999999787,1.9999999999999574,0.0008277226453319113
2011-05-25,1320.469970703125,0.54,3.13,4.92,0.0031781131566695725,-2.0000000000000018,0.9999999999999787,3.000000000000025,-0.0031781131566695725
2011-05-26,1325.68994140625,0.48,3.07,5.01,0.003945322767699228,-6.000000000000005,-6.000000000000005,8.999999999999986,-0.003945322767699228
2011-05-27,1331.099975585938,0.48,3.07,5.01,0.004072615318766139,0.0,0.0,0.0,-0.004072615318766139
2011-05-31,1345.199951171875,0.45,3.05,5.09,0.010537014856367452,-2.9999999999999973,-2.0000000000000018,8.000000000000007,-0.010537014856367452
2011-06-01,1314.550048828125,0.44,2.96,5.15,-0.023048225700640405,-1.0000000000000009,-8.999999999999986,6.00000000000005,0.023048225700640405
2011-06-02,1312.93994140625,0.45,3.04,5.15,-0.001225586114047521,1.0000000000000009,8.000000000000007,0.0,0.001225586114047521
2011-06-03,1300.160034179688,0.42,2.99,5.24,-0.009781492665191174,-3.0000000000000027,-4.999999999999982,8.999999999999986,0.009781492665191174
2011-06-06,1286.170043945312,0.43,3.01,5.25,-0.010818516013723098,1.0000000000000009,1.9999999999999574,0.9999999999999787,0.010818516013723098
2011-06-07,1284.93994140625,0.39,3.01,5.28,-0.0009568650426673505,-3.9999999999999982,0.0,3.000000000000025,0.0009568650426673505
2011-06-08,1279.56005859375,0.39,2.98,5.38,-0.0041956644216076975,0.0,-2.9999999999999805,9.999999999999964,0.0041956644216076975
2011-06-09,1289.0,0.43,3.01,5.38,0.007350409328991669,3.9999999999999982,2.9999999999999805,0.0,-0.007350409328991669
2011-06-10,1270.97998046875,0.41,2.99,5.43,-0.014078482881846339,-2.0000000000000018,-1.9999999999999574,4.999999999999982,0.014078482881846339
2011-06-13,1271.829956054688,0.4,3.0,5.47,0.0006685325595014489,-0.9999999999999953,0.9999999999999787,4.0000000000000036,-0.0006685325595014489
2011-06-14,1287.869995117188,0.45,3.11,5.37,0.012532913485107313,4.999999999999999,10.999999999999988,-9.999999999999964,-0.012532913485107313
2011-06-15,1265.420043945312,0.38,2.98,5.52,-0.017585569507258685,-7.000000000000001,-12.99999999999999,14.999999999999947,0.017585569507258685
2011-06-16,1267.640014648438,0.38,2.93,5.65,0.001752797975683635,0.0,-4.999999999999982,13.000000000000078,-0.001752797975683635
2011-06-17,1271.5,0.38,2.94,5.64,0.0030403902917993503,0.0,0.9999999999999787,-1.0000000000000675,-0.0030403902917993503
2011-06-20,1278.359985351562,0.38,2.97,5.67,0.005380689090158512,0.0,3.000000000000025,3.000000000000025,-0.005380689090158512
2011-06-21,1295.52001953125,0.4,2.99,5.65,0.013334179061464037,2.0000000000000018,2.0000000000000018,-1.9999999999999574,-0.013334179061464037
2011-06-22,1287.140014648438,0.39,3.01,5.62,-0.006489459844407392,-1.0000000000000009,1.9999999999999574,-3.000000000000025,0.006489459844407392
2011-06-23,1283.5,0.35,2.93,5.75,-0.002831992858194275,-4.0000000000000036,-7.999999999999963,12.99999999999999,0.002831992858194275
2011-06-24,1268.449951171875,0.35,2.88,5.8,-0.011795077176858442,0.0,-5.000000000000027,4.999999999999982,0.011795077176858442
2011-06-27,1280.099975585938,0.41,2.95,5.78,0.009142536655731278,6.0,7.000000000000028,-1.9999999999999574,-0.009142536655731278
2011-06-28,1296.670043945312,0.48,3.05,5.65,0.01286129273599612,7.000000000000001,9.999999999999964,-12.99999999999999,-0.01286129273599612
2011-06-29,1307.410034179688,0.47,3.14,5.53,0.008248633534913834,-1.0000000000000009,9.00000000000003,-12.00000000000001,-0.008248633534913834
2011-06-30,1320.640014648438,0.45,3.18,5.42,0.010068371595162745,-1.9999999999999962,4.0000000000000036,-11.000000000000032,-0.010068371595162745
2011-07-01,1339.670043945312,0.5,3.22,5.34,0.014306869106081773,4.999999999999999,4.0000000000000036,-8.000000000000007,-0.014306869106081773
2011-07-05,1337.880004882812,0.44,3.16,5.37,-0.0013370725450782008,-6.0,-6.000000000000005,3.000000000000025,0.0013370725450782008
2011-07-06,1339.219970703125,0.43,3.12,5.41,0.0010010578196055042,-1.0000000000000009,-4.0000000000000036,4.0000000000000036,-0.0010010578196055042
2011-07-07,1353.219970703125,0.49,3.17,5.27,0.010399582892092554,6.0,4.999999999999982,-14.000000000000057,-0.010399582892092554
2011-07-08,1343.800048828125,0.4,3.03,5.39,-0.006985458106936123,-8.999999999999996,-14.000000000000012,12.00000000000001,0.006985458106936123
2011-07-11,1319.489990234375,0.37,2.94,5.56,-0.018256166936573937,-3.0000000000000027,-8.999999999999986,16.999999999999993,0.018256166936573937
2011-07-12,1313.640014648438,0.37,2.92,5.6,-0.0044433698298368815,0.0,-2.0000000000000018,4.0000000000000036,0.0044433698298368815
2011-07-13,1317.719970703125,0.37,2.92,5.57,0.0031010271091218957,0.0,0.0,-2.999999999999936,-0.0031010271091218957
2011-07-14,1308.869995117188,0.38,2.98,5.49,-0.006738782369334429,1.0000000000000009,6.000000000000005,-8.000000000000007,0.006738782369334429
2011-07-15,1316.140014648438,0.37,2.94,5.51,0.005539055540283086,-1.0000000000000009,-4.0000000000000036,1.9999999999999574,-0.005539055540283086
2011-07-18,1305.43994140625,0.37,2.94,5.54,-0.008163117539368742,0.0,0.0,3.000000000000025,0.008163117539368742
2011-07-19,1326.72998046875,0.39,2.91,5.54,0.01617714964684356,2.0000000000000018,-2.9999999999999805,0.0,-0.01617714964684356
2011-07-20,1325.839965820312,0.4,2.96,5.46,-0.0006710584074002511,1.0000000000000009,4.999999999999982,-8.000000000000007,0.0006710584074002511
2011-07-21,1343.800048828125,0.4,3.03,5.36,0.01345526278626568,0.0,6.999999999999984,-9.999999999999964,-0.01345526278626568
2011-07-22,1345.02001953125,0.4,2.99,5.35,0.0009074395131127662,0.0,-3.999999999999959,-1.0000000000000675,-0.0009074395131127662
2011-07-25,1337.430053710938,0.42,3.03,5.33,-0.005658995223243612,1.9999999999999962,3.999999999999959,-1.9999999999999574,0.005658995223243612
2011-07-26,1331.93994140625,0.41,2.99,5.35,-0.004113420062328874,-1.0000000000000009,-3.999999999999959,1.9999999999999574,0.004113420062328874
2011-07-27,1304.890014648438,0.44,3.01,5.32,-0.02051772480729113,3.0000000000000027,1.9999999999999574,-2.999999999999936,0.02051772480729113
2011-07-28,1300.670043945312,0.42,2.98,5.37,-0.003239207155506255,-2.0000000000000018,-2.9999999999999805,4.999999999999982,0.003239207155506255
2011-07-29,1292.280029296875,0.36,2.82,5.51,-0.006471427287172802,-6.0,-16.000000000000014,13.999999999999968,0.006471427287172802
2011-08-01,1286.93994140625,0.38,2.77,5.63,-0.004140860866230743,2.0000000000000018,-4.999999999999982,12.00000000000001,0.004140860866230743
2011-08-02,1254.050048828125,0.33,2.66,5.8,-0.025888909190623945,-4.999999999999999,-10.999999999999988,16.999999999999993,0.025888909190623945
2011-08-03,1260.339965820312,0.33,2.64,5.87,0.005003145952717074,0.0,-2.0000000000000018,7.000000000000028,-0.005003145952717074
2011-08-04,1200.069946289062,0.27,2.47,6.16,-0.0490016550437416,-6.0,-16.999999999999993,29.000000000000004,0.0490016550437416
2011-08-05,1199.380004882812,0.28,2.58,6.24,-0.0005750829892724604,1.0000000000000009,10.999999999999988,8.000000000000007,0.0005750829892724604
2011-08-08,1119.4599609375,0.27,2.4,6.84,-0.06895836939262476,-1.0000000000000009,-18.000000000000014,59.999999999999964,0.06895836939262476
2011-08-09,1172.530029296875,0.19,2.2,7.19,0.04631744106338802,-8.000000000000002,-19.99999999999997,35.00000000000006,-0.04631744106338802
2011-08-10,1120.760009765625,0.19,2.17,7.3,-0.045156797027474375,0.0,-3.000000000000025,10.999999999999943,0.045156797027474375
2011-08-11,1172.640014648438,0.19,2.34,7.39,0.045250594363771976,0.0,16.999999999999993,8.999999999999986,-0.045250594363771976
2011-08-12,1178.81005859375,0.2,2.24,7.3,0.005247875067275498,1.0000000000000009,-9.999999999999964,-8.999999999999986,-0.005247875067275498
2011-08-15,1204.489990234375,0.19,2.29,7.1,0.021550727976033655,-1.0000000000000009,4.999999999999982,-20.000000000000018,-0.021550727976033655
2011-08-16,1192.760009765625,0.2,2.23,7.11,-0.009786275177620173,1.0000000000000009,-6.000000000000005,1.0000000000000675,0.009786275177620173
2011-08-17,1193.890014648438,0.19,2.17,7.08,0.000946938139813109,-1.0000000000000009,-6.000000000000005,-3.000000000000025,-0.000946938139813109
2011-08-18,1140.650024414062,0.2,2.08,7.23,-0.04561859893236425,1.0000000000000009,-8.999999999999986,15.000000000000036,0.04561859893236425
2011-08-19,1123.530029296875,0.2,2.07,7.3,-0.015122756128207512,0.0,-1.000000000000023,6.99999999999994,0.015122756128207512
2011-08-22,1123.819946289062,0.22,2.1,7.32,0.0002580078732238286,1.9999999999999991,3.000000000000025,2.000000000000046,-0.0002580078732238286
2011-08-23,1162.349975585938,0.22,2.15,7.46,0.03371024838647466,0.0,4.999999999999982,13.999999999999968,-0.03371024838647466
2011-08-24,1177.599975585938,0.23,2.29,7.45,0.013034651368546804,1.0000000000000009,14.000000000000012,-0.9999999999999787,-0.013034651368546804
2011-08-25,1159.27001953125,0.22,2.23,7.43,-0.01568793473796182,-1.0000000000000009,-6.000000000000005,-2.000000000000046,0.01568793473796182
2011-08-26,1176.800048828125,0.2,2.19,7.5,0.015008418274915636,-1.9999999999999991,-4.0000000000000036,7.000000000000028,-0.015008418274915636
2011-08-29,1210.079956054688,0.2,2.28,7.39,0.027887505012164766,0.0,8.999999999999986,-11.000000000000032,-0.027887505012164766
2011-08-30,1212.920043945312,0.2,2.19,7.39,0.0023442750237685768,0.0,-8.999999999999986,0.0,-0.0023442750237685768
2011-08-31,1218.890014648438,0.2,2.23,7.3,0.004909908712071217,0.0,4.0000000000000036,-8.999999999999986,-0.004909908712071217
2011-09-01,1204.420043945312,0.19,2.15,7.26,-0.01194246079230452,-1.0000000000000009,-8.000000000000007,-4.0000000000000036,0.01194246079230452
2011-09-02,1173.969970703125,0.2,2.02,7.33,-0.025607017291752427,1.0000000000000009,-12.99999999999999,7.000000000000028,0.025607017291752427
2011-09-06,1165.239990234375,0.21,1.98,7.54,-0.007464076457609708,0.9999999999999981,-4.0000000000000036,20.999999999999996,0.007464076457609708
2011-09-07,1198.619995117188,0.21,2.05,7.41,0.028243824959147623,0.0,6.999999999999984,-12.99999999999999,-0.028243824959147623
2011-09-08,1185.900024414062,0.19,2.0,7.42,-0.010668890387303244,-1.9999999999999991,-4.999999999999982,0.9999999999999787,0.010668890387303244
2011-09-09,1154.22998046875,0.17,1.93,7.51,-0.027068562510961697,-1.9999999999999991,-7.000000000000006,8.999999999999986,0.027068562510961697
2011-09-12,1162.27001953125,0.21,1.94,7.64,0.0069415681820229275,3.9999999999999982,1.0000000000000009,12.99999999999999,-0.0069415681820229275
2011-09-13,1172.869995117188,0.21,2.0,7.62,0.009078726180354742,0.0,6.000000000000005,-1.9999999999999574,-0.009078726180354742
2011-09-14,1188.680053710938,0.19,2.03,7.55,0.013389760518230381,-1.9999999999999991,2.9999999999999805,-7.000000000000028,-0.013389760518230381
2011-09-15,1209.109985351562,0.21,2.09,7.49,0.017041046718104264,1.9999999999999991,6.000000000000005,-5.999999999999961,-0.017041046718104264
2011-09-16,1216.010009765625,0.18,2.08,7.46,0.005690475561935902,-3.0,-0.9999999999999787,-3.000000000000025,-0.005690475561935902
2011-09-19,1204.089965820312,0.16,1.97,7.61,-0.009850948688080693,-1.9999999999999991,-11.00000000000001,15.000000000000036,0.009850948688080693
2011-09-20,1202.089965820312,0.18,1.95,7.59,-0.0016623864527241425,1.9999999999999991,-2.0000000000000018,-2.000000000000046,0.0016623864527241425
2011-09-21,1166.760009765625,0.21,1.88,7.61,-0.029830995087147098,3.0,-7.000000000000006,2.000000000000046,0.029830995087147098
2011-09-22,1129.56005859375,0.2,1.72,7.95,-0.032402456759229786,-0.9999999999999981,-15.999999999999993,33.999999999999986,0.032402456759229786
2011-09-23,1136.430053710938,0.23,1.84,8.01,0.0060635888294701895,3.0,12.00000000000001,5.999999999999961,-0.0060635888294701895
2011-09-26,1162.949951171875,0.25,1.91,8.0,0.023068021296969016,1.9999999999999991,6.999999999999984,-0.9999999999999787,-0.023068021296969016
2011-09-27,1175.380004882812,0.25,2.0,7.92,0.010631665357294214,0.0,9.000000000000007,-8.000000000000007,-0.010631665357294214
2011-09-28,1151.06005859375,0.27,2.03,8.03,-0.02090819585269514,2.0000000000000018,2.9999999999999805,10.999999999999943,0.02090819585269514
2011-09-29,1160.400024414062,0.27,1.99,8.16,0.008081486435358217,0.0,-3.9999999999999813,13.000000000000078,-0.008081486435358217
2011-09-30,1131.420043945312,0.25,1.92,8.41,-0.02529127447886567,-2.0000000000000018,-7.000000000000006,25.0,0.02529127447886567
2011-10-03,1099.22998046875,0.24,1.8,8.72,-0.028863602903784483,-1.0000000000000009,-11.99999999999999,31.00000000000005,0.028863602903784483
2011-10-04,1123.949951171875,0.25,1.81,9.1,0.02223930613115467,1.0000000000000009,1.0000000000000009,37.9999999999999,-0.02223930613115467
2011-10-05,1144.030029296875,0.25,1.92,8.98,0.017707918945510777,0.0,10.999999999999988,-11.999999999999922,-0.017707918945510777
2011-10-06,1164.969970703125,0.29,2.01,8.72,0.018138168466480482,3.9999999999999982,8.999999999999986,-25.99999999999998,-0.018138168466480482
2011-10-07,1155.4599609375,0.3,2.1,8.55,-0.00819681118762265,1.0000000000000009,9.00000000000003,-16.999999999999993,0.00819681118762265
2011-10-10,1194.890014648438,0.3,2.1,8.56,0.03355564391928858,0.0,0.0,0.9999999999999787,-0.03355564391928858
2011-10-11,1195.5400390625,0.32,2.18,8.34,0.000543855637252209,2.0000000000000018,8.000000000000007,-22.000000000000064,-0.000543855637252209
2011-10-12,1207.25,0.29,2.24,8.07,0.009747046937638061,-3.0000000000000027,6.000000000000005,-26.999999999999957,-0.009747046937638061
2011-10-13,1203.660034179688,0.29,2.19,8.05,-0.002978102395135688,0.0,-5.000000000000027,-1.9999999999999574,0.002978102395135688
2011-10-14,1224.579956054688,0.28,2.26,7.89,0.017230948802478146,-0.9999999999999953,6.999999999999984,-16.000000000000103,-0.017230948802478146
2011-10-17,1200.859985351562,0.28,2.18,7.88,-0.01955993759945037,0.0,-7.999999999999963,-0.9999999999999787,0.01955993759945037
2011-10-18,1225.380004882812,0.28,2.19,7.87,0.02021304938031121,0.0,0.9999999999999787,-0.9999999999999787,-0.02021304938031121
2011-10-19,1209.880004882812,0.28,2.18,7.7,-0.012729818787026607,0.0,-0.9999999999999787,-16.999999999999993,0.012729818787026607
2011-10-20,1215.390014648438,0.28,2.2,7.64,0.004543839821085063,0.0,2.0000000000000018,-6.00000000000005,-0.004543839821085063
2011-10-21,1238.25,0.3,2.23,7.46,0.018634067492434146,1.9999999999999962,2.9999999999999805,-17.99999999999997,-0.018634067492434146
2011-10-24,1254.18994140625,0.3,2.25,7.31,0.012790806680371788,0.0,2.0000000000000018,-15.000000000000036,-0.012790806680371788
2011-10-25,1229.050048828125,0.26,2.14,7.29,-0.020248346199382077,-3.9999999999999982,-10.999999999999988,-1.9999999999999574,0.020248346199382077
2011-10-26,1242.0,0.28,2.23,7.2,0.01048143054408723,2.0000000000000018,8.999999999999986,-8.999999999999986,-0.01048143054408723
2011-10-27,1284.589965820312,0.31,2.42,6.83,0.03371659116813412,2.9999999999999973,18.999999999999993,-37.000000000000014,-0.03371659116813412
2011-10-28,1285.089965820312,0.28,2.34,6.85,0.00038915352854135727,-2.9999999999999973,-8.000000000000007,1.9999999999999574,-0.00038915352854135727
2011-10-31,1253.300048828125,0.25,2.17,7.07,-0.02504861661297727,-3.0000000000000027,-16.999999999999993,22.000000000000064,0.02504861661297727
2011-11-01,1218.280029296875,0.23,2.01,7.42,-0.02834005962159464,-1.9999999999999991,-16.000000000000014,34.999999999999964,0.02834005962159464
2011-11-02,1237.900024414062,0.23,2.03,7.35,0.01597636330439677,0.0,2.0000000000000018,-7.000000000000028,-0.01597636330439677
2011-11-03,1261.150024414062,0.24,2.09,7.25,0.018607607200930413,0.9999999999999981,6.000000000000005,-9.999999999999964,-0.018607607200930413
2011-11-04,1253.22998046875,0.22,2.06,7.26,-0.00629981953718923,-1.9999999999999991,-2.9999999999999805,0.9999999999999787,0.00629981953718923
2011-11-07,1261.119995117188,0.25,2.04,7.29,0.006276008211167037,3.0,-2.0000000000000018,3.000000000000025,-0.006276008211167037
2011-11-08,1275.920043945312,0.25,2.1,7.23,0.011667310321724285,0.0,6.000000000000005,-5.999999999999961,-0.011667310321724285
2011-11-09,1229.099975585938,0.24,2.0,7.48,-0.0373853470989874,-1.0000000000000009,-10.000000000000009,25.0,0.0373853470989874
2011-11-10,1239.699951171875,0.24,2.04,7.46,0.0085872010994813,0.0,4.0000000000000036,-2.000000000000046,-0.0085872010994813
2011-11-11,1263.849975585938,0.24,2.04,7.46,0.019293223004513773,0.0,0.0,0.0,-0.019293223004513773
2011-11-14,1251.780029296875,0.24,2.04,7.44,-0.009596036687555105,0.0,0.0,-1.9999999999999574,0.009596036687555105
2011-11-15,1257.81005859375,0.26,2.06,7.49,0.00480559827730043,2.0000000000000018,2.0000000000000018,4.999999999999982,-0.00480559827730043
2011-11-16,1236.910034179688,0.26,2.01,7.54,-0.016755798341954533,0.0,-5.000000000000027,4.999999999999982,0.016755798341954533
2011-11-17,1216.130004882812,0.27,1.96,7.62,-0.016942671987707113,1.0000000000000009,-4.999999999999982,8.000000000000007,0.016942671987707113
2011-11-18,1215.650024414062,0.29,2.01,7.61,-0.0003947564904724282,1.9999999999999962,4.999999999999982,-0.9999999999999787,0.0003947564904724282
2011-11-21,1192.97998046875,0.27,1.97,7.79,-0.018824571104948316,-1.9999999999999962,-3.9999999999999813,17.99999999999997,0.018824571104948316
2011-11-22,1188.0400390625,0.26,1.94,7.9,-0.004149438857005794,-1.0000000000000009,-3.0000000000000027,11.000000000000032,0.004149438857005794
2011-11-23,1161.7900390625,0.26,1.89,8.03,-0.02234297045859626,0.0,-5.000000000000004,12.9999999999999,0.02234297045859626
2011-11-25,1158.670043945312,0.28,1.97,8.0,-0.0026891193002508565,2.0000000000000018,8.000000000000007,-2.999999999999936,0.0026891193002508565
2011-11-28,1192.550048828125,0.26,1.97,7.95,0.028821079038610357,-2.0000000000000018,0.0,-4.999999999999982,-0.028821079038610357
2011-11-29,1195.18994140625,0.27,2.0,7.95,0.0022112069693969918,1.0000000000000009,3.0000000000000027,0.0,-0.0022112069693969918
2011-11-30,1246.9599609375,0.25,2.08,7.79,0.04240343833622763,-2.0000000000000018,8.000000000000007,-16.000000000000014,-0.04240343833622763
2011-12-01,1244.579956054688,0.27,2.11,7.69,-0.0019104695778523145,2.0000000000000018,2.9999999999999805,-9.999999999999964,0.0019104695778523145
2011-12-02,1244.280029296875,0.25,2.05,7.65,-0.0002410153733276144,-2.0000000000000018,-6.000000000000005,-4.0000000000000036,0.0002410153733276144
2011-12-05,1257.079956054688,0.27,2.04,7.56,0.01023446329926624,2.0000000000000018,-0.9999999999999787,-9.000000000000075,-0.01023446329926624
2011-12-06,1258.469970703125,0.25,2.08,7.5,0.001105137906525848,-2.0000000000000018,4.0000000000000036,-5.999999999999961,-0.001105137906525848
2011-12-07,1261.010009765625,0.24,2.02,7.54,0.0020163207826575202,-1.0000000000000009,-6.000000000000005,4.0000000000000036,-0.0020163207826575202
2011-12-08,1234.349975585938,0.22,1.99,7.56,-0.021368498950929404,-1.9999999999999991,-3.0000000000000027,1.9999999999999574,0.021368498950929404
2011-12-09,1255.18994140625,0.22,2.07,7.53,0.016742412907084947,0.0,7.999999999999985,-2.999999999999936,-0.016742412907084947
2011-12-12,1236.469970703125,0.24,2.03,7.6,-0.01502638690477899,1.9999999999999991,-4.0000000000000036,6.99999999999994,0.01502638690477899
2011-12-13,1225.72998046875,0.24,1.96,7.6,-0.008723953020305214,0.0,-6.999999999999984,0.0,0.008723953020305214
2011-12-14,1211.819946289062,0.25,1.92,7.63,-0.011413251497137927,1.0000000000000009,-4.0000000000000036,3.000000000000025,0.011413251497137927
2011-12-15,1215.75,0.26,1.92,7.62,0.0032378528580821347,1.0000000000000009,0.0,-0.9999999999999787,-0.0032378528580821347
2011-12-16,1219.660034179688,0.24,1.86,7.65,0.0032109891019006724,-2.0000000000000018,-5.999999999999983,3.000000000000025,-0.0032109891019006724
2011-12-19,1205.349975585938,0.24,1.82,7.65,-0.011802198458557732,0.0,-4.0000000000000036,0.0,0.011802198458557732
2011-12-20,1241.300048828125,0.26,1.94,7.54,0.029389295930943634,2.0000000000000018,11.99999999999999,-11.000000000000032,-0.029389295930943634
2011-12-21,1243.719970703125,0.28,1.98,7.49,0.001947608164854339,2.0000000000000018,4.0000000000000036,-4.999999999999982,-0.001947608164854339
2011-12-22,1254.0,0.28,1.97,7.45,0.008231577169829831,0.0,-1.0000000000000009,-4.0000000000000036,-0.008231577169829831
2011-12-23,1265.329956054688,0.28,2.03,7.37,0.008994480783105739,0.0,5.999999999999983,-8.000000000000007,-0.008994480783105739
2011-12-27,1265.430053710938,0.3,2.02,7.37,7.910481903918606e-05,1.9999999999999962,-0.9999999999999787,0.0,-7.910481903918606e-05
2011-12-28,1249.640014648438,0.28,1.93,7.4,-0.012556506256502386,-1.9999999999999962,-9.000000000000007,3.000000000000025,0.012556506256502386
2011-12-29,1263.02001953125,0.28,1.91,7.36,0.010650172463280174,0.0,-2.0000000000000018,-4.0000000000000036,-0.010650172463280174
2011-12-30,1257.599975585938,0.25,1.89,7.38,-0.004300570740064293,-3.0000000000000027,-2.0000000000000018,1.9999999999999574,0.004300570740064293
2012-01-03,1277.06005859375,0.27,1.97,7.06,0.01535548367017746,2.0000000000000018,8.000000000000007,-32.00000000000003,-0.01535548367017746
2012-01-04,1277.300048828125,0.25,2.0,7.0,0.00018790634443729306,-2.0000000000000018,3.0000000000000027,-5.999999999999961,-0.00018790634443729306
2012-01-05,1281.06005859375,0.27,2.02,7.0,0.002939392669493865,2.0000000000000018,2.0000000000000018,0.0,-0.002939392669493865
2012-01-06,1277.81005859375,0.25,1.98,7.0,-0.0025401850025391333,-2.0000000000000018,-4.0000000000000036,0.0,0.0025401850025391333
2012-01-09,1280.699951171875,0.26,1.98,6.99,0.0022590443626086362,1.0000000000000009,0.0,-0.9999999999999787,-0.0022590443626086362
2012-01-10,1292.079956054688,0.24,2.0,6.92,0.00884652361306084,-2.0000000000000018,2.0000000000000018,-7.000000000000028,-0.00884652361306084
2012-01-11,1292.47998046875,0.24,1.93,6.98,0.0003095493446317294,0.0,-7.000000000000006,6.00000000000005,-0.0003095493446317294
2012-01-12,1295.5,0.22,1.94,6.93,0.0023338827385691882,-1.9999999999999991,1.0000000000000009,-5.000000000000071,-0.0023338827385691882
2012-01-13,1289.089965820312,0.24,1.89,7.02,-0.004960204447869735,1.9999999999999991,-5.000000000000004,8.999999999999986,0.004960204447869735
2012-01-17,1293.670043945312,0.21,1.87,6.99,0.003546657768174128,-3.0,-1.9999999999999796,-2.999999999999936,-0.003546657768174128
2012-01-18,1308.0400390625,0.24,1.92,6.93,0.011046689130222722,3.0,4.999999999999982,-6.00000000000005,-0.011046689130222722
2012-01-19,1314.5,0.26,2.01,6.77,0.004926501717244016,2.0000000000000018,8.999999999999986,-16.000000000000014,-0.004926501717244016
2012-01-20,1315.380004882812,0.26,2.05,6.69,0.0006692357932854049,0.0,4.0000000000000036,-7.999999999999918,-0.0006692357932854049
2012-01-23,1316.0,0.26,2.09,6.62,0.0004712319220412942,0.0,4.0000000000000036,-7.000000000000028,-0.0004712319220412942
2012-01-24,1314.650024414062,0.24,2.08,6.62,-0.0010263438252239303,-2.0000000000000018,-0.9999999999999787,0.0,0.0010263438252239303
2012-01-25,1326.06005859375,0.22,2.01,6.63,0.008641694717196466,-1.9999999999999991,-7.000000000000028,0.9999999999999787,-0.008641694717196466
2012-01-26,1318.430053710938,0.22,1.96,6.58,-0.00577050828798872,0.0,-4.999999999999982,-4.999999999999982,0.00577050828798872
2012-01-27,1316.329956054688,0.22,1.93,6.57,-0.0015941475452909452,0.0,-3.0000000000000027,-0.9999999999999787,0.0015941475452909452
2012-01-30,1313.010009765625,0.22,1.87,6.65,-0.0025253090863457065,0.0,-5.999999999999983,8.000000000000007,0.0025253090863457065
2012-01-31,1312.410034179688,0.22,1.83,6.61,-0.0004570511280776032,0.0,-4.0000000000000036,-4.0000000000000036,0.0004570511280776032
2012-02-01,1324.089965820312,0.23,1.87,6.54,0.008860237474265302,1.0000000000000009,4.0000000000000036,-7.000000000000028,-0.008860237474265302
2012-02-02,1325.5400390625,0.23,1.86,6.55,0.0010945478306673452,0.0,-1.0000000000000009,0.9999999999999787,-0.0010945478306673452
2012-02-03,1344.900024414062,0.23,1.97,6.42,0.01449972594810743,0.0,10.999999999999988,-12.99999999999999,-0.01449972594810743
2012-02-06,1344.329956054688,0.24,1.93,6.44,-0.0004239640135304521,0.9999999999999981,-4.0000000000000036,2.000000000000046,0.0004239640135304521
2012-02-07,1347.050048828125,0.25,2.0,6.36,0.0020213375254699317,1.0000000000000009,7.000000000000006,-8.000000000000007,-0.0020213375254699317
2012-02-08,1349.9599609375,0.27,2.01,6.29,0.0021578809333250354,2.0000000000000018,0.9999999999999787,-7.000000000000028,-0.0021578809333250354
2012-02-09,1351.949951171875,0.27,2.04,6.26,0.0014730251258786603,0.0,3.000000000000025,-3.000000000000025,-0.0014730251258786603
2012-02-10,1342.640014648438,0.27,1.96,6.35,-0.006910122643615844,0.0,-8.000000000000007,8.999999999999986,0.006910122643615844
2012-02-13,1351.77001953125,0.29,1.99,6.27,0.0067770233264969415,1.9999999999999962,3.0000000000000027,-8.000000000000007,-0.0067770233264969415
2012-02-14,1350.5,0.29,1.92,6.27,-0.0009399650039259267,0.0,-7.000000000000006,0.0,0.0009399650039259267
2012-02-15,1343.22998046875,0.29,1.93,6.27,-0.005397747536216691,0.0,1.0000000000000009,0.0,0.005397747536216691
2012-02-16,1358.0400390625,0.29,1.99,6.26,0.010965365833276902,0.0,6.000000000000005,-0.9999999999999787,-0.010965365833276902
2012-02-17,1361.22998046875,0.29,2.01,6.2,0.0023461758829402962,0.0,1.9999999999999796,-5.999999999999961,-0.0023461758829402962
2012-02-21,1362.2099609375,0.31,2.05,6.14,0.0007196637576957368,2.0000000000000018,4.0000000000000036,-6.00000000000005,-0.0007196637576957368
2012-02-22,1357.660034179688,0.29,2.01,6.15,-0.0033456974121451946,-2.0000000000000018,-4.0000000000000036,1.0000000000000675,0.0033456974121451946
2012-02-23,1363.4599609375,0.31,1.99,6.11,0.00426290318060602,2.0000000000000018,-1.9999999999999796,-4.0000000000000036,-0.00426290318060602
2012-02-24,1365.739990234375,0.31,1.98,6.01,0.001670841175508428,0.0,-1.0000000000000009,-10.000000000000053,-0.001670841175508428
2012-02-27,1367.589965820312,0.3,1.92,6.05,0.0013536425518787631,-1.0000000000000009,-6.000000000000005,4.0000000000000036,-0.0013536425518787631
2012-02-28,1372.180053710938,0.3,1.94,6.01,0.0033507134923154392,0.0,2.0000000000000018,-4.0000000000000036,-0.0033507134923154392
2012-02-29,1365.680053710938,0.3,1.98,5.98,-0.004748242756953383,0.0,4.0000000000000036,-2.999999999999936,0.004748242756953383
2012-03-01,1374.089965820312,0.3,2.03,5.94,0.006139156544532279,0.0,4.999999999999982,-4.0000000000000036,-0.006139156544532279
2012-03-02,1369.630004882812,0.28,1.99,5.97,-0.0032510350278581205,-1.9999999999999962,-3.9999999999999813,2.999999999999936,0.0032510350278581205
2012-03-05,1364.329956054688,0.31,2.0,6.01,-0.003877200502820472,2.9999999999999973,1.0000000000000009,4.0000000000000036,0.003877200502820472
2012-03-06,1343.359985351562,0.3,1.96,6.25,-0.015489506127544822,-1.0000000000000009,-4.0000000000000036,24.00000000000002,0.015489506127544822
2012-03-07,1352.630004882812,0.3,1.98,6.18,0.006876921722994126,0.0,2.0000000000000018,-7.000000000000028,-0.006876921722994126
2012-03-08,1365.910034179688,0.32,2.03,6.11,0.009770049174722902,2.0000000000000018,4.999999999999982,-6.99999999999994,-0.009770049174722902
2012-03-09,1370.869995117188,0.33,2.04,6.09,0.0036246730207315234,1.0000000000000009,1.000000000000023,-2.000000000000046,-0.0036246730207315234
2012-03-12,1371.089965820312,0.33,2.04,6.06,0.00016044778678745472,0.0,0.0,-3.000000000000025,-0.00016044778678745472
2012-03-13,1395.949951171875,0.35,2.14,5.97,0.017969133090434446,1.9999999999999962,10.000000000000009,-8.999999999999986,-0.017969133090434446
2012-03-14,1394.280029296875,0.4,2.29,5.83,-0.0011969780885961415,5.000000000000004,14.999999999999991,-13.999999999999968,0.0011969780885961415
2012-03-15,1402.599975585938,0.37,2.29,5.87,0.005949465701560443,-3.0000000000000027,0.0,4.0000000000000036,-0.005949465701560443
2012-03-16,1404.170043945312,0.37,2.31,5.86,0.0011187724766998,0.0,2.0000000000000018,-0.9999999999999787,-0.0011187724766998
2012-03-19,1409.75,0.39,2.39,5.79,0.003965971514071378,2.0000000000000018,8.000000000000007,-7.000000000000028,-0.003965971514071378
2012-03-20,1405.52001953125,0.41,2.38,5.8,-0.003005028734390367,1.9999999999999962,-1.000000000000023,0.9999999999999787,0.003005028734390367
2012-03-21,1402.890014648438,0.39,2.31,5.85,-0.001872949903773895,-1.9999999999999962,-6.999999999999984,4.999999999999982,0.001872949903773895
2012-03-22,1392.780029296875,0.37,2.29,5.91,-0.007232634226898176,-2.0000000000000018,-2.0000000000000018,6.00000000000005,0.007232634226898176
2012-03-23,1397.109985351562,0.37,2.25,5.93,0.003104036007555937,0.0,-4.0000000000000036,1.9999999999999574,-0.003104036007555937
2012-03-26,1416.510009765625,0.36,2.26,5.91,0.013790299964088726,-1.0000000000000009,0.9999999999999787,-1.9999999999999574,-0.013790299964088726
2012-03-27,1412.52001953125,0.33,2.2,5.93,-0.002820749754246321,-2.9999999999999973,-5.999999999999961,1.9999999999999574,0.002820749754246321
2012-03-28,1405.5400390625,0.34,2.21,5.93,-0.004953758683289016,1.0000000000000009,0.9999999999999787,0.0,0.004953758683289016
2012-03-29,1403.280029296875,0.33,2.18,6.02,-0.0016092239433873861,-1.0000000000000009,-2.9999999999999805,8.999999999999986,0.0016092239433873861
2012-03-30,1408.469970703125,0.33,2.23,5.95,0.003691613621621361,0.0,4.999999999999982,-6.99999999999994,-0.003691613621621361
2012-04-02,1419.0400390625,0.33,2.22,5.99,0.007476626120982405,0.0,-0.9999999999999787,4.0000000000000036,-0.007476626120982405
2012-04-03,1413.380004882812,0.36,2.3,5.91,-0.00399661182014147,2.9999999999999973,7.999999999999963,-8.000000000000007,0.00399661182014147
2012-04-04,1398.9599609375,0.35,2.25,5.99,-0.010254926852537701,-1.0000000000000009,-4.999999999999982,8.000000000000007,0.010254926852537701
2012-04-05,1398.079956054688,0.35,2.19,6.05,-0.0006292401524210658,0.0,-6.000000000000005,5.999999999999961,0.0006292401524210658
2012-04-09,1382.199951171875,0.32,2.06,6.24,-0.011423437999542837,-2.9999999999999973,-12.99999999999999,19.00000000000004,0.011423437999542837
2012-04-10,1358.589965820312,0.28,2.01,6.32,-0.017229025277186144,-3.9999999999999982,-5.000000000000027,8.000000000000007,0.017229025277186144
2012-04-11,1368.7099609375,0.3,2.05,6.3,0.007421289800124198,1.9999999999999962,4.0000000000000036,-2.000000000000046,-0.007421289800124198
2012-04-12,1387.569946289062,0.29,2.08,6.24,0.013685315235975529,-1.0000000000000009,3.000000000000025,-5.999999999999961,-0.013685315235975529
2012-04-13,1370.260009765625,0.27,2.02,6.26,-0.012553467125055782,-1.9999999999999962,-6.000000000000005,1.9999999999999574,0.012553467125055782
2012-04-16,1369.569946289062,0.27,2.0,6.23,-0.000503727240173786,0.0,-2.0000000000000018,-2.999999999999936,0.000503727240173786
2012-04-17,1390.780029296875,0.27,2.03,6.16,0.015367979157955082,0.0,2.9999999999999805,-7.000000000000028,-0.015367979157955082
2012-04-18,1385.140014648438,0.27,2.0,6.16,-0.0040635337617456885,0.0,-2.9999999999999805,0.0,0.0040635337617456885
2012-04-19,1376.920043945312,0.27,1.98,6.17,-0.00595207547720289,0.0,-2.0000000000000018,0.9999999999999787,0.00595207547720289
2012-04-20,1378.530029296875,0.29,1.99,6.14,0.001168582621337773,1.9999999999999962,1.0000000000000009,-3.000000000000025,-0.001168582621337773
2012-04-23,1366.93994140625,0.27,1.96,6.2,-0.008443113102887432,-1.9999999999999962,-3.0000000000000027,6.00000000000005,0.008443113102887432
2012-04-24,1371.969970703125,0.27,2.0,6.14,0.003673019641628904,0.0,4.0000000000000036,-6.00000000000005,-0.003673019641628904
2012-04-25,1390.68994140625,0.26,2.01,6.05,0.0135523428987414,-1.0000000000000009,0.9999999999999787,-8.999999999999986,-0.0135523428987414
2012-04-26,1399.97998046875,0.26,1.98,6.06,0.006657952133507798,0.0,-2.9999999999999805,0.9999999999999787,-0.006657952133507798
2012-04-27,1403.359985351562,0.26,1.96,6.02,0.0024114139290226503,0.0,-2.0000000000000018,-4.0000000000000036,-0.0024114139290226503
2012-04-30,1397.910034179688,0.27,1.95,6.04,-0.0038910622753690572,1.0000000000000009,-1.0000000000000009,2.000000000000046,0.0038910622753690572
2012-05-01,1405.819946289062,0.27,1.98,5.96,0.005642435719683471,0.0,3.0000000000000027,-8.000000000000007,-0.005642435719683471
2012-05-02,1402.31005859375,0.27,1.96,5.96,-0.0024998055766585403,0.0,-2.0000000000000018,0.0,0.0024998055766585403
2012-05-03,1391.569946289062,0.28,1.96,5.92,-0.007688351103507177,1.0000000000000009,0.0,-4.0000000000000036,0.007688351103507177
2012-05-04,1369.099975585938,0.27,1.91,5.94,-0.01627899572158937,-1.0000000000000009,-5.000000000000004,2.000000000000046,0.01627899572158937
2012-05-07,1369.579956054688,0.27,1.92,5.95,0.000350519582897646,0.0,1.0000000000000009,0.9999999999999787,-0.000350519582897646
2012-05-08,1363.719970703125,0.27,1.88,6.0,-0.004287853134969646,0.0,-4.0000000000000036,4.999999999999982,0.004287853134969646
2012-05-09,1354.579956054688,0.27,1.87,6.04,-0.0067248275317816145,0.0,-0.9999999999999787,4.0000000000000036,0.0067248275317816145
2012-05-10,1357.989990234375,0.27,1.89,6.0,0.0025142474063848098,0.0,1.9999999999999796,-4.0000000000000036,-0.0025142474063848098
2012-05-11,1353.390014648438,0.27,1.84,6.02,-0.003393091334281409,0.0,-4.999999999999982,1.9999999999999574,0.003393091334281409
2012-05-14,1338.349975585938,0.29,1.78,6.11,-0.011175073102338487,1.9999999999999962,-6.000000000000005,9.000000000000075,0.011175073102338487
2012-05-15,1330.660034179688,0.29,1.76,6.15,-0.005762408276502476,0.0,-2.0000000000000018,4.0000000000000036,0.005762408276502476
2012-05-16,1324.800048828125,0.3,1.76,6.22,-0.004413543928948259,1.0000000000000009,0.0,6.99999999999994,0.004413543928948259
2012-05-17,1304.859985351562,0.32,1.7,6.44,-0.0151657974056048,2.0000000000000018,-6.000000000000005,22.000000000000064,0.0151657974056048
2012-05-18,1295.219970703125,0.32,1.71,6.52,-0.00741520182675453,0.0,1.0000000000000009,7.999999999999918,0.00741520182675453
2012-05-21,1315.989990234375,0.3,1.75,6.63,0.01590868439583931,-2.0000000000000018,4.0000000000000036,11.000000000000032,-0.01590868439583931
2012-05-22,1316.630004882812,0.3,1.79,6.55,0.0004862187951416465,0.0,4.0000000000000036,-8.000000000000007,-0.0004862187951416465
2012-05-23,1318.859985351562,0.28,1.73,6.66,0.001692270514548765,-1.9999999999999962,-6.000000000000005,11.000000000000032,-0.001692270514548765
2012-05-24,1320.680053710938,0.29,1.77,6.62,0.0013790801585887534,0.9999999999999953,4.0000000000000036,-4.0000000000000036,-0.0013790801585887534
2012-05-25,1317.819946289062,0.3,1.75,6.63,-0.0021679807027613846,1.0000000000000009,-2.0000000000000018,0.9999999999999787,0.0021679807027613846
2012-05-29,1332.420043945312,0.3,1.74,6.59,0.01101805527882847,0.0,-1.0000000000000009,-4.0000000000000036,-0.01101805527882847
2012-05-30,1313.319946289062,0.27,1.63,6.71,-0.014438629304797283,-2.9999999999999973,-11.00000000000001,12.00000000000001,0.014438629304797283
2012-05-31,1310.329956054688,0.27,1.59,6.96,-0.00227926106004259,0.0,-3.9999999999999813,25.0,0.00227926106004259
2012-06-01,1278.0400390625,0.25,1.47,7.16,-0.024951295414361866,-2.0000000000000018,-12.00000000000001,20.000000000000018,0.024951295414361866
2012-06-04,1278.180053710938,0.25,1.53,7.17,0.00010954819498824283,0.0,6.000000000000005,0.9999999999999787,-0.00010954819498824283
2012-06-05,1285.5,0.25,1.57,7.23,0.005710514594358584,0.0,4.0000000000000036,6.00000000000005,-0.005710514594358584
2012-06-06,1315.130004882812,0.26,1.66,7.06,0.022787776048048037,1.0000000000000009,8.999999999999986,-17.00000000000008,-0.022787776048048037
2012-06-07,1314.989990234375,0.27,1.66,6.95,-0.00010647016016704071,1.0000000000000009,0.0,-10.999999999999943,0.00010647016016704071
2012-06-08,1325.660034179688,0.28,1.65,6.95,0.008081420799989828,1.0000000000000009,-1.0000000000000009,0.0,-0.008081420799989828
2012-06-11,1308.930053710938,0.27,1.6,6.9,-0.012700423815401067,-1.0000000000000009,-4.999999999999982,-4.999999999999982,0.012700423815401067
2012-06-12,1324.180053710938,0.3,1.67,6.9,0.011583389901239803,2.9999999999999973,6.999999999999984,0.0,-0.011583389901239803
2012-06-13,1314.880004882812,0.3,1.61,6.91,-0.007048030071104845,0.0,-5.999999999999983,0.9999999999999787,0.007048030071104845
2012-06-14,1329.099975585938,0.3,1.64,6.85,0.010756592649870436,0.0,2.9999999999999805,-6.00000000000005,-0.010756592649870436
2012-06-15,1342.839965820312,0.29,1.6,6.84,0.010284745652146135,-1.0000000000000009,-3.9999999999999813,-0.9999999999999787,-0.010284745652146135
2012-06-18,1344.780029296875,0.29,1.59,6.81,0.0014437039589358016,0.0,-1.0000000000000009,-3.000000000000025,-0.0014437039589358016
2012-06-19,1357.97998046875,0.3,1.64,6.65,0.009767834417612748,1.0000000000000009,4.999999999999982,-15.999999999999925,-0.009767834417612748
2012-06-20,1355.68994140625,0.32,1.65,6.54,-0.001687780512771723,2.0000000000000018,1.0000000000000009,-11.000000000000032,0.001687780512771723
2012-06-21,1325.510009765625,0.32,1.63,6.52,-0.022513208183375856,0.0,-2.0000000000000018,-2.000000000000046,0.022513208183375856
2012-06-22,1335.02001953125,0.31,1.69,6.52,0.00714898923450435,-1.0000000000000009,6.000000000000005,0.0,-0.00714898923450435
2012-06-25,1313.719970703125,0.31,1.63,6.6,-0.016083502390603004,0.0,-6.000000000000005,8.000000000000007,0.016083502390603004
2012-06-26,1319.989990234375,0.31,1.66,6.57,0.004761368161020215,0.0,3.0000000000000027,-2.999999999999936,-0.004761368161020215
2012-06-27,1331.849975585938,0.31,1.65,6.52,0.00894478141961787,0.0,-1.0000000000000009,-5.000000000000071,-0.00894478141961787
2012-06-28,1329.0400390625,0.31,1.6,6.52,-0.0021120283457670866,0.0,-4.999999999999982,0.0,0.0021120283457670866
2012-06-29,1362.160034179688,0.33,1.67,6.36,0.02461479373492068,2.0000000000000018,6.999999999999984,-15.999999999999925,-0.02461479373492068
2012-07-02,1365.510009765625,0.3,1.61,6.45,0.002456292158706393,-3.0000000000000027,-5.999999999999983,8.999999999999986,-0.002456292158706393
2012-07-03,1374.02001953125,0.3,1.65,6.39,0.0062127715684242545,0.0,3.9999999999999813,-6.00000000000005,-0.0062127715684242545
2012-07-05,1367.579956054688,0.28,1.62,6.4,-0.004698041566320865,-1.9999999999999962,-2.9999999999999805,1.0000000000000675,0.004698041566320865
2012-07-06,1354.680053710938,0.27,1.57,6.44,-0.009477418655581866,-1.0000000000000009,-5.000000000000004,4.0000000000000036,0.009477418655581866
2012-07-09,1352.4599609375,0.27,1.53,6.44,-0.0016401761705184634,0.0,-4.0000000000000036,0.0,0.0016401761705184634
2012-07-10,1341.469970703125,0.27,1.53,6.4,-0.00815912178959069,0.0,0.0,-4.0000000000000036,0.00815912178959069
2012-07-11,1341.449951171875,0.27,1.54,6.37,-1.4923688990578574e-05,0.0,1.0000000000000009,-3.000000000000025,1.4923688990578574e-05
2012-07-12,1334.760009765625,0.25,1.5,6.41,-0.004999574352459078,-2.0000000000000018,-4.0000000000000036,4.0000000000000036,0.004999574352459078
2012-07-13,1356.780029296875,0.25,1.52,6.41,0.016362759247573275,0.0,2.0000000000000018,0.0,-0.016362759247573275
2012-07-16,1353.640014648438,0.24,1.5,6.39,-0.0023169958916201064,-1.0000000000000009,-2.0000000000000018,-2.000000000000046,0.0023169958916201064
2012-07-17,1363.670043945312,0.25,1.53,6.36,0.007382355809911099,1.0000000000000009,3.0000000000000027,-2.999999999999936,-0.007382355809911099
2012-07-18,1372.780029296875,0.22,1.52,6.33,0.006658275330085227,-3.0,-1.0000000000000009,-3.000000000000025,-0.006658275330085227
2012-07-19,1376.510009765625,0.22,1.54,6.25,0.002713415248511383,0.0,2.0000000000000018,-8.000000000000007,-0.002713415248511383
2012-07-20,1362.660034179688,0.22,1.49,6.28,-0.010112620534168696,0.0,-5.000000000000004,3.000000000000025,0.010112620534168696
2012-07-23,1350.52001953125,0.22,1.47,6.38,-0.00894897900370758,0.0,-2.0000000000000018,9.999999999999964,0.00894897900370758
2012-07-24,1338.31005859375,0.22,1.44,6.4,-0.00908205019242412,0.0,-3.0000000000000027,2.000000000000046,0.00908205019242412
2012-07-25,1337.890014648438,0.22,1.43,6.4,-0.00031391072211762235,0.0,-1.0000000000000009,0.0,0.00031391072211762235
2012-07-26,1360.02001953125,0.23,1.45,6.35,0.0164056628649509,1.0000000000000009,2.0000000000000018,-5.000000000000071,-0.0164056628649509
2012-07-27,1385.969970703125,0.25,1.58,6.22,0.018900814490450273,1.9999999999999991,13.00000000000001,-12.99999999999999,-0.018900814490450273
2012-07-30,1385.300048828125,0.23,1.53,6.2,-0.00048347644461061725,-1.9999999999999991,-5.000000000000004,-1.9999999999999574,0.00048347644461061725
2012-07-31,1379.319946289062,0.23,1.51,6.16,-0.004326172766220557,0.0,-2.0000000000000018,-4.0000000000000036,0.004326172766220557
2012-08-01,1375.319946289062,0.24,1.56,6.1,-0.0029041929017454256,0.9999999999999981,5.000000000000004,-6.00000000000005,0.0029041929017454256
2012-08-02,1365.0,0.24,1.51,6.13,-0.00753196362413571,0.0,-5.000000000000004,3.000000000000025,0.00753196362413571
2012-08-03,1390.989990234375,0.24,1.6,6.01,0.018861288185302486,0.0,9.000000000000007,-12.00000000000001,-0.018861288185302486
2012-08-06,1394.22998046875,0.24,1.59,6.0,0.002326560724057678,0.0,-1.0000000000000009,-0.9999999999999787,-0.002326560724057678
2012-08-07,1401.349975585938,0.27,1.66,5.91,0.00509376274259335,3.0000000000000027,6.999999999999984,-8.999999999999986,-0.00509376274259335
2012-08-08,1402.219970703125,0.29,1.68,5.89,0.000620633807452971,1.9999999999999962,2.0000000000000018,-2.000000000000046,-0.000620633807452971
2012-08-09,1402.800048828125,0.29,1.69,5.91,0.00041359999517301903,0.0,1.0000000000000009,2.000000000000046,-0.00041359999517301903
2012-08-10,1405.869995117188,0.27,1.65,5.98,0.002186050667105016,-1.9999999999999962,-4.0000000000000036,7.000000000000028,-0.002186050667105016
2012-08-13,1404.109985351562,0.27,1.65,5.96,-0.0012526850781946217,0.0,0.0,-2.000000000000046,0.0012526850781946217
2012-08-14,1403.930053710938,0.27,1.73,5.92,-0.0001281546120193055,0.0,8.000000000000007,-4.0000000000000036,0.0001281546120193055
2012-08-15,1405.530029296875,0.27,1.8,5.88,0.0011389916294486243,0.0,7.000000000000006,-4.0000000000000036,-0.0011389916294486243
2012-08-16,1415.510009765625,0.29,1.83,5.89,0.007075420387505465,1.9999999999999962,3.0000000000000027,0.9999999999999787,-0.007075420387505465
2012-08-17,1418.160034179688,0.29,1.81,5.89,0.001870383739476924,0.0,-2.0000000000000018,0.0,-0.001870383739476924
2012-08-20,1418.130004882812,0.29,1.82,5.86,-2.117505365348779e-05,0.0,1.0000000000000009,-2.999999999999936,2.117505365348779e-05
2012-08-21,1413.170043945312,0.31,1.8,5.83,-0.003503666814444632,2.0000000000000018,-2.0000000000000018,-3.000000000000025,0.003503666814444632
2012-08-22,1413.489990234375,0.26,1.71,5.88,0.00022637762345701875,-4.999999999999999,-9.000000000000007,4.999999999999982,-0.00022637762345701875
2012-08-23,1402.079956054688,0.26,1.68,5.89,-0.00810499959772223,0.0,-3.0000000000000027,0.9999999999999787,0.00810499959772223
2012-08-24,1411.130004882812,0.28,1.68,5.87,0.006433988343261604,2.0000000000000018,0.0,-1.9999999999999574,-0.006433988343261604
2012-08-27,1410.43994140625,0.28,1.65,5.87,-0.0004891344205221122,0.0,-3.0000000000000027,0.0,0.0004891344205221122
2012-08-28,1409.300048828125,0.27,1.64,5.88,-0.0008085090427962799,-1.0000000000000009,-1.0000000000000009,0.9999999999999787,0.0008085090427962799
2012-08-29,1410.489990234375,0.27,1.66,5.84,0.0008439929642994782,0.0,2.0000000000000018,-4.0000000000000036,-0.0008439929642994782
2012-08-30,1399.47998046875,0.27,1.63,5.86,-0.007836429729673381,0.0,-3.0000000000000027,2.000000000000046,0.007836429729673381
2012-08-31,1406.579956054688,0.22,1.57,5.98,0.005060469767645385,-5.000000000000002,-5.999999999999983,12.00000000000001,-0.005060469767645385
2012-09-04,1404.93994140625,0.23,1.59,5.94,-0.0011666393226884132,1.0000000000000009,2.0000000000000018,-4.0000000000000036,0.0011666393226884132
2012-09-05,1403.43994140625,0.25,1.6,5.91,-0.0010682316532888013,1.9999999999999991,1.0000000000000009,-3.000000000000025,0.0010682316532888013
2012-09-06,1432.119995117188,0.27,1.68,5.8,0.02022953661200733,2.0000000000000018,7.999999999999985,-11.000000000000032,-0.02022953661200733
2012-09-07,1437.920043945312,0.25,1.67,5.74,0.004041794988942367,-2.0000000000000018,-1.0000000000000009,-5.999999999999961,-0.004041794988942367
2012-09-10,1429.079956054688,0.25,1.68,5.68,-0.006166805654652278,0.0,1.0000000000000009,-6.00000000000005,0.006166805654652278
2012-09-11,1433.56005859375,0.25,1.7,5.64,0.0031300521014526505,0.0,2.0000000000000018,-4.0000000000000036,-0.0031300521014526505
2012-09-12,1436.56005859375,0.25,1.77,5.51,0.002090505602596938,0.0,7.000000000000006,-12.99999999999999,-0.002090505602596938
2012-09-13,1459.989990234375,0.24,1.75,5.5,0.01617817215384428,-1.0000000000000009,-2.0000000000000018,-0.9999999999999787,-0.01617817215384428
2012-09-14,1465.77001953125,0.27,1.88,5.3,0.003951135292808127,3.0000000000000027,12.99999999999999,-20.000000000000018,-0.003951135292808127
2012-09-17,1461.18994140625,0.25,1.85,5.32,-0.0031295828602655195,-2.0000000000000018,-2.9999999999999805,2.000000000000046,0.0031295828602655195
2012-09-18,1459.319946289062,0.25,1.82,5.33,-0.0012805951321176606,0.0,-3.0000000000000027,0.9999999999999787,0.0012805951321176606
2012-09-19,1461.050048828125,0.27,1.79,5.34,0.0011848517443744802,2.0000000000000018,-3.0000000000000027,0.9999999999999787,-0.0011848517443744802
2012-09-20,1460.260009765625,0.27,1.8,5.38,-0.00054087999282134,0.0,1.0000000000000009,4.0000000000000036,0.00054087999282134
2012-09-21,1460.150024414062,0.27,1.77,5.42,-7.532185571727356e-05,0.0,-3.0000000000000027,4.0000000000000036,7.532185571727356e-05
2012-09-24,1456.890014648438,0.27,1.74,5.5,-0.0022351500693792796,0.0,-3.0000000000000027,8.000000000000007,0.0022351500693792796
2012-09-25,1441.589965820312,0.27,1.7,5.56,-0.010557389418568276,0.0,-4.0000000000000036,5.999999999999961,0.010557389418568276
2012-09-26,1433.319946289062,0.26,1.64,5.8,-0.005753253211740956,-1.0000000000000009,-6.000000000000005,24.00000000000002,0.005753253211740956
2012-09-27,1447.150024414062,0.25,1.66,5.73,0.009602727708234702,-1.0000000000000009,2.0000000000000018,-6.99999999999994,-0.009602727708234702
2012-09-28,1440.670043945312,0.23,1.65,5.72,-0.004487808236766832,-1.9999999999999991,-1.0000000000000009,-1.0000000000000675,0.004487808236766832
2012-10-01,1444.489990234375,0.25,1.64,5.71,0.00264799766799511,1.9999999999999991,-1.0000000000000009,-0.9999999999999787,-0.00264799766799511
2012-10-02,1445.75,0.23,1.64,5.72,0.0008719067272658147,-1.9999999999999991,0.0,0.9999999999999787,-0.0008719067272658147
2012-10-03,1450.989990234375,0.23,1.64,5.68,0.003617857293033645,0.0,0.0,-4.0000000000000036,-0.003617857293033645
2012-10-04,1461.400024414062,0.23,1.7,5.62,0.007148821731696921,0.0,6.000000000000005,-5.999999999999961,-0.007148821731696921
2012-10-05,1460.930053710938,0.27,1.75,5.55,-0.0003216410840744575,4.000000000000001,5.000000000000004,-7.000000000000028,0.0003216410840744575
2012-10-08,1455.880004882812,0.27,1.75,5.54,-0.0034627238474295736,0.0,0.0,-0.9999999999999787,0.0034627238474295736
2012-10-09,1441.47998046875,0.25,1.74,5.56,-0.00994018213514163,-2.0000000000000018,-1.0000000000000009,1.9999999999999574,0.00994018213514163
2012-10-10,1432.56005859375,0.27,1.72,5.61,-0.0062072555664811424,2.0000000000000018,-2.0000000000000018,5.000000000000071,0.0062072555664811424
2012-10-11,1432.839965820312,0.28,1.7,5.57,0.00019537043698435543,1.0000000000000009,-2.0000000000000018,-4.0000000000000036,-0.00019537043698435543
2012-10-12,1428.589965820312,0.27,1.69,5.56,-0.002970544956016541,-1.0000000000000009,-1.0000000000000009,-1.0000000000000675,0.002970544956016541
2012-10-15,1440.130004882812,0.27,1.7,5.48,0.008045470752666933,0.0,1.0000000000000009,-7.999999999999918,-0.008045470752666933
2012-10-16,1454.920043945312,0.27,1.75,5.4,0.010217555817170515,0.0,5.000000000000004,-8.000000000000007,-0.010217555817170515
2012-10-17,1460.910034179688,0.3,1.83,5.27,0.004108606125955467,2.9999999999999973,8.000000000000007,-13.000000000000078,-0.004108606125955467
2012-10-18,1457.339965820312,0.29,1.86,5.24,-0.0024467198768955136,-1.0000000000000009,3.0000000000000027,-2.999999999999936,0.0024467198768955136
2012-10-19,1433.18994140625,0.3,1.79,5.31,-0.016710144600035653,1.0000000000000009,-7.000000000000006,6.99999999999994,0.016710144600035653
2012-10-22,1433.819946289062,0.32,1.83,5.28,0.00043948567855041755,2.0000000000000018,4.0000000000000036,-2.999999999999936,-0.00043948567855041755
2012-10-23,1413.109985351562,0.29,1.79,5.41,-0.01454923497073801,-3.0000000000000027,-4.0000000000000036,12.99999999999999,0.01454923497073801
2012-10-24,1408.75,0.29,1.8,5.39,-0.0030901524835874987,0.0,1.0000000000000009,-2.000000000000046,0.0030901524835874987
2012-10-25,1412.969970703125,0.31,1.86,5.33,0.002991064948394708,2.0000000000000018,6.000000000000005,-5.999999999999961,-0.002991064948394708
2012-10-26,1411.93994140625,0.3,1.78,5.41,-0.0007292475686444066,-1.0000000000000009,-8.000000000000007,8.000000000000007,0.0007292475686444066
2012-10-31,1412.160034179688,0.3,1.72,5.63,0.00015586755128097694,0.0,-6.000000000000005,21.999999999999975,-0.00015586755128097694
2012-11-01,1427.589965820312,0.3,1.75,5.57,0.010867212600985313,0.0,3.0000000000000027,-5.999999999999961,-0.010867212600985313
2012-11-02,1414.199951171875,0.28,1.75,5.54,-0.009423718242892178,-1.9999999999999962,0.0,-3.000000000000025,0.009423718242892178
2012-11-05,1417.260009765625,0.28,1.72,5.57,0.002161471345057592,0.0,-3.0000000000000027,3.000000000000025,-0.002161471345057592
2012-11-06,1428.390014648438,0.3,1.78,5.49,0.00782250912272755,1.9999999999999962,6.000000000000005,-8.000000000000007,-0.00782250912272755
2012-11-07,1394.530029296875,0.27,1.68,5.63,-0.023990484179204977,-2.9999999999999973,-10.000000000000009,13.999999999999968,0.023990484179204977
2012-11-08,1377.510009765625,0.27,1.62,5.67,-0.0122799333135091,0.0,-5.999999999999983,4.0000000000000036,0.0122799333135091
2012-11-09,1379.849975585938,0.27,1.61,5.77,0.0016972512798218119,0.0,-1.0000000000000009,9.999999999999964,-0.0016972512798218119
2012-11-12,1380.030029296875,0.27,1.61,5.77,0.00013047937654811883,0.0,0.0,0.0,-0.00013047937654811883
2012-11-13,1374.530029296875,0.27,1.59,5.82,-0.003993383474745327,0.0,-2.0000000000000018,5.000000000000071,0.003993383474745327
2012-11-14,1355.489990234375,0.25,1.59,5.84,-0.013948870444327605,-2.0000000000000018,0.0,1.9999999999999574,0.013948870444327605
2012-11-15,1353.329956054688,0.24,1.58,5.94,-0.0015948159570163922,-1.0000000000000009,-1.0000000000000009,10.000000000000053,0.0015948159570163922
2012-11-16,1359.880004882812,0.24,1.58,5.98,0.004828274735175039,0.0,0.0,4.0000000000000036,-0.004828274735175039
2012-11-19,1386.890014648438,0.25,1.61,5.85,0.01966737673954821,1.0000000000000009,3.0000000000000027,-13.000000000000078,-0.01966737673954821
2012-11-20,1387.81005859375,0.27,1.66,5.79,0.0006631664358272477,2.0000000000000018,4.999999999999982,-5.999999999999961,-0.0006631664358272477
2012-11-21,1391.030029296875,0.27,1.69,5.72,0.002317493660971613,0.0,3.0000000000000027,-7.000000000000028,-0.002317493660971613
2012-11-23,1409.150024414062,0.29,1.7,5.71,0.012942202068968088,1.9999999999999962,1.0000000000000009,-0.9999999999999787,-0.012942202068968088
2012-11-26,1406.2900390625,0.27,1.66,5.68,-0.0020316442693260107,-1.9999999999999962,-4.0000000000000036,-3.000000000000025,0.0020316442693260107
2012-11-27,1398.93994140625,0.27,1.64,5.65,-0.005240293685227754,0.0,-2.0000000000000018,-2.999999999999936,0.005240293685227754
2012-11-28,1409.930053710938,0.27,1.63,5.66,0.007825330760125484,0.0,-1.0000000000000009,0.9999999999999787,-0.007825330760125484
2012-11-29,1415.949951171875,0.25,1.62,5.58,0.004260553566881591,-2.0000000000000018,-0.9999999999999787,-8.000000000000007,-0.004260553566881591
2012-11-30,1416.180053710938,0.25,1.62,5.65,0.00016249433406834033,0.0,0.0,7.000000000000028,-0.00016249433406834033
2012-12-03,1409.4599609375,0.25,1.63,5.6,-0.004756519166260396,0.0,0.9999999999999787,-5.000000000000071,0.004756519166260396
2012-12-04,1407.050048828125,0.25,1.62,5.58,-0.0017112757910542108,0.0,-0.9999999999999787,-1.9999999999999574,0.0017112757910542108
2012-12-05,1409.280029296875,0.25,1.6,5.51,0.0015836076545869759,0.0,-2.0000000000000018,-7.000000000000028,-0.0015836076545869759
2012-12-06,1413.93994140625,0.25,1.59,5.48,0.0033011358587093772,0.0,-1.0000000000000009,-2.999999999999936,-0.0033011358587093772
2012-12-07,1418.069946289062,0.25,1.64,5.42,0.0029166619993502697,0.0,4.999999999999982,-6.00000000000005,-0.0029166619993502697
2012-12-10,1418.550048828125,0.24,1.63,5.41,0.00033850324997611824,-1.0000000000000009,-1.0000000000000009,-0.9999999999999787,-0.00033850324997611824
2012-12-11,1427.839965820312,0.24,1.66,5.35,0.006527531315292755,0.0,3.0000000000000027,-6.00000000000005,-0.006527531315292755
2012-12-12,1428.47998046875,0.25,1.72,5.29,0.00044813933395692696,1.0000000000000009,6.000000000000005,-5.999999999999961,-0.00044813933395692696
2012-12-13,1419.449951171875,0.27,1.74,5.27,-0.006341489977008348,2.0000000000000018,2.0000000000000018,-2.000000000000046,0.006341489977008348
2012-12-14,1413.579956054688,0.24,1.72,5.28,-0.004143975679491196,-3.0000000000000027,-2.0000000000000018,1.0000000000000675,0.004143975679491196
2012-12-17,1430.359985351562,0.25,1.78,5.31,0.011800688037810368,1.0000000000000009,6.000000000000005,2.999999999999936,-0.011800688037810368
2012-12-18,1446.7900390625,0.28,1.84,5.19,0.011421185666775994,3.0000000000000027,6.000000000000005,-11.999999999999922,-0.011421185666775994
2012-12-19,1435.81005859375,0.28,1.82,5.19,-0.0076181455628212226,0.0,-2.0000000000000018,0.0,0.0076181455628212226
2012-12-20,1443.68994140625,0.28,1.81,5.19,0.005473104693568626,0.0,-1.0000000000000009,0.0,-0.005473104693568626
2012-12-21,1430.150024414062,0.26,1.77,5.26,-0.009422944450145123,-2.0000000000000018,-4.0000000000000036,6.99999999999994,0.009422944450145123
2012-12-24,1426.660034179688,0.26,1.79,5.24,-0.0024432789712657307,0.0,2.0000000000000018,-1.9999999999999574,0.0024432789712657307
2012-12-26,1419.829956054688,0.26,1.77,5.24,-0.0047989567899257195,0.0,-2.0000000000000018,0.0,0.0047989567899257195
2012-12-27,1418.099975585938,0.26,1.74,5.28,-0.0012191849162664064,0.0,-3.0000000000000027,4.0000000000000036,0.0012191849162664064
2012-12-28,1402.430053710938,0.27,1.73,5.3,-0.011111445674961485,1.0000000000000009,-1.0000000000000009,1.9999999999999574,0.011111445674961485
2012-12-31,1426.18994140625,0.25,1.78,5.34,0.01680002726988556,-2.0000000000000018,5.000000000000004,4.0000000000000036,-0.01680002726988556
2013-01-02,1462.420043945312,0.27,1.86,5.16,0.02508611595869708,2.0000000000000018,8.000000000000007,-17.99999999999997,-0.02508611595869708
2013-01-03,1459.369995117188,0.27,1.92,5.06,-0.0020877954235239064,0.0,5.999999999999983,-10.000000000000053,0.0020877954235239064
2013-01-04,1466.469970703125,0.27,1.93,5.04,0.004853299978980845,0.0,1.0000000000000009,-1.9999999999999574,-0.004853299978980845
2013-01-07,1461.890014648438,0.27,1.92,5.02,-0.003128003259122349,0.0,-1.0000000000000009,-2.000000000000046,0.003128003259122349
2013-01-08,1457.150024414062,0.25,1.89,5.02,-0.003247639180733666,-2.0000000000000018,-3.0000000000000027,0.0,0.003247639180733666
2013-01-09,1461.02001953125,0.24,1.88,4.99,0.0026523453586820727,-1.0000000000000009,-1.0000000000000009,-2.999999999999936,-0.0026523453586820727
2013-01-10,1472.119995117188,0.26,1.91,4.94,0.00756870010921107,2.0000000000000018,3.0000000000000027,-4.999999999999982,-0.00756870010921107
2013-01-11,1472.050048828125,0.26,1.89,4.93,-4.751511497774439e-05,0.0,-2.0000000000000018,-1.0000000000000675,4.751511497774439e-05
2013-01-14,1470.680053710938,0.26,1.89,4.91,-0.0009311049049195583,0.0,0.0,-1.9999999999999574,0.0009311049049195583
2013-01-15,1472.339965820312,0.26,1.86,4.96,0.0011280332953036408,0.0,-2.9999999999999805,4.999999999999982,-0.0011280332953036408
2013-01-16,1472.630004882812,0.26,1.84,4.95,0.0001969725099562613,0.0,-2.0000000000000018,-0.9999999999999787,-0.0001969725099562613
2013-01-17,1480.93994140625,0.28,1.89,4.88,0.005627060541355023,2.0000000000000018,4.999999999999982,-7.000000000000028,-0.005627060541355023
2013-01-18,1485.97998046875,0.26,1.87,4.89,0.003397492378151099,-2.0000000000000018,-1.9999999999999796,0.9999999999999787,-0.003397492378151099
2013-01-22,1492.56005859375,0.26,1.86,4.88,0.00441833162771152,0.0,-1.0000000000000009,-0.9999999999999787,-0.00441833162771152
2013-01-23,1494.81005859375,0.26,1.86,4.85,0.001506341924293118,0.0,0.0,-3.000000000000025,-0.001506341924293118
2013-01-24,1494.819946289062,0.23,1.88,4.82,6.614661544080447e-06,-3.0,1.9999999999999796,-2.999999999999936,-6.614661544080447e-06
2013-01-25,1502.9599609375,0.28,1.98,4.73,0.005430708661868626,5.000000000000002,10.000000000000009,-8.999999999999986,-0.005430708661868626
2013-01-28,1500.180053710938,0.29,2.0,4.72,-0.0018513342747919022,0.9999999999999953,2.0000000000000018,-1.0000000000000675,0.0018513342747919022
2013-01-29,1507.839965820312,0.3,2.03,4.78,0.005093003781204616,1.0000000000000009,2.9999999999999805,6.00000000000005,-0.005093003781204616
2013-01-30,1501.9599609375,0.27,2.03,4.84,-0.003907244671751491,-2.9999999999999973,0.0,5.999999999999961,0.003907244671751491
2013-01-31,1498.109985351562,0.27,2.02,4.95,-0.002566591958392349,0.0,-0.9999999999999787,11.000000000000032,0.002566591958392349
2013-02-01,1513.170043945312,0.27,2.04,4.94,0.010002513224009682,0.0,2.0000000000000018,-0.9999999999999787,-0.010002513224009682
2013-02-04,1495.7099609375,0.25,2.0,5.01,-0.011605832709651277,-2.0000000000000018,-4.0000000000000036,6.99999999999994,0.011605832709651277
2013-02-05,1511.2900390625,0.27,2.04,5.01,0.010362632222059643,2.0000000000000018,4.0000000000000036,0.0,-0.010362632222059643
2013-02-06,1512.119995117188,0.27,2.0,5.04,0.0005490198591343738,0.0,-4.0000000000000036,3.000000000000025,-0.0005490198591343738
2013-02-07,1509.390014648438,0.25,1.99,5.08,-0.001807031055856767,-2.0000000000000018,-1.0000000000000009,4.0000000000000036,0.001807031055856767
2013-02-08,1517.930053710938,0.25,1.99,5.08,0.0056419945850431485,0.0,0.0,0.0,-0.0056419945850431485
2013-02-11,1517.010009765625,0.27,1.99,5.06,-0.0006063012476386109,2.0000000000000018,0.0,-2.000000000000046,0.0006063012476386109
2013-02-12,1519.430053710938,0.29,2.02,5.04,0.0015940011376046495,1.9999999999999962,3.0000000000000027,-1.9999999999999574,-0.0015940011376046495
2013-02-13,1520.329956054688,0.29,2.05,4.97,0.0005920877747906565,0.0,2.9999999999999805,-7.000000000000028,-0.0005920877747906565
2013-02-14,1521.380004882812,0.27,2.0,4.97,0.0006904332650529414,-1.9999999999999962,-4.999999999999982,0.0,-0.0006904332650529414
2013-02-15,1519.7900390625,0.29,2.01,4.96,-0.0010456277960132856,1.9999999999999962,0.9999999999999787,-0.9999999999999787,0.0010456277960132856
2013-02-19,1530.93994140625,0.29,2.03,4.92,0.007309694441361245,0.0,2.0000000000000018,-4.0000000000000036,-0.007309694441361245
2013-02-20,1511.949951171875,0.27,2.02,4.92,-0.012481711430005843,-1.9999999999999962,-0.9999999999999787,0.0,0.012481711430005843
2013-02-21,1502.420043945312,0.26,1.99,4.99,-0.006323005465665665,-1.0000000000000009,-3.0000000000000027,7.000000000000028,0.006323005465665665
2013-02-22,1515.599975585938,0.27,1.97,4.97,0.008734213386775084,1.0000000000000009,-2.0000000000000018,-2.000000000000046,-0.008734213386775084
2013-02-25,1487.849975585938,0.25,1.88,4.97,-0.01847927558477439,-2.0000000000000018,-9.000000000000007,0.0,0.01847927558477439
2013-02-26,1496.93994140625,0.25,1.88,5.02,0.006090876862566945,0.0,0.0,4.999999999999982,-0.006090876862566945
2013-02-27,1515.989990234375,0.27,1.91,4.98,0.012645699119019574,2.0000000000000018,3.0000000000000027,-3.9999999999999147,-0.012645699119019574
2013-02-28,1514.680053710938,0.25,1.89,4.98,-0.000864453461456907,-2.0000000000000018,-2.0000000000000018,0.0,0.000864453461456907
2013-03-01,1518.199951171875,0.25,1.86,5.0,0.0023211594495262783,0.0,-2.9999999999999805,1.9999999999999574,-0.0023211594495262783
2013-03-04,1525.199951171875,0.24,1.88,4.98,0.004600126548349631,-1.0000000000000009,1.9999999999999796,-1.9999999999999574,-0.004600126548349631
2013-03-05,1539.7900390625,0.25,1.9,4.92,0.009520551872499975,1.0000000000000009,2.0000000000000018,-6.00000000000005,-0.009520551872499975
2013-03-06,1541.4599609375,0.25,1.95,4.88,0.0010839250554146814,0.0,5.000000000000004,-4.0000000000000036,-0.0010839250554146814
2013-03-07,1544.260009765625,0.25,2.0,4.81,0.0018148436172064244,0.0,5.000000000000004,-7.000000000000028,-0.0018148436172064244
2013-03-08,1551.180053710938,0.27,2.06,4.76,0.004471128712955191,2.0000000000000018,6.000000000000005,-4.999999999999982,-0.004471128712955191
2013-03-11,1556.219970703125,0.27,2.07,4.75,0.003243818865873464,0.0,0.9999999999999787,-0.9999999999999787,-0.003243818865873464
2013-03-12,1552.47998046875,0.27,2.03,4.76,-0.002406145396801988,0.0,-4.0000000000000036,0.9999999999999787,0.002406145396801988
2013-03-13,1554.52001953125,0.27,2.04,4.75,0.0013131891571707575,0.0,1.000000000000023,-0.9999999999999787,-0.0013131891571707575
2013-03-14,1563.22998046875,0.27,2.04,4.71,0.005587352158971998,0.0,0.0,-4.0000000000000036,-0.005587352158971998
2013-03-15,1560.699951171875,0.25,2.01,4.72,-0.0016197737499887566,-2.0000000000000018,-3.000000000000025,0.9999999999999787,0.0016197737499887566
2013-03-18,1552.099975585938,0.26,1.96,4.77,-0.005525570335023712,1.0000000000000009,-4.999999999999982,4.999999999999982,0.005525570335023712
2013-03-19,1548.339965820312,0.24,1.92,4.78,-0.0024254697268767857,-2.0000000000000018,-4.0000000000000036,1.0000000000000675,0.0024254697268767857
2013-03-20,1558.7099609375,0.26,1.96,4.76,0.0066751638158181635,2.0000000000000018,4.0000000000000036,-2.000000000000046,-0.0066751638158181635
2013-03-21,1545.800048828125,0.27,1.95,4.76,-0.008316923756005078,1.0000000000000009,-1.0000000000000009,0.0,0.008316923756005078
2013-03-22,1556.890014648438,0.26,1.93,4.78,0.007148643803300111,-1.0000000000000009,-2.0000000000000018,2.000000000000046,-0.007148643803300111
2013-03-25,1551.68994140625,0.24,1.93,4.75,-0.0033456293009475045,-2.0000000000000018,0.0,-3.000000000000025,0.0033456293009475045
2013-03-26,1563.77001953125,0.25,1.92,4.78,0.007754963194634991,1.0000000000000009,-1.0000000000000009,3.000000000000025,-0.007754963194634991
2013-03-27,1562.849975585938,0.25,1.87,4.81,-0.0005885230525643744,0.0,-4.999999999999982,2.999999999999936,0.0005885230525643744
2013-03-28,1569.18994140625,0.25,1.87,4.8,0.004048463396190901,0.0,0.0,-0.9999999999999787,-0.004048463396190901
2013-04-01,1562.170043945312,0.23,1.86,4.87,-0.0044836168653562495,-1.9999999999999991,-1.0000000000000009,7.000000000000028,0.0044836168653562495
2013-04-02,1570.25,0.25,1.88,4.84,0.005158933898853651,1.9999999999999991,1.9999999999999796,-3.000000000000025,-0.005158933898853651
2013-04-03,1553.68994140625,0.24,1.83,4.87,-0.010602133218841155,-1.0000000000000009,-4.999999999999982,3.000000000000025,0.010602133218841155
2013-04-04,1559.97998046875,0.22,1.78,4.89,0.004040279012737101,-1.9999999999999991,-5.000000000000004,1.9999999999999574,-0.004040279012737101
2013-04-05,1553.280029296875,0.24,1.72,4.95,-0.004304145168907639,1.9999999999999991,-6.000000000000005,6.00000000000005,0.004304145168907639
2013-04-08,1563.069946289062,0.24,1.76,4.9,0.006282958765270727,0.0,4.0000000000000036,-4.999999999999982,-0.006282958765270727
2013-04-09,1568.609985351562,0.24,1.78,4.87,0.003538065806577469,0.0,2.0000000000000018,-3.000000000000025,-0.003538065806577469
2013-04-10,1587.72998046875,0.24,1.84,4.78,0.012115443329549109,0.0,6.000000000000005,-8.999999999999986,-0.012115443329549109
2013-04-11,1593.369995117188,0.24,1.82,4.73,0.0035459561795770107,0.0,-2.0000000000000018,-4.999999999999982,-0.0035459561795770107
2013-04-12,1588.849975585938,0.22,1.75,4.75,-0.0028407983185492532,-1.9999999999999991,-7.000000000000006,1.9999999999999574,0.0028407983185492532
2013-04-15,1552.359985351562,0.22,1.72,4.79,-0.023234124550364898,0.0,-3.0000000000000027,4.0000000000000036,0.023234124550364898
2013-04-16,1574.569946289062,0.24,1.75,4.78,0.014205840828064486,1.9999999999999991,3.0000000000000027,-0.9999999999999787,-0.014205840828064486
2013-04-17,1552.010009765625,0.24,1.73,4.8,-0.014431313685984215,0.0,-2.0000000000000018,1.9999999999999574,0.014431313685984215
2013-04-18,1541.609985351562,0.24,1.72,4.8,-0.006723555969544525,0.0,-1.0000000000000009,0.0,0.006723555969544525
2013-04-19,1555.25,0.24,1.73,4.78,0.008808989051054943,0.0,1.0000000000000009,-1.9999999999999574,-0.008808989051054943
2013-04-22,1562.5,0.24,1.72,4.75,0.004650798215427389,0.0,-1.0000000000000009,-3.000000000000025,-0.004650798215427389
2013-04-23,1578.780029296875,0.23,1.74,4.71,0.01036531280555277,-0.9999999999999981,2.0000000000000018,-4.0000000000000036,-0.01036531280555277
2013-04-24,1578.7900390625,0.23,1.73,4.66,6.340170072840042e-06,0.0,-1.0000000000000009,-4.999999999999982,-6.340170072840042e-06
2013-04-25,1585.160034179688,0.23,1.74,4.61,0.004026614564991605,0.0,1.0000000000000009,-4.999999999999982,-0.004026614564991605
2013-04-26,1582.239990234375,0.22,1.7,4.6,-0.001843811801517986,-1.0000000000000009,-4.0000000000000036,-1.0000000000000675,0.001843811801517986
2013-04-29,1593.609985351562,0.2,1.7,4.53,0.0071603153694072,-1.9999999999999991,0.0,-6.99999999999994,-0.0071603153694072
2013-04-30,1597.569946289062,0.22,1.7,4.55,0.00248181741858196,1.9999999999999991,0.0,1.9999999999999574,-0.00248181741858196
2013-05-01,1582.699951171875,0.2,1.66,4.5,-0.009351472649564067,-1.9999999999999991,-4.0000000000000036,-4.999999999999982,0.009351472649564067
2013-05-02,1597.589965820312,0.2,1.66,4.45,0.009364003810320268,0.0,0.0,-4.999999999999982,-0.009364003810320268
2013-05-03,1614.420043945312,0.22,1.78,4.33,0.01047956394817034,1.9999999999999991,12.00000000000001,-12.00000000000001,-0.01047956394817034
2013-05-06,1617.5,0.22,1.8,4.3,0.0019059611284841607,0.0,2.0000000000000018,-3.000000000000025,-0.0019059611284841607
2013-05-07,1625.9599609375,0.22,1.82,4.24,0.005216639159837863,0.0,2.0000000000000018,-5.999999999999961,-0.005216639159837863
2013-05-08,1632.68994140625,0.22,1.81,4.24,0.004130538866696586,0.0,-1.0000000000000009,0.0,-0.004130538866696586
2013-05-09,1626.670043945312,0.22,1.81,4.23,-0.003693918028773644,0.0,0.0,-0.9999999999999787,0.003693918028773644
2013-05-10,1633.699951171875,0.26,1.9,4.23,0.004312343771585066,4.000000000000001,8.999999999999986,0.0,-0.004312343771585066
2013-05-13,1633.77001953125,0.24,1.92,4.35,4.288844886953105e-05,-2.0000000000000018,2.0000000000000018,11.999999999999922,-4.288844886953105e-05
2013-05-14,1650.339965820312,0.26,1.96,4.35,0.010091066969150067,2.0000000000000018,4.0000000000000036,0.0,-0.010091066969150067
2013-05-15,1658.780029296875,0.26,1.94,4.36,0.005101103490211107,0.0,-2.0000000000000018,1.0000000000000675,-0.005101103490211107
2013-05-16,1650.469970703125,0.23,1.87,4.42,-0.005022331985410747,-3.0,-6.999999999999984,5.999999999999961,0.005022331985410747
2013-05-17,1667.469970703125,0.26,1.95,4.37,0.010247411986562578,3.0,7.999999999999985,-4.999999999999982,-0.010247411986562578
2013-05-20,1666.2900390625,0.26,1.97,4.34,-0.0007078684047072334,0.0,2.0000000000000018,-3.000000000000025,0.0007078684047072334
2013-05-21,1669.160034179688,0.26,1.94,4.35,0.0017209046830025695,0.0,-3.0000000000000027,0.9999999999999787,-0.0017209046830025695
2013-05-22,1655.349975585938,0.26,2.03,4.27,-0.008308074265778554,0.0,8.999999999999986,-8.000000000000007,0.008308074265778554
2013-05-23,1650.510009765625,0.26,2.02,4.42,-0.002928115104606308,0.0,-0.9999999999999787,15.000000000000036,0.002928115104606308
2013-05-24,1649.599975585938,0.26,2.01,4.45,-0.0005515174989886722,0.0,-1.000000000000023,3.000000000000025,0.0005515174989886722
2013-05-28,1660.06005859375,0.29,2.15,4.35,0.00632096210915969,2.9999999999999973,14.000000000000012,-10.000000000000053,-0.00632096210915969
2013-05-29,1648.359985351562,0.3,2.13,4.55,-0.0070729362431660855,1.0000000000000009,-2.0000000000000018,20.000000000000018,0.0070729362431660855
2013-05-30,1654.410034179688,0.31,2.13,4.54,0.003663625114314089,1.0000000000000009,0.0,-0.9999999999999787,-0.003663625114314089
2013-05-31,1630.739990234375,0.3,2.16,4.62,-0.01441057692185731,-1.0000000000000009,3.000000000000025,8.000000000000007,0.01441057692185731
2013-06-03,1640.420043945312,0.3,2.13,4.76,0.005918439859741466,0.0,-3.000000000000025,13.999999999999968,-0.005918439859741466
2013-06-04,1631.380004882812,0.32,2.14,4.79,-0.005526048005605536,2.0000000000000018,1.000000000000023,3.000000000000025,0.005526048005605536
2013-06-05,1608.900024414062,0.3,2.1,5.03,-0.013875554543922225,-2.0000000000000018,-4.0000000000000036,24.00000000000002,0.013875554543922225
2013-06-06,1622.56005859375,0.3,2.08,5.08,0.008454454144230863,0.0,-2.0000000000000018,4.999999999999982,-0.008454454144230863
2013-06-07,1643.380004882812,0.32,2.17,4.89,0.012749914526945252,2.0000000000000018,8.999999999999986,-19.00000000000004,-0.012749914526945252
2013-06-10,1642.81005859375,0.32,2.22,4.86,-0.000346873603636812,0.0,5.000000000000027,-2.999999999999936,0.000346873603636812
2013-06-11,1626.130004882812,0.34,2.2,5.08,-0.010205264184821417,2.0000000000000018,-2.0000000000000018,21.999999999999975,0.010205264184821417
2013-06-12,1612.52001953125,0.34,2.25,5.02,-0.008404776908050752,0.0,4.999999999999982,-6.00000000000005,0.008404776908050752
2013-06-13,1636.359985351562,0.32,2.19,5.11,0.01467606909735888,-2.0000000000000018,-6.000000000000005,9.000000000000075,-0.01467606909735888
2013-06-14,1626.72998046875,0.29,2.14,5.04,-0.0059024010624577445,-3.0000000000000027,-4.999999999999982,-7.000000000000028,0.0059024010624577445
2013-06-17,1639.0400390625,0.27,2.19,4.97,0.007538875562714677,-1.9999999999999962,4.999999999999982,-7.000000000000028,-0.007538875562714677
2013-06-18,1651.81005859375,0.27,2.2,4.96,0.0077609634287832945,0.0,1.000000000000023,-0.9999999999999787,-0.0077609634287832945
2013-06-19,1628.930053710938,0.31,2.33,4.85,-0.013948301328481658,3.9999999999999982,12.99999999999999,-11.000000000000032,0.013948301328481658
2013-06-20,1588.18994140625,0.33,2.41,5.12,-0.02532842439229852,2.0000000000000018,8.000000000000007,27.000000000000046,0.02532842439229852
2013-06-21,1592.430053710938,0.38,2.52,5.09,0.0026662190535257824,4.999999999999999,10.999999999999988,-3.000000000000025,-0.0026662190535257824
2013-06-24,1573.089965820312,0.42,2.57,5.34,-0.012219368959627481,3.9999999999999982,4.999999999999982,25.0,0.012219368959627481
2013-06-25,1588.030029296875,0.43,2.6,5.34,0.009452456559302588,1.0000000000000009,3.000000000000025,0.0,-0.009452456559302588
2013-06-26,1603.260009765625,0.39,2.55,5.29,0.009544789666190033,-3.9999999999999982,-5.000000000000027,-4.999999999999982,-0.009544789666190033
2013-06-27,1613.199951171875,0.36,2.49,5.23,0.006180691300296602,-3.0000000000000027,-5.999999999999961,-5.999999999999961,-0.006180691300296602
2013-06-28,1606.280029296875,0.36,2.52,5.16,-0.004298788980467904,0.0,2.9999999999999805,-7.000000000000028,0.004298788980467904
2013-07-01,1614.9599609375,0.34,2.5,5.17,0.005389199609389811,-1.9999999999999962,-2.0000000000000018,0.9999999999999787,-0.005389199609389811
2013-07-02,1614.079956054688,0.34,2.48,5.15,-0.0005450566900505635,0.0,-2.0000000000000018,-1.9999999999999574,0.0005450566900505635
2013-07-03,1615.410034179688,0.36,2.52,5.15,0.0008237078945754475,1.9999999999999962,4.0000000000000036,0.0,-0.0008237078945754475
2013-07-05,1631.890014648438,0.4,2.73,5.04,0.010150045703225963,4.0000000000000036,20.999999999999996,-11.000000000000032,-0.010150045703225963
2013-07-08,1640.4599609375,0.37,2.65,5.11,0.00523780521383581,-3.0000000000000027,-8.000000000000007,7.000000000000028,-0.00523780521383581
2013-07-09,1652.319946289062,0.37,2.65,5.04,0.007203661934862566,0.0,0.0,-7.000000000000028,-0.007203661934862566
2013-07-10,1652.619995117188,0.38,2.7,4.98,0.00018157596462867976,1.0000000000000009,5.000000000000027,-5.999999999999961,-0.00018157596462867976
2013-07-11,1675.02001953125,0.34,2.6,4.9,0.013463212765353593,-3.9999999999999982,-10.000000000000009,-8.000000000000007,-0.013463212765353593
2013-07-12,1680.18994140625,0.37,2.61,4.8,0.0030817302206288433,2.9999999999999973,0.9999999999999787,-10.000000000000053,-0.0030817302206288433
2013-07-15,1682.5,0.34,2.57,4.77,0.0013739351515561534,-2.9999999999999973,-4.0000000000000036,-3.000000000000025,-0.0013739351515561534
2013-07-16,1676.260009765625,0.34,2.55,4.72,-0.0037156554177069927,0.0,-2.0000000000000018,-4.999999999999982,0.0037156554177069927
2013-07-17,1680.910034179688,0.32,2.52,4.68,0.0027702066483983627,-2.0000000000000018,-2.9999999999999805,-4.0000000000000036,-0.0027702066483983627
2013-07-18,1689.369995117188,0.32,2.56,4.57,0.0050203417120067255,0.0,4.0000000000000036,-10.999999999999943,-0.0050203417120067255
2013-07-19,1692.089965820312,0.32,2.5,4.56,0.001608755579645211,0.0,-6.000000000000005,-1.0000000000000675,-0.001608755579645211
2013-07-22,1695.530029296875,0.32,2.5,4.53,0.0020309625424270402,0.0,0.0,-2.999999999999936,-0.0020309625424270402
2013-07-23,1692.390014648438,0.33,2.53,4.5,-0.0018536538683361977,1.0000000000000009,2.9999999999999805,-3.000000000000025,0.0018536538683361977
2013-07-24,1685.93994140625,0.34,2.61,4.55,-0.003818502729718756,1.0000000000000009,8.000000000000007,4.999999999999982,0.003818502729718756
2013-07-25,1690.25,0.32,2.61,4.65,0.002553209985188819,-2.0000000000000018,0.0,10.000000000000053,-0.002553209985188819
2013-07-26,1691.650024414062,0.31,2.58,4.71,0.0008279514379087825,-1.0000000000000009,-2.9999999999999805,5.999999999999961,-0.0008279514379087825
2013-07-29,1685.329956054688,0.33,2.61,4.69,-0.003743034175367272,2.0000000000000018,2.9999999999999805,-1.9999999999999574,0.003743034175367272
2013-07-30,1685.9599609375,0.33,2.63,4.66,0.0003737470853338726,0.0,2.0000000000000018,-3.000000000000025,-0.0003737470853338726
2013-07-31,1685.72998046875,0.31,2.6,4.71,-0.0001364185159984208,-2.0000000000000018,-2.9999999999999805,4.999999999999982,0.0001364185159984208
2013-08-01,1706.869995117188,0.35,2.74,4.63,0.012462588230416797,3.9999999999999982,14.000000000000012,-8.000000000000007,-0.012462588230416797
2013-08-02,1709.670043945312,0.3,2.63,4.74,0.0016391140879465842,-4.999999999999999,-11.000000000000032,11.000000000000032,-0.0016391140879465842
2013-08-05,1707.140014648438,0.32,2.67,4.74,-0.0014809308775630859,2.0000000000000018,4.0000000000000036,0.0,0.0014809308775630859
2013-08-06,1697.369995117188,0.32,2.67,4.76,-0.00573947283055402,0.0,0.0,1.9999999999999574,0.00573947283055402
2013-08-07,1690.910034179688,0.32,2.61,4.81,-0.0038131256619417632,0.0,-6.000000000000005,4.999999999999982,0.0038131256619417632
2013-08-08,1697.47998046875,0.3,2.58,4.8,0.0038779210740463145,-2.0000000000000018,-2.9999999999999805,-0.9999999999999787,-0.0038779210740463145
2013-08-09,1691.420043945312,0.32,2.57,4.8,-0.003576348041427208,2.0000000000000018,-1.000000000000023,0.0,0.003576348041427208
2013-08-12,1689.469970703125,0.32,2.61,4.78,-0.0011535858605246719,0.0,4.0000000000000036,-1.9999999999999574,0.0011535858605246719
2013-08-13,1694.160034179688,0.34,2.71,4.72,0.0027722100072685787,2.0000000000000018,10.000000000000009,-6.00000000000005,-0.0027722100072685787
2013-08-14,1685.390014648438,0.34,2.71,4.69,-0.005190063227858108,0.0,0.0,-2.999999999999936,0.005190063227858108
2013-08-15,1661.319946289062,0.36,2.77,4.74,-0.01438456494796243,1.9999999999999962,6.000000000000005,4.999999999999982,0.01438456494796243
2013-08-16,1655.829956054688,0.36,2.84,4.7,-0.003310067623477511,0.0,6.999999999999984,-4.0000000000000036,0.003310067623477511
2013-08-19,1646.06005859375,0.36,2.88,4.71,-0.005917777957154045,0.0,4.0000000000000036,0.9999999999999787,0.005917777957154045
2013-08-20,1652.349975585938,0.36,2.82,4.8,0.0038139130983713657,0.0,-6.000000000000005,8.999999999999986,-0.0038139130983713657
2013-08-21,1642.800048828125,0.38,2.87,4.77,-0.005796369467347085,2.0000000000000018,5.000000000000027,-3.000000000000025,0.005796369467347085
2013-08-22,1656.9599609375,0.42,2.9,4.73,0.008582441743413965,3.9999999999999982,2.9999999999999805,-3.9999999999999147,-0.008582441743413965
2013-08-23,1663.5,0.4,2.82,4.75,0.00393924191021318,-1.9999999999999962,-8.000000000000007,1.9999999999999574,-0.00393924191021318
2013-08-26,1656.780029296875,0.41,2.79,4.75,-0.004047839230058562,0.9999999999999953,-2.9999999999999805,0.0,0.004047839230058562
2013-08-27,1630.47998046875,0.38,2.72,4.82,-0.01600153922918335,-2.9999999999999973,-6.999999999999984,7.000000000000028,0.01600153922918335
2013-08-28,1634.9599609375,0.4,2.78,4.77,0.0027438773089689754,2.0000000000000018,5.999999999999961,-5.000000000000071,-0.0027438773089689754
2013-08-29,1638.170043945312,0.39,2.75,4.76,0.001961476649095432,-1.0000000000000009,-2.9999999999999805,-0.9999999999999787,-0.001961476649095432
2013-08-30,1632.969970703125,0.39,2.78,4.76,-0.003179367192634841,0.0,2.9999999999999805,0.0,0.003179367192634841
2013-09-03,1639.77001953125,0.43,2.86,4.69,0.004155575226959593,3.9999999999999982,8.000000000000007,-6.99999999999994,-0.004155575226959593
2013-09-04,1653.079956054688,0.46,2.9,4.64,0.008084187928560527,3.0000000000000027,4.0000000000000036,-5.000000000000071,-0.008084187928560527
2013-09-05,1655.079956054688,0.52,2.98,4.59,0.0012091315394673384,6.0,8.000000000000007,-4.999999999999982,-0.0012091315394673384
2013-09-06,1655.170043945312,0.46,2.94,4.63,5.442965978178771e-05,-6.0,-4.0000000000000036,4.0000000000000036,-5.442965978178771e-05
2013-09-09,1671.7099609375,0.45,2.9,4.66,0.009943282138970338,-1.0000000000000009,-4.0000000000000036,3.000000000000025,-0.009943282138970338
2013-09-10,1683.989990234375,0.5,2.96,4.6,0.007318940484802409,4.999999999999999,6.000000000000005,-6.00000000000005,-0.007318940484802409
2013-09-11,1689.130004882812,0.47,2.93,4.63,0.0030476346138182636,-3.0000000000000027,-2.9999999999999805,3.000000000000025,-0.0030476346138182636
2013-09-12,1683.420043945312,0.45,2.92,4.61,-0.0033861418278017777,-1.9999999999999962,-1.000000000000023,-1.9999999999999574,0.0033861418278017777
2013-09-13,1687.989990234375,0.45,2.9,4.6,0.002711001653103651,0.0,-2.0000000000000018,-1.0000000000000675,-0.002711001653103651
2013-09-16,1697.599975585938,0.41,2.88,4.54,0.005677008295821023,-4.0000000000000036,-2.0000000000000018,-5.999999999999961,-0.005677008295821023
2013-09-17,1704.760009765625,0.39,2.86,4.59,0.004208869596552049,-1.9999999999999962,-2.0000000000000018,4.999999999999982,-0.004208869596552049
2013-09-18,1725.52001953125,0.34,2.69,4.67,0.012104121558415792,-4.999999999999999,-16.999999999999993,8.000000000000007,-0.012104121558415792
2013-09-19,1722.339965820312,0.34,2.76,4.51,-0.0018446541484817807,0.0,6.999999999999984,-16.000000000000014,0.0018446541484817807
2013-09-20,1709.910034179688,0.34,2.75,4.54,-0.0072430539628469395,0.0,-0.9999999999999787,3.000000000000025,0.0072430539628469395
2013-09-23,1701.839965820312,0.35,2.72,4.6,-0.0047307589419516155,0.9999999999999953,-2.9999999999999805,5.999999999999961,0.0047307589419516155
2013-09-24,1697.420043945312,0.35,2.67,4.65,-0.002600521497731875,0.0,-5.000000000000027,5.000000000000071,0.002600521497731875
2013-09-25,1692.77001953125,0.36,2.63,4.7,-0.0027432251543773795,1.0000000000000009,-4.0000000000000036,4.999999999999982,0.0027432251543773795
2013-09-26,1698.670043945312,0.34,2.66,4.69,0.0034793658479975076,-1.9999999999999962,3.000000000000025,-0.9999999999999787,-0.0034793658479975076
2013-09-27,1691.75,0.34,2.64,4.75,-0.004082121663443306,0.0,-2.0000000000000018,5.999999999999961,0.004082121663443306
2013-09-30,1681.550048828125,0.33,2.64,4.83,-0.006047479981190951,-1.0000000000000009,0.0,8.000000000000007,0.006047479981190951
2013-10-01,1695.0,0.33,2.66,4.78,0.007966724683406784,0.0,2.0000000000000018,-4.999999999999982,-0.007966724683406784
2013-10-02,1693.869995117188,0.31,2.63,4.78,-0.0006668918703405295,-2.0000000000000018,-3.000000000000025,0.0,0.0006668918703405295
2013-10-03,1678.660034179688,0.33,2.62,4.75,-0.009019972500552986,2.0000000000000018,-0.9999999999999787,-3.000000000000025,0.009019972500552986
2013-10-04,1690.5,0.33,2.66,4.7,0.007028466704283641,0.0,4.0000000000000036,-4.999999999999982,-0.007028466704283641
2013-10-07,1676.119995117188,0.37,2.65,4.69,-0.008542747536819374,3.9999999999999982,-1.000000000000023,-0.9999999999999787,0.008542747536819374
2013-10-08,1655.449951171875,0.4,2.66,4.68,-0.012408749931083813,3.0000000000000027,1.000000000000023,-1.0000000000000675,0.012408749931083813
2013-10-09,1656.400024414062,0.37,2.68,4.67,0.0005737417306053543,-3.0000000000000027,2.0000000000000018,-0.9999999999999787,-0.0005737417306053543
2013-10-10,1692.56005859375,0.35,2.71,4.61,0.021595622882836715,-2.0000000000000018,2.9999999999999805,-5.999999999999961,-0.021595622882836715
2013-10-11,1703.199951171875,0.35,2.7,4.62,0.006266595617327234,0.0,-0.9999999999999787,0.9999999999999787,-0.006266595617327234
2013-10-14,1710.140014648438,0.35,2.7,4.6,0.004066441145288779,0.0,0.0,-2.000000000000046,-0.004066441145288779
2013-10-15,1698.06005859375,0.37,2.75,4.54,-0.00708878961375909,2.0000000000000018,4.999999999999982,-5.999999999999961,0.00708878961375909
2013-10-16,1721.5400390625,0.34,2.69,4.55,0.013732804307132302,-2.9999999999999973,-6.000000000000005,0.9999999999999787,-0.013732804307132302
2013-10-17,1733.150024414062,0.33,2.61,4.53,0.006721314413736863,-1.0000000000000009,-8.000000000000007,-1.9999999999999574,-0.006721314413736863
2013-10-18,1744.5,0.33,2.6,4.46,0.006527405463622941,0.0,-0.9999999999999787,-7.000000000000028,-0.006527405463622941
2013-10-21,1744.660034179688,0.33,2.63,4.41,9.173220960487688e-05,0.0,2.9999999999999805,-4.999999999999982,-9.173220960487688e-05
2013-10-22,1754.670043945312,0.31,2.54,4.44,0.00572111623962679,-2.0000000000000018,-8.999999999999986,3.000000000000025,-0.00572111623962679
2013-10-23,1746.380004882812,0.31,2.51,4.44,-0.004735753240036749,0.0,-3.000000000000025,0.0,0.004735753240036749
2013-10-24,1752.069946289062,0.33,2.53,4.4,0.003252838544355574,2.0000000000000018,2.0000000000000018,-4.0000000000000036,-0.003252838544355574
2013-10-25,1759.77001953125,0.32,2.53,4.42,0.00438521439277512,-1.0000000000000009,0.0,1.9999999999999574,-0.00438521439277512
2013-10-28,1762.109985351562,0.32,2.54,4.44,0.001328816519236747,0.0,1.000000000000023,2.000000000000046,-0.001328816519236747
2013-10-29,1771.949951171875,0.31,2.53,4.45,0.005568661214094389,-1.0000000000000009,-1.000000000000023,0.9999999999999787,-0.005568661214094389
2013-10-30,1763.31005859375,0.33,2.55,4.43,-0.0048878496945693045,2.0000000000000018,2.0000000000000018,-2.000000000000046,0.0048878496945693045
2013-10-31,1756.5400390625,0.31,2.57,4.36,-0.003846770567938354,-2.0000000000000018,2.0000000000000018,-6.99999999999994,0.003846770567938354
2013-11-01,1761.640014648438,0.33,2.65,4.31,0.002899214412209834,2.0000000000000018,8.000000000000007,-5.000000000000071,-0.002899214412209834
2013-11-04,1767.930053710938,0.32,2.63,4.33,0.0035641993780981683,-1.0000000000000009,-2.0000000000000018,2.000000000000046,-0.0035641993780981683
2013-11-05,1762.969970703125,0.32,2.69,4.33,-0.002809530848340506,0.0,6.000000000000005,0.0,0.002809530848340506
2013-11-06,1770.489990234375,0.3,2.67,4.35,0.004256468712287575,-2.0000000000000018,-2.0000000000000018,1.9999999999999574,-0.004256468712287575
2013-11-07,1747.150024414062,0.29,2.63,4.34,-0.013270435999595003,-1.0000000000000009,-4.0000000000000036,-0.9999999999999787,0.013270435999595003
2013-11-08,1770.609985351562,0.32,2.77,4.38,0.013338208792264144,3.0000000000000027,14.000000000000012,4.0000000000000036,-0.013338208792264144
2013-11-11,1771.890014648438,0.32,2.77,4.38,0.0007226700649733521,0.0,0.0,0.0,-0.0007226700649733521
2013-11-12,1767.68994140625,0.34,2.8,4.35,-0.002373205445620177,2.0000000000000018,2.9999999999999805,-3.000000000000025,0.002373205445620177
2013-11-13,1782.0,0.32,2.75,4.42,0.008062752720499361,-2.0000000000000018,-4.999999999999982,7.000000000000028,-0.008062752720499361
2013-11-14,1790.619995117188,0.29,2.69,4.41,0.004825596820450878,-3.0000000000000027,-6.000000000000005,-0.9999999999999787,-0.004825596820450878
2013-11-15,1798.180053710938,0.31,2.71,4.38,0.004213146273881077,2.0000000000000018,2.0000000000000018,-3.000000000000025,-0.004213146273881077
2013-11-18,1791.530029296875,0.31,2.67,4.35,-0.0037050524235049203,0.0,-4.0000000000000036,-3.000000000000025,0.0037050524235049203
2013-11-19,1787.869995117188,0.29,2.71,4.31,-0.0020450552776003265,-2.0000000000000018,4.0000000000000036,-4.0000000000000036,0.0020450552776003265
2013-11-20,1781.369995117188,0.28,2.8,4.29,-0.003642235996161311,-0.9999999999999953,8.999999999999986,-1.9999999999999574,0.003642235996161311
2013-11-21,1795.849975585938,0.29,2.79,4.32,0.0080957054207559,0.9999999999999953,-0.9999999999999787,3.000000000000025,-0.0080957054207559
2013-11-22,1804.760009765625,0.31,2.75,4.3,0.004949190500028952,2.0000000000000018,-4.0000000000000036,-2.000000000000046,-0.004949190500028952
2013-11-25,1802.47998046875,0.3,2.74,4.27,-0.0012641407872397545,-1.0000000000000009,-0.9999999999999787,-3.000000000000025,0.0012641407872397545
2013-11-26,1802.75,0.29,2.71,4.27,0.00014979323550383503,-1.0000000000000009,-3.000000000000025,0.0,-0.00014979323550383503
2013-11-27,1807.22998046875,0.28,2.74,4.24,0.002481998677460743,-0.9999999999999953,3.000000000000025,-2.999999999999936,-0.002481998677460743
2013-11-29,1805.81005859375,0.28,2.75,4.23,-0.0007859984571164318,0.0,0.9999999999999787,-0.9999999999999787,0.0007859984571164318
2013-12-02,1800.900024414062,0.3,2.81,4.19,-0.002722723534716652,1.9999999999999962,6.000000000000005,-4.0000000000000036,0.002722723534716652
2013-12-03,1795.150024414062,0.28,2.79,4.22,-0.0031979559918936147,-1.9999999999999962,-2.0000000000000018,2.999999999999936,0.0031979559918936147
2013-12-04,1792.81005859375,0.3,2.84,4.19,-0.0013043434697865748,1.9999999999999962,4.999999999999982,-2.999999999999936,0.0013043434697865748
2013-12-05,1785.030029296875,0.3,2.88,4.16,-0.004349015813080098,0.0,4.0000000000000036,-3.000000000000025,0.004349015813080098
2013-12-06,1805.089965820312,0.3,2.88,4.13,0.011175194876875658,0.0,0.0,-3.000000000000025,-0.011175194876875658
2013-12-09,1808.369995117188,0.3,2.86,4.11,0.0018154512479514248,0.0,-2.0000000000000018,-1.9999999999999574,-0.0018154512479514248
2013-12-10,1802.619995117188,0.3,2.81,4.15,-0.0031847248956570497,0.0,-4.999999999999982,4.0000000000000036,0.0031847248956570497
2013-12-11,1782.219970703125,0.31,2.86,4.11,-0.011381397674607212,1.0000000000000009,4.999999999999982,-4.0000000000000036,0.011381397674607212
2013-12-12,1775.5,0.34,2.89,4.11,-0.0037776883791563434,3.0000000000000027,3.000000000000025,0.0,0.0037776883791563434
2013-12-13,1775.319946289062,0.34,2.88,4.12,-0.00010141528650610091,0.0,-1.000000000000023,0.9999999999999787,0.00010141528650610091
2013-12-16,1786.5400390625,0.34,2.89,4.09,0.006300152129396662,0.0,1.000000000000023,-3.000000000000025,-0.006300152129396662
2013-12-17,1781.0,0.34,2.85,4.15,-0.0031058059363714124,0.0,-4.0000000000000036,6.00000000000005,0.0031058059363714124
2013-12-18,1810.650024414062,0.32,2.89,4.14,0.016510906009173962,-2.0000000000000018,4.0000000000000036,-1.0000000000000675,-0.016510906009173962
2013-12-19,1809.599975585938,0.35,2.94,4.07,-0.0005800974283932873,2.9999999999999973,4.999999999999982,-6.99999999999994,0.0005800974283932873
2013-12-20,1818.319946289062,0.37,2.89,4.04,0.004807155440690048,2.0000000000000018,-4.999999999999982,-3.000000000000025,-0.004807155440690048
2013-12-23,1827.989990234375,0.38,2.94,4.0,0.005304028886206282,1.0000000000000009,4.999999999999982,-4.0000000000000036,-0.005304028886206282
2013-12-24,1833.319946289062,0.38,2.99,3.96,0.0029115043043058115,0.0,5.000000000000027,-4.0000000000000036,-0.0029115043043058115
2013-12-26,1842.02001953125,0.42,3.0,3.96,0.004734304621132298,3.9999999999999982,0.9999999999999787,0.0,-0.004734304621132298
2013-12-27,1841.400024414062,0.4,3.02,3.96,-0.0003366410106076934,-1.9999999999999962,2.0000000000000018,0.0,0.0003366410106076934
2013-12-30,1841.069946289062,0.39,2.99,3.97,-0.00017926996201467877,-1.0000000000000009,-2.9999999999999805,1.000000000000023,0.00017926996201467877
2013-12-31,1848.359985351562,0.38,3.04,4.0,0.003951856349111548,-1.0000000000000009,4.999999999999982,2.9999999999999805,-0.003951856349111548
2014-01-02,1831.97998046875,0.39,3.0,4.0,-0.008901413016628851,1.0000000000000009,-4.0000000000000036,0.0,0.008901413016628851
2014-01-03,1831.369995117188,0.41,3.01,3.98,-0.00033302052016027597,1.9999999999999962,0.9999999999999787,-2.0000000000000018,0.00033302052016027597
2014-01-06,1826.77001953125,0.4,2.98,3.96,-0.002514927253759658,-0.9999999999999953,-2.9999999999999805,-2.0000000000000018,0.002514927253759658
2014-01-07,1837.880004882812,0.4,2.96,3.92,0.0060633453753908195,0.0,-2.0000000000000018,-4.0000000000000036,-0.0060633453753908195
2014-01-08,1837.489990234375,0.43,3.01,3.87,-0.00021223150345086144,2.9999999999999973,4.999999999999982,-4.999999999999982,0.00021223150345086144
2014-01-09,1838.130004882812,0.44,2.97,3.88,0.0003482485435139538,1.0000000000000009,-3.999999999999959,0.9999999999999787,-0.0003482485435139538
2014-01-10,1842.369995117188,0.39,2.88,3.95,0.0023040304904559657,-4.999999999999999,-9.00000000000003,7.000000000000028,-0.0023040304904559657
2014-01-13,1819.199951171875,0.39,2.84,3.97,-0.012655966458794235,0.0,-4.0000000000000036,2.0000000000000018,0.012655966458794235
2014-01-14,1838.880004882812,0.39,2.88,3.92,0.010759876119933863,0.0,4.0000000000000036,-5.000000000000027,-0.010759876119933863
2014-01-15,1848.380004882812,0.41,2.9,3.87,0.005152889134682223,1.9999999999999962,2.0000000000000018,-4.999999999999982,-0.005152889134682223
2014-01-16,1845.890014648438,0.41,2.86,3.88,-0.0013480284864253696,0.0,-4.0000000000000036,0.9999999999999787,0.0013480284864253696
2014-01-17,1838.699951171875,0.4,2.84,3.88,-0.0039027803200153066,-0.9999999999999953,-2.0000000000000018,0.0,0.0039027803200153066
2014-01-21,1843.800048828125,0.4,2.85,3.86,0.0027699122428176707,0.0,1.000000000000023,-2.0000000000000018,-0.0027699122428176707
2014-01-22,1844.859985351562,0.44,2.87,3.82,0.0005747000497679408,3.9999999999999982,2.0000000000000018,-4.0000000000000036,-0.0005747000497679408
2014-01-23,1828.4599609375,0.39,2.79,3.92,-0.008929324764570706,-4.999999999999999,-8.000000000000007,10.000000000000009,0.008929324764570706
2014-01-24,1790.2900390625,0.37,2.75,4.08,-0.02109642142734084,-2.0000000000000018,-4.0000000000000036,16.000000000000014,0.02109642142734084
2014-01-27,1781.56005859375,0.37,2.78,4.09,-0.004888221853339347,0.0,2.9999999999999805,0.9999999999999787,0.004888221853339347
2014-01-28,1792.5,0.38,2.77,4.08,0.006121875622432071,1.0000000000000009,-0.9999999999999787,-0.9999999999999787,-0.006121875622432071
2014-01-29,1774.199951171875,0.36,2.69,4.15,-0.01026170390849596,-2.0000000000000018,-8.000000000000007,7.000000000000028,0.01026170390849596
2014-01-30,1794.18994140625,0.36,2.72,4.12,0.011204044372218206,0.0,3.000000000000025,-3.000000000000025,-0.011204044372218206
2014-01-31,1782.589965820312,0.34,2.67,4.21,-0.0064862902142505995,-1.9999999999999962,-5.000000000000027,8.999999999999986,0.0064862902142505995
2014-02-03,1741.890014648438,0.3,2.61,4.28,-0.02309660470448601,-4.0000000000000036,-6.000000000000005,7.000000000000028,0.02309660470448601
2014-02-04,1755.199951171875,0.31,2.64,4.31,0.007612043683081206,1.0000000000000009,3.000000000000025,2.999999999999936,-0.007612043683081206
2014-02-05,1751.640014648438,0.32,2.7,4.28,-0.002030282408656366,1.0000000000000009,6.000000000000005,-2.999999999999936,0.002030282408656366
2014-02-06,1773.430053710938,0.33,2.73,4.21,0.012363054453375717,1.0000000000000009,2.9999999999999805,-7.000000000000028,-0.012363054453375717
2014-02-07,1797.02001953125,0.3,2.71,4.2,0.013214193504296702,-3.0000000000000027,-2.0000000000000018,-0.9999999999999787,-0.013214193504296702
2014-02-10,1799.839965820312,0.32,2.7,4.16,0.0015680048032538137,2.0000000000000018,-0.9999999999999787,-4.0000000000000036,-0.0015680048032538137
2014-02-11,1819.75,0.35,2.75,4.08,0.011001375944255185,2.9999999999999973,4.999999999999982,-8.000000000000007,-0.011001375944255185
2014-02-12,1819.260009765625,0.35,2.8,4.01,-0.00026929864772088686,0.0,4.999999999999982,-7.000000000000028,0.00026929864772088686
2014-02-13,1829.829956054688,0.32,2.73,4.07,0.005793211978776901,-2.9999999999999973,-6.999999999999984,6.00000000000005,-0.005793211978776901
2014-02-14,1838.630004882812,0.32,2.75,4.03,0.004797689385547862,0.0,2.0000000000000018,-4.0000000000000036,-0.004797689385547862
2014-02-18,1840.760009765625,0.31,2.71,4.01,0.0011578033925589894,-1.0000000000000009,-4.0000000000000036,-2.000000000000046,-0.0011578033925589894
2014-02-19,1828.75,0.33,2.73,3.95,-0.0065458617731959995,2.0000000000000018,2.0000000000000018,-5.999999999999961,0.0065458617731959995
2014-02-20,1839.780029296875,0.34,2.76,3.92,0.006013341826934013,1.0000000000000009,2.9999999999999805,-3.000000000000025,-0.006013341826934013
2014-02-21,1836.25,0.33,2.73,3.9,-0.0019205666731810659,-1.0000000000000009,-2.9999999999999805,-2.0000000000000018,0.0019205666731810659
2014-02-24,1847.609985351562,0.35,2.75,3.85,0.006167455552331227,1.9999999999999962,2.0000000000000018,-4.999999999999982,-0.006167455552331227
2014-02-25,1845.119995117188,0.34,2.7,3.84,-0.0013485906767740938,-0.9999999999999953,-4.999999999999982,-1.000000000000023,0.0013485906767740938
2014-02-26,1845.160034179688,0.33,2.67,3.84,2.1699742124629578e-05,-1.0000000000000009,-3.000000000000025,0.0,-2.1699742124629578e-05
2014-02-27,1854.2900390625,0.33,2.65,3.83,0.004935881408416322,0.0,-2.0000000000000018,-0.9999999999999787,-0.004935881408416322
2014-02-28,1859.449951171875,0.33,2.66,3.81,0.0027788242813380905,0.0,1.000000000000023,-2.0000000000000018,-0.0027788242813380905
2014-03-03,1845.72998046875,0.32,2.6,3.87,-0.007405866200454787,-1.0000000000000009,-6.000000000000005,6.000000000000005,0.007405866200454787
2014-03-04,1873.910034179688,0.33,2.7,3.79,0.015152322676142008,1.0000000000000009,10.000000000000009,-8.000000000000007,-0.015152322676142008
2014-03-05,1873.81005859375,0.33,2.7,3.78,-5.3352749664775515e-05,0.0,0.0,-1.000000000000023,5.3352749664775515e-05
2014-03-06,1877.030029296875,0.37,2.74,3.78,0.0017169334968570882,3.9999999999999982,4.0000000000000036,0.0,-0.0017169334968570882
2014-03-07,1878.0400390625,0.38,2.8,3.79,0.0005379445771157059,1.0000000000000009,5.999999999999961,1.000000000000023,-0.0005379445771157059
2014-03-10,1877.170043945312,0.37,2.79,3.82,-0.00046335364121971557,-1.0000000000000009,-0.9999999999999787,2.9999999999999805,0.00046335364121971557
2014-03-11,1867.630004882812,0.37,2.77,3.82,-0.005095096975215844,0.0,-2.0000000000000018,0.0,0.005095096975215844
2014-03-12,1868.199951171875,0.37,2.73,3.87,0.0003051243232102282,0.0,-4.0000000000000036,5.000000000000027,-0.0003051243232102282
2014-03-13,1846.339965820312,0.34,2.66,3.92,-0.011770091695883849,-2.9999999999999973,-6.999999999999984,4.999999999999982,0.011770091695883849
2014-03-14,1841.130004882812,0.36,2.65,3.96,-0.002825766417445165,1.9999999999999962,-1.000000000000023,4.0000000000000036,0.002825766417445165
2014-03-17,1858.829956054688,0.38,2.7,3.9,0.009567717695039623,2.0000000000000018,5.000000000000027,-6.000000000000005,-0.009567717695039623
2014-03-18,1872.25,0.36,2.68,3.87,0.007193682245472968,-2.0000000000000018,-2.0000000000000018,-2.9999999999999805,-0.007193682245472968
2014-03-19,1860.77001953125,0.47,2.78,3.74,-0.006150525096734505,10.999999999999998,9.999999999999964,-12.99999999999999,0.006150525096734505
2014-03-20,1872.010009765625,0.45,2.79,3.79,0.0060223340875217475,-1.9999999999999962,1.000000000000023,4.999999999999982,-0.0060223340875217475
2014-03-21,1866.52001953125,0.45,2.75,3.76,-0.002936980116608755,0.0,-4.0000000000000036,-3.000000000000025,0.002936980116608755
2014-03-24,1857.43994140625,0.47,2.74,3.75,-0.004876580959363224,1.9999999999999962,-0.9999999999999787,-0.9999999999999787,0.004876580959363224
2014-03-25,1865.619995117188,0.47,2.75,3.73,0.004394270848822455,0.0,0.9999999999999787,-2.0000000000000018,-0.004394270848822455
2014-03-26,1852.56005859375,0.45,2.71,3.75,-0.007024936954876268,-1.9999999999999962,-4.0000000000000036,2.0000000000000018,0.007024936954876268
2014-03-27,1849.0400390625,0.45,2.69,3.77,-0.0019018913439770551,0.0,-2.0000000000000018,2.0000000000000018,0.0019018913439770551
2014-03-28,1857.619995117188,0.45,2.73,3.73,0.004629489243409878,0.0,4.0000000000000036,-4.0000000000000036,-0.004629489243409878
2014-03-31,1872.339965820312,0.44,2.73,3.77,0.007892871384796236,-1.0000000000000009,0.0,4.0000000000000036,-0.007892871384796236
2014-04-01,1885.52001953125,0.44,2.77,3.73,0.0070146880442136655,0.0,4.0000000000000036,-4.0000000000000036,-0.0070146880442136655
2014-04-02,1890.900024414062,0.47,2.82,3.66,0.0028492638318382397,2.9999999999999973,4.999999999999982,-6.999999999999984,-0.0028492638318382397
2014-04-03,1888.77001953125,0.46,2.8,3.64,-0.001127085213010433,-0.9999999999999953,-2.0000000000000018,-2.0000000000000018,0.001127085213010433
2014-04-04,1865.089965820312,0.43,2.74,3.68,-0.01261654292531422,-3.0000000000000027,-5.999999999999961,4.0000000000000036,0.01261654292531422
2014-04-07,1845.0400390625,0.41,2.71,3.72,-0.01080831233214956,-2.0000000000000018,-3.000000000000025,4.0000000000000036,0.01080831233214956
2014-04-08,1851.9599609375,0.4,2.69,3.73,0.0037435379801772804,-0.9999999999999953,-2.0000000000000018,0.9999999999999787,-0.0037435379801772804
2014-04-09,1872.180053710938,0.37,2.71,3.74,0.010859039341965793,-3.0000000000000027,2.0000000000000018,1.000000000000023,-0.010859039341965793
2014-04-10,1833.079956054688,0.37,2.65,3.77,-0.02110596773738724,0.0,-6.000000000000005,2.9999999999999805,0.02110596773738724
2014-04-11,1815.68994140625,0.37,2.63,3.82,-0.00953205973989762,0.0,-2.0000000000000018,4.999999999999982,0.00953205973989762
2014-04-14,1830.609985351562,0.37,2.65,3.76,0.008183708150740387,0.0,2.0000000000000018,-6.000000000000005,-0.008183708150740387
2014-04-15,1842.97998046875,0.39,2.64,3.75,0.006734579517703851,2.0000000000000018,-0.9999999999999787,-0.9999999999999787,-0.006734579517703851
2014-04-16,1862.31005859375,0.39,2.65,3.73,0.010433867948766148,0.0,0.9999999999999787,-2.0000000000000018,-0.010433867948766148
2014-04-17,1864.849975585938,0.43,2.73,3.68,0.0013629237070941571,3.9999999999999982,8.000000000000007,-4.999999999999982,-0.0013629237070941571
2014-04-21,1871.890014648438,0.42,2.73,3.67,0.003768015655572547,-1.0000000000000009,0.0,-1.000000000000023,-0.003768015655572547
2014-04-22,1879.550048828125,0.45,2.73,3.65,0.0040837889961276045,3.0000000000000027,0.0,-2.0000000000000018,-0.0040837889961276045
2014-04-23,1875.390014648438,0.43,2.7,3.68,-0.002215766862521839,-2.0000000000000018,-2.9999999999999805,3.000000000000025,0.002215766862521839
2014-04-24,1878.609985351562,0.43,2.7,3.66,0.0017154882753304317,0.0,0.0,-2.0000000000000018,-0.0017154882753304317
2014-04-25,1863.400024414062,0.43,2.68,3.69,-0.008129344743501644,0.0,-2.0000000000000018,2.9999999999999805,0.008129344743501644
2014-04-28,1869.430053710938,0.44,2.7,3.68,0.0032308111625027865,1.0000000000000009,2.0000000000000018,-0.9999999999999787,-0.0032308111625027865
2014-04-29,1878.329956054688,0.44,2.71,3.66,0.004749460504633521,0.0,0.9999999999999787,-2.0000000000000018,-0.004749460504633521
2014-04-30,1883.949951171875,0.42,2.67,3.71,0.0029875498027010484,-2.0000000000000018,-4.0000000000000036,4.999999999999982,-0.0029875498027010484
2014-05-01,1883.680053710938,0.41,2.63,3.75,-0.00014327174433207725,-1.0000000000000009,-4.0000000000000036,4.0000000000000036,0.00014327174433207725
2014-05-02,1881.140014648438,0.42,2.6,3.73,-0.0013493550298709083,1.0000000000000009,-2.9999999999999805,-2.0000000000000018,0.0013493550298709083
2014-05-05,1884.660034179688,0.43,2.63,3.74,0.0018694675823397822,1.0000000000000009,2.9999999999999805,1.000000000000023,-0.0018694675823397822
2014-05-06,1867.719970703125,0.43,2.61,3.72,-0.009029031461991383,0.0,-2.0000000000000018,-2.0000000000000018,0.009029031461991383
2014-05-07,1878.2099609375,0.41,2.62,3.74,0.005600754871033284,-2.0000000000000018,1.000000000000023,2.0000000000000018,-0.005600754871033284
2014-05-08,1875.630004882812,0.4,2.61,3.75,-0.001374569232786628,-0.9999999999999953,-1.000000000000023,0.9999999999999787,0.001374569232786628
2014-05-09,1878.47998046875,0.4,2.62,3.74,0.001518323194879061,0.0,1.000000000000023,-0.9999999999999787,-0.001518323194879061
2014-05-12,1896.650024414062,0.41,2.66,3.7,0.009626256172315288,0.9999999999999953,4.0000000000000036,-4.0000000000000036,-0.009626256172315288
2014-05-13,1897.449951171875,0.39,2.61,3.7,0.0004216687882832557,-1.9999999999999962,-5.000000000000027,0.0,-0.0004216687882832557
2014-05-14,1888.530029296875,0.39,2.54,3.73,-0.004712089565017091,0.0,-6.999999999999984,2.9999999999999805,0.004712089565017091
2014-05-15,1870.849975585938,0.38,2.5,3.78,-0.009405904183934567,-1.0000000000000009,-4.0000000000000036,4.999999999999982,0.009405904183934567
2014-05-16,1877.859985351562,0.38,2.52,3.77,0.003739962819000161,0.0,2.0000000000000018,-0.9999999999999787,-0.003739962819000161
2014-05-19,1885.079956054688,0.36,2.54,3.76,0.003837414189704635,-2.0000000000000018,2.0000000000000018,-1.000000000000023,-0.003837414189704635
2014-05-20,1872.829956054688,0.35,2.52,3.77,-0.006519604608543308,-1.0000000000000009,-2.0000000000000018,1.000000000000023,0.006519604608543308
2014-05-21,1888.030029296875,0.37,2.54,3.77,0.008083340547746702,2.0000000000000018,2.0000000000000018,0.0,-0.008083340547746702
2014-05-22,1892.489990234375,0.37,2.56,3.78,0.0023594441947138818,0.0,2.0000000000000018,0.9999999999999787,-0.0023594441947138818
2014-05-23,1900.530029296875,0.37,2.54,3.78,0.004239392917884754,0.0,-2.0000000000000018,0.0,-0.004239392917884754
2014-05-27,1911.910034179688,0.39,2.52,3.76,0.005969950211529093,2.0000000000000018,-2.0000000000000018,-2.0000000000000018,-0.005969950211529093
2014-05-28,1909.780029296875,0.37,2.44,3.8,-0.0011146927500586454,-2.0000000000000018,-8.000000000000007,4.0000000000000036,0.0011146927500586454
2014-05-29,1920.030029296875,0.37,2.45,3.78,0.005352758657361124,0.0,1.000000000000023,-2.0000000000000018,-0.005352758657361124
2014-05-30,1923.569946289062,0.37,2.48,3.75,0.0018419804431011482,0.0,2.9999999999999805,-2.9999999999999805,-0.0018419804431011482
2014-06-02,1924.969970703125,0.39,2.54,3.61,0.0007275613640589218,2.0000000000000018,6.000000000000005,-14.000000000000012,-0.0007275613640589218
2014-06-03,1924.239990234375,0.41,2.6,3.59,-0.0003792884695348666,1.9999999999999962,6.000000000000005,-2.0000000000000018,0.0003792884695348666
2014-06-04,1927.880004882812,0.41,2.61,3.59,0.0018898766063627109,0.0,0.9999999999999787,0.0,-0.0018898766063627109
2014-06-05,1940.4599609375,0.4,2.59,3.59,0.006504082119663202,-0.9999999999999953,-2.0000000000000018,0.0,-0.006504082119663202
2014-06-06,1949.43994140625,0.41,2.6,3.53,0.00461708354801898,0.9999999999999953,1.000000000000023,-6.000000000000005,-0.00461708354801898
2014-06-09,1951.27001953125,0.43,2.62,3.5,0.0009383308564868176,2.0000000000000018,2.0000000000000018,-2.9999999999999805,-0.0009383308564868176
2014-06-10,1950.7900390625,0.45,2.64,3.46,-0.0002460138818795375,2.0000000000000018,2.0000000000000018,-4.0000000000000036,0.0002460138818795375
2014-06-11,1943.890014648438,0.44,2.65,3.46,-0.0035433111516657173,-1.0000000000000009,0.9999999999999787,0.0,0.0035433111516657173
2014-06-12,1930.109985351562,0.42,2.58,3.5,-0.0071141390889107375,-2.0000000000000018,-6.999999999999984,4.0000000000000036,0.0071141390889107375
2014-06-13,1936.160034179688,0.45,2.6,3.47,0.003129659199071424,3.0000000000000027,2.0000000000000018,-2.9999999999999805,-0.003129659199071424
2014-06-16,1937.780029296875,0.49,2.61,3.43,0.0008363553307863628,3.9999999999999982,0.9999999999999787,-4.0000000000000036,-0.0008363553307863628
2014-06-17,1941.989990234375,0.51,2.66,3.39,0.0021702124448891515,2.0000000000000018,5.000000000000027,-4.0000000000000036,-0.0021702124448891515
2014-06-18,1956.97998046875,0.48,2.61,3.41,0.007689243160729406,-3.0000000000000027,-5.000000000000027,2.0000000000000018,-0.007689243160729406
2014-06-19,1959.47998046875,0.48,2.64,3.39,0.001276663295165036,0.0,3.000000000000025,-2.0000000000000018,-0.001276663295165036
2014-06-20,1962.869995117188,0.5,2.63,3.36,0.001728563495676282,2.0000000000000018,-1.000000000000023,-3.000000000000025,-0.001728563495676282
2014-06-23,1962.609985351562,0.48,2.63,3.35,-0.00013247285289948226,-2.0000000000000018,0.0,-0.9999999999999787,0.00013247285289948226
2014-06-24,1949.97998046875,0.49,2.59,3.37,-0.006456106498617256,1.0000000000000009,-4.0000000000000036,2.0000000000000018,0.006456106498617256
2014-06-25,1959.530029296875,0.48,2.57,3.43,0.004885557422717193,-1.0000000000000009,-2.0000000000000018,6.000000000000005,-0.004885557422717193
2014-06-26,1957.219970703125,0.46,2.53,3.47,-0.0011795794276391145,-1.9999999999999962,-4.0000000000000036,4.0000000000000036,0.0011795794276391145
2014-06-27,1960.9599609375,0.45,2.54,3.48,0.0019090452380837368,-1.0000000000000009,1.000000000000023,0.9999999999999787,-0.0019090452380837368
2014-06-30,1960.22998046875,0.47,2.53,3.53,-0.00037232599700135415,1.9999999999999962,-1.000000000000023,4.999999999999982,0.00037232599700135415
2014-07-01,1973.319946289062,0.47,2.58,3.5,0.006655572896822298,0.0,5.000000000000027,-2.9999999999999805,-0.006655572896822298
2014-07-02,1974.619995117188,0.49,2.64,3.46,0.0006585960751236375,2.0000000000000018,6.000000000000005,-4.0000000000000036,-0.0006585960751236375
2014-07-03,1985.43994140625,0.52,2.65,3.44,0.005464550227672173,3.0000000000000027,0.9999999999999787,-2.0000000000000018,-0.005464550227672173
2014-07-07,1977.650024414062,0.52,2.63,3.44,-0.003931239054323852,0.0,-2.0000000000000018,0.0,0.003931239054323852
2014-07-08,1963.7099609375,0.51,2.58,3.48,-0.007073762181680464,-1.0000000000000009,-4.999999999999982,4.0000000000000036,0.007073762181680464
2014-07-09,1972.829956054688,0.51,2.57,3.51,0.0046335165532594294,0.0,-1.000000000000023,2.9999999999999805,-0.0046335165532594294
2014-07-10,1964.680053710938,0.46,2.55,3.62,-0.004139628324473722,-4.999999999999999,-2.0000000000000018,11.000000000000032,0.004139628324473722
2014-07-11,1967.569946289062,0.48,2.53,3.61,0.0014698419980467919,1.9999999999999962,-2.0000000000000018,-1.000000000000023,-0.0014698419980467919
2014-07-14,1977.099975585938,0.48,2.55,3.57,0.004831860726997589,0.0,2.0000000000000018,-4.0000000000000036,-0.004831860726997589
2014-07-15,1973.280029296875,0.49,2.56,3.6,-0.001933964567945847,1.0000000000000009,1.000000000000023,3.000000000000025,0.001933964567945847
2014-07-16,1981.569946289062,0.5,2.55,3.63,0.004192285009448334,1.0000000000000009,-1.000000000000023,2.9999999999999805,-0.004192285009448334
2014-07-17,1958.119995117188,0.47,2.47,3.74,-0.011904605927477553,-3.0000000000000027,-7.999999999999963,11.000000000000032,0.011904605927477553
2014-07-18,1978.219970703125,0.51,2.5,3.78,0.010212608899670964,4.0000000000000036,2.9999999999999805,3.999999999999959,-0.010212608899670964
2014-07-21,1973.630004882812,0.51,2.49,3.8,-0.0023229464239048745,0.0,-0.9999999999999787,2.0000000000000018,0.0023229464239048745
2014-07-22,1983.530029296875,0.49,2.48,3.79,0.005003611167300347,-2.0000000000000018,-1.000000000000023,-0.9999999999999787,-0.005003611167300347
2014-07-23,1987.010009765625,0.5,2.48,3.77,0.001752900777012884,1.0000000000000009,0.0,-2.0000000000000018,-0.001752900777012884
2014-07-24,1987.97998046875,0.53,2.52,3.72,0.00048803681255066896,3.0000000000000027,4.0000000000000036,-4.999999999999982,-0.00048803681255066896
2014-07-25,1978.339965820312,0.53,2.48,3.75,-0.00486094604610931,0.0,-4.0000000000000036,2.9999999999999805,0.00486094604610931
2014-07-28,1978.910034179688,0.54,2.5,3.74,0.00028811339355327645,1.0000000000000009,2.0000000000000018,-0.9999999999999787,-0.00028811339355327645
2014-07-29,1969.949951171875,0.54,2.47,3.8,-0.004538068413714234,0.0,-2.9999999999999805,5.999999999999961,0.004538068413714234
2014-07-30,1970.069946289062,0.56,2.57,3.79,6.091091940997935e-05,2.0000000000000018,9.999999999999964,-0.9999999999999787,-6.091091940997935e-05
2014-07-31,1930.670043945312,0.53,2.58,4.04,-0.02020193215523012,-3.0000000000000027,1.000000000000023,25.0,0.02020193215523012
2014-08-01,1925.150024414062,0.47,2.52,4.25,-0.002863216231298331,-6.000000000000005,-6.000000000000005,20.999999999999996,0.002863216231298331
2014-08-04,1938.989990234375,0.47,2.51,4.24,0.007163314449646829,0.0,-1.000000000000023,-0.9999999999999787,-0.007163314449646829
2014-08-05,1920.2099609375,0.47,2.49,4.17,-0.009732679197336652,0.0,-1.9999999999999574,-7.000000000000028,0.009732679197336652
2014-08-06,1920.239990234375,0.48,2.49,4.21,1.5638426360123552e-05,1.0000000000000009,0.0,4.0000000000000036,-1.5638426360123552e-05
2014-08-07,1909.569946289062,0.44,2.43,4.2,-0.00557211544673325,-3.9999999999999982,-6.000000000000005,-0.9999999999999787,0.00557211544673325
2014-08-08,1931.589965820312,0.45,2.44,4.2,0.011465422557972033,1.0000000000000009,0.9999999999999787,0.0,-0.011465422557972033
2014-08-11,1936.920043945312,0.47,2.44,4.12,0.0027556250258418476,1.9999999999999962,0.0,-8.000000000000007,-0.0027556250258418476
2014-08-12,1933.75,0.45,2.46,4.07,-0.0016379823741557193,-1.9999999999999962,2.0000000000000018,-4.999999999999982,0.0016379823741557193
2014-08-13,1946.719970703125,0.43,2.43,4.03,0.006684767102510805,-2.0000000000000018,-2.9999999999999805,-4.0000000000000036,-0.006684767102510805
2014-08-14,1955.180053710938,0.42,2.4,3.97,0.00433639827369792,-1.0000000000000009,-3.000000000000025,-6.000000000000005,-0.00433639827369792
2014-08-15,1955.06005859375,0.42,2.34,3.97,-6.137480757159912e-05,0.0,-6.000000000000005,0.0,6.137480757159912e-05
2014-08-18,1971.739990234375,0.44,2.39,3.89,0.0084954832196601,2.0000000000000018,5.000000000000027,-8.000000000000007,-0.0084954832196601
2014-08-19,1981.599975585938,0.46,2.4,3.85,0.004988190179198016,2.0000000000000018,0.9999999999999787,-4.0000000000000036,-0.004988190179198016
2014-08-20,1986.510009765625,0.49,2.43,3.79,0.0024747482825434007,2.9999999999999973,3.000000000000025,-6.000000000000005,-0.0024747482825434007
2014-08-21,1992.369995117188,0.49,2.41,3.81,0.0029455472802708458,0.0,-2.0000000000000018,2.0000000000000018,-0.0029455472802708458
2014-08-22,1988.400024414062,0.53,2.4,3.79,-0.001994574918823065,4.0000000000000036,-1.000000000000023,-2.0000000000000018,0.001994574918823065
2014-08-25,1997.920043945312,0.53,2.39,3.77,0.004776353863603847,0.0,-0.9999999999999787,-2.0000000000000018,-0.004776353863603847
2014-08-26,2000.02001953125,0.52,2.39,3.78,0.0010505288952438005,-1.0000000000000009,0.0,0.9999999999999787,-0.0010505288952438005
2014-08-27,2000.119995117188,0.51,2.37,3.81,4.9986043284778165e-05,-1.0000000000000009,-2.0000000000000018,3.000000000000025,-4.9986043284778165e-05
2014-08-28,1996.739990234375,0.5,2.34,3.82,-0.0016913305449463866,-1.0000000000000009,-3.000000000000025,0.9999999999999787,0.0016913305449463866
2014-08-29,2003.369995117188,0.48,2.35,3.8,0.0033149143290201227,-2.0000000000000018,1.000000000000023,-2.0000000000000018,-0.0033149143290201227
2014-09-02,2002.280029296875,0.53,2.42,3.8,-0.0005442142177029188,5.000000000000004,6.999999999999984,0.0,0.0005442142177029188
2014-09-03,2000.719970703125,0.52,2.41,3.83,-0.0007794447528015455,-1.0000000000000009,-0.9999999999999787,3.000000000000025,0.0007794447528015455
2014-09-04,1997.650024414062,0.54,2.45,3.85,-0.0015355992047123915,2.0000000000000018,4.0000000000000036,2.0000000000000018,0.0015355992047123915
2014-09-05,2007.7099609375,0.52,2.46,3.93,0.0050232477049587075,-2.0000000000000018,0.9999999999999787,8.000000000000007,-0.0050232477049587075
2014-09-08,2001.5400390625,0.54,2.48,3.92,-0.003077845854315851,2.0000000000000018,2.0000000000000018,-1.000000000000023,0.003077845854315851
2014-09-09,1988.43994140625,0.56,2.5,3.93,-0.006566521532685439,2.0000000000000018,2.0000000000000018,1.000000000000023,0.006566521532685439
2014-09-10,1995.68994140625,0.58,2.54,4.01,0.0036394436003678032,1.9999999999999907,4.0000000000000036,7.999999999999963,-0.0036394436003678032
2014-09-11,1997.449951171875,0.58,2.54,4.05,0.0008815167647232053,0.0,0.0,4.0000000000000036,-0.0008815167647232053
2014-09-12,1985.5400390625,0.58,2.62,4.03,-0.0059804054920065425,0.0,8.000000000000007,-1.9999999999999574,0.0059804054920065425
2014-09-15,1984.130004882812,0.58,2.6,4.06,-0.0007104037481095955,0.0,-2.0000000000000018,2.999999999999936,0.0007104037481095955
2014-09-16,1998.97998046875,0.55,2.6,4.1,0.007456507324556643,-2.9999999999999916,0.0,4.0000000000000036,-0.007456507324556643
2014-09-17,2001.569946289062,0.59,2.62,4.05,0.0012948050790882128,3.9999999999999925,2.0000000000000018,-4.999999999999982,-0.0012948050790882128
2014-09-18,2011.359985351562,0.59,2.63,3.98,0.004879257127339826,0.0,0.9999999999999787,-6.999999999999984,-0.004879257127339826
2014-09-19,2010.400024414062,0.59,2.59,3.97,-0.00047738351040339826,0.0,-4.0000000000000036,-0.9999999999999787,0.00047738351040339826
2014-09-22,1994.2900390625,0.58,2.57,4.02,-0.008045602530218276,-1.0000000000000009,-2.0000000000000018,4.999999999999938,0.008045602530218276
2014-09-23,1982.77001953125,0.57,2.54,4.13,-0.0057932500796262516,-1.0000000000000009,-2.9999999999999805,11.000000000000032,0.0057932500796262516
2014-09-24,1998.300048828125,0.59,2.57,4.18,0.0078019767586544365,2.0000000000000018,2.9999999999999805,4.999999999999982,-0.0078019767586544365
2014-09-25,1965.989990234375,0.56,2.52,4.33,-0.016300913265170507,-2.9999999999999916,-4.999999999999982,15.000000000000036,0.016300913265170507
2014-09-26,1982.849975585938,0.59,2.54,4.4,0.00853926112400176,2.9999999999999916,2.0000000000000018,7.000000000000028,-0.00853926112400176
2014-09-29,1977.800048828125,0.58,2.5,4.51,-0.002550050856916046,-1.0000000000000009,-4.0000000000000036,10.999999999999943,0.002550050856916046
2014-09-30,1972.2900390625,0.58,2.52,4.4,-0.0027898165443120183,0.0,2.0000000000000018,-10.999999999999943,0.0027898165443120183
2014-10-01,1946.160034179688,0.53,2.42,4.45,-0.01333710611263721,-4.999999999999993,-10.000000000000009,4.999999999999982,0.01333710611263721
2014-10-02,1946.170043945312,0.53,2.44,4.42,5.1433282497856e-06,0.0,2.0000000000000018,-3.000000000000025,-5.1433282497856e-06
2014-10-03,1967.900024414062,0.57,2.45,4.29,0.011103635523902509,3.9999999999999925,1.000000000000023,-12.99999999999999,-0.011103635523902509
2014-10-06,1964.819946289062,0.54,2.43,4.26,-0.0015663860013981836,-2.9999999999999916,-2.0000000000000018,-3.000000000000025,0.0015663860013981836
2014-10-07,1935.099975585938,0.52,2.36,4.37,-0.015241618619128183,-2.0000000000000018,-7.000000000000028,11.000000000000032,0.015241618619128183
2014-10-08,1968.890014648438,0.46,2.35,4.48,0.01731094749805919,-6.0,-0.9999999999999787,11.000000000000032,-0.01731094749805919
2014-10-09,1928.2099609375,0.46,2.34,4.52,-0.020877848454315187,0.0,-1.000000000000023,3.9999999999999147,0.020877848454315187
2014-10-10,1906.130004882812,0.45,2.31,4.66,-0.01151708002621117,-1.0000000000000009,-2.9999999999999805,14.000000000000057,0.01151708002621117
2014-10-13,1874.739990234375,0.45,2.31,4.66,-0.016605033202522282,0.0,0.0,0.0,0.016605033202522282
2014-10-14,1877.699951171875,0.39,2.21,4.83,0.001577619680866768,-6.0,-10.000000000000009,16.999999999999993,-0.001577619680866768
2014-10-15,1862.489990234375,0.34,2.15,5.08,-0.008133300726077349,-4.999999999999999,-6.000000000000005,25.0,0.008133300726077349
2014-10-16,1862.760009765625,0.35,2.17,4.98,0.0001449672004417697,0.9999999999999953,2.0000000000000018,-9.999999999999964,-0.0001449672004417697
2014-10-17,1886.760009765625,0.39,2.22,4.68,0.012801813377146141,4.0000000000000036,5.000000000000027,-30.00000000000007,-0.012801813377146141
2014-10-20,1904.010009765625,0.37,2.2,4.68,0.009101116121281314,-2.0000000000000018,-2.0000000000000018,0.0,-0.009101116121281314
2014-10-21,1941.280029296875,0.38,2.23,4.5,0.01938537082775091,1.0000000000000009,2.9999999999999805,-17.99999999999997,-0.01938537082775091
2014-10-22,1927.109985351562,0.41,2.25,4.44,-0.0073261006616124075,2.9999999999999973,2.0000000000000018,-5.999999999999961,0.0073261006616124075
2014-10-23,1950.819946289062,0.41,2.29,4.38,0.012228305721599457,0.0,4.0000000000000036,-6.00000000000005,-0.012228305721599457
2014-10-24,1964.579956054688,0.41,2.29,4.38,0.007028690175716855,0.0,0.0,0.0,-0.007028690175716855
2014-10-27,1961.630004882812,0.41,2.27,4.41,-0.0015026968788383228,0.0,-2.0000000000000018,3.000000000000025,0.0015026968788383228
2014-10-28,1985.050048828125,0.42,2.3,4.39,0.011868364566910612,1.0000000000000009,2.9999999999999805,-2.000000000000046,-0.011868364566910612
2014-10-29,1982.300048828125,0.48,2.34,4.32,-0.0013863159906425204,6.0,4.0000000000000036,-6.99999999999994,0.0013863159906425204
2014-10-30,1994.650024414062,0.48,2.32,4.35,0.006210797247872963,0.0,-2.0000000000000018,2.999999999999936,-0.006210797247872963
2014-10-31,2018.050048828125,0.5,2.35,4.3,0.011663114233148787,2.0000000000000018,3.000000000000025,-4.999999999999982,-0.011663114233148787
2014-11-03,2017.81005859375,0.52,2.36,4.29,-0.00011892891639947338,2.0000000000000018,0.9999999999999787,-0.9999999999999787,0.00011892891639947338
2014-11-04,2012.099975585938,0.52,2.35,4.35,-0.0028338532526648104,0.0,-0.9999999999999787,5.999999999999961,0.0028338532526648104
2014-11-05,2023.569946289062,0.52,2.36,4.32,0.005684311060804048,0.0,0.9999999999999787,-2.999999999999936,-0.005684311060804048
2014-11-06,2031.2099609375,0.54,2.39,4.3,0.0037684036443284804,2.0000000000000018,3.000000000000025,-2.000000000000046,-0.0037684036443284804
2014-11-07,2031.920043945312,0.51,2.32,4.36,0.0003495251267805859,-3.0000000000000027,-7.000000000000028,6.00000000000005,-0.0003495251267805859
2014-11-10,2038.260009765625,0.55,2.38,4.32,0.0031153270195590763,4.0000000000000036,6.000000000000005,-4.0000000000000036,-0.0031153270195590763
2014-11-11,2039.680053710938,0.55,2.38,4.32,0.0006964516302876571,0.0,0.0,0.0,-0.0006964516302876571
2014-11-12,2038.25,0.55,2.37,4.33,-0.0007013625789182031,0.0,-0.9999999999999787,0.9999999999999787,0.0007013625789182031
2014-11-13,2039.329956054688,0.53,2.35,4.37,0.000529704428400453,-2.0000000000000018,-2.0000000000000018,4.0000000000000036,-0.000529704428400453
2014-11-14,2039.819946289062,0.54,2.32,4.43,0.00024024134854636143,1.0000000000000009,-3.000000000000025,5.999999999999961,-0.00024024134854636143
2014-11-17,2041.319946289062,0.54,2.34,4.46,0.0007350887776586797,0.0,2.0000000000000018,3.000000000000025,-0.0007350887776586797
2014-11-18,2051.800048828125,0.53,2.32,4.53,0.00512084935368861,-1.0000000000000009,-2.0000000000000018,7.000000000000028,-0.00512084935368861
2014-11-19,2048.719970703125,0.54,2.36,4.57,-0.0015022868756188182,1.0000000000000009,4.0000000000000036,4.0000000000000036,0.0015022868756188182
2014-11-20,2052.75,0.53,2.34,4.61,0.001965164013202754,-1.0000000000000009,-2.0000000000000018,4.0000000000000036,-0.001965164013202754
2014-11-21,2063.5,0.53,2.31,4.54,0.0052232126037382535,0.0,-2.9999999999999805,-7.000000000000028,-0.0052232126037382535
2014-11-24,2069.409912109375,0.53,2.3,4.54,0.00285992981373923,0.0,-1.000000000000023,0.0,-0.00285992981373923
2014-11-25,2067.030029296875,0.51,2.27,4.54,-0.0011506914684172845,-2.0000000000000018,-2.9999999999999805,0.0,0.0011506914684172845
2014-11-26,2072.830078125,0.53,2.24,4.56,0.0028020524716035632,2.0000000000000018,-2.9999999999999805,1.9999999999999574,-0.0028020524716035632
2014-11-28,2067.56005859375,0.47,2.18,4.64,-0.0025456646370122207,-6.000000000000005,-6.000000000000005,8.000000000000007,0.0025456646370122207
2014-12-01,2053.43994140625,0.49,2.22,4.82,-0.006852789344834434,2.0000000000000018,4.0000000000000036,18.00000000000006,0.006852789344834434
2014-12-02,2066.550048828125,0.55,2.28,4.82,0.006364166758848178,6.000000000000005,5.999999999999961,0.0,-0.006364166758848178
2014-12-03,2074.330078125,0.57,2.29,4.81,0.0037576738340269794,1.9999999999999907,1.000000000000023,-1.0000000000000675,-0.0037576738340269794
2014-12-04,2071.919921875,0.55,2.25,4.83,-0.0011625717317858438,-1.9999999999999907,-4.0000000000000036,2.000000000000046,0.0011625717317858438
2014-12-05,2075.3701171875,0.65,2.31,4.77,0.0016638315989210529,9.999999999999998,6.000000000000005,-6.00000000000005,-0.0016638315989210529
2014-12-08,2060.31005859375,0.64,2.26,4.87,-0.007283022149715385,-1.0000000000000009,-5.000000000000027,10.000000000000053,0.007283022149715385
2014-12-09,2059.820068359375,0.64,2.22,5.06,-0.00023785182583414743,0.0,-3.999999999999959,18.99999999999995,0.00023785182583414743
2014-12-10,2026.140014648438,0.59,2.18,5.21,-0.016486121183048427,-5.000000000000004,-4.0000000000000036,15.000000000000036,0.016486121183048427
2014-12-11,2035.329956054688,0.62,2.19,5.25,0.004525433971620777,3.0000000000000027,0.9999999999999787,4.0000000000000036,-0.004525433971620777
2014-12-12,2002.329956054688,0.56,2.1,5.47,-0.01634646579165845,-5.999999999999995,-8.999999999999986,21.999999999999975,0.01634646579165845
2014-12-15,1989.630004882812,0.6,2.12,5.52,-0.006362786271722386,3.9999999999999925,2.0000000000000018,4.999999999999982,0.006362786271722386
2014-12-16,1972.739990234375,0.58,2.07,5.71,-0.008525259865380597,-2.0000000000000018,-5.000000000000027,19.00000000000004,0.008525259865380597
2014-12-17,2012.890014648438,0.62,2.14,5.48,0.020148073243295834,4.0000000000000036,7.000000000000028,-22.999999999999954,-0.020148073243295834
2014-12-18,2061.22998046875,0.67,2.22,5.15,0.023731374885708832,5.000000000000004,8.000000000000007,-33.00000000000001,-0.023731374885708832
2014-12-19,2070.64990234375,0.67,2.17,5.09,0.004559637967419008,0.0,-5.000000000000027,-6.00000000000005,-0.004559637967419008
2014-12-22,2078.5400390625,0.71,2.17,5.03,0.003803222479927145,3.9999999999999925,0.0,-5.999999999999961,-0.003803222479927145
2014-12-23,2082.169921875,0.73,2.26,4.94,0.0017448386297044874,2.0000000000000018,8.999999999999986,-8.999999999999986,-0.0017448386297044874
2014-12-24,2081.8798828125,0.73,2.27,4.93,-0.0001393062410745646,0.0,1.000000000000023,-1.0000000000000675,0.0001393062410745646
2014-12-26,2088.77001953125,0.73,2.25,4.93,0.0033041099821209488,0.0,-2.0000000000000018,0.0,-0.0033041099821209488
2014-12-29,2090.570068359375,0.72,2.22,4.96,0.000861403428089447,-1.0000000000000009,-2.9999999999999805,3.000000000000025,-0.000861403428089447
2014-12-30,2080.35009765625,0.69,2.2,4.98,-0.004900593034504285,-3.0000000000000027,-2.0000000000000018,2.000000000000046,0.004900593034504285
2014-12-31,2058.89990234375,0.67,2.17,5.04,-0.01036438356125046,-1.9999999999999907,-3.000000000000025,5.999999999999961,0.01036438356125046
2015-01-02,2058.199951171875,0.66,2.12,5.08,-0.0003400214731352804,-1.0000000000000009,-4.999999999999982,4.0000000000000036,0.0003400214731352804
2015-01-05,2020.579956054688,0.68,2.04,5.21,-0.01844721353258704,2.0000000000000018,-8.000000000000007,12.99999999999999,0.01844721353258704
2015-01-06,2002.609985351562,0.65,1.97,5.37,-0.00893325469070073,-3.0000000000000027,-7.000000000000006,16.000000000000014,0.00893325469070073
2015-01-07,2025.900024414062,0.62,1.96,5.31,0.011562735844876304,-3.0000000000000027,-1.0000000000000009,-6.00000000000005,-0.011562735844876304
2015-01-08,2062.139892578125,0.62,2.03,5.17,0.01773016812715591,0.0,6.999999999999984,-13.999999999999968,-0.01773016812715591
2015-01-09,2044.81005859375,0.59,1.98,5.2,-0.008439322147078786,-3.0000000000000027,-4.999999999999982,3.000000000000025,0.008439322147078786
2015-01-12,2028.260009765625,0.56,1.92,5.27,-0.008126616843470486,-2.9999999999999916,-6.000000000000005,6.99999999999994,0.008126616843470486
2015-01-13,2023.030029296875,0.54,1.91,5.28,-0.0025818854358163217,-2.0000000000000018,-1.0000000000000009,1.0000000000000675,0.0025818854358163217
2015-01-14,2011.27001953125,0.51,1.86,5.39,-0.00583002896797565,-3.0000000000000027,-4.999999999999982,10.999999999999943,0.00583002896797565
2015-01-15,1992.670043945312,0.44,1.77,5.42,-0.009290903004567771,-7.000000000000001,-9.000000000000007,3.000000000000025,0.009290903004567771
2015-01-16,2019.420043945312,0.49,1.83,5.42,0.013334893186267299,4.999999999999999,6.000000000000005,0.0,-0.013334893186267299
2015-01-20,2022.550048828125,0.53,1.82,5.39,0.0015487524334006086,4.0000000000000036,-1.0000000000000009,-3.000000000000025,-0.0015487524334006086
2015-01-21,2032.119995117188,0.53,1.87,5.36,0.004720465022189582,0.0,5.000000000000004,-2.999999999999936,-0.004720465022189582
2015-01-22,2063.14990234375,0.53,1.9,5.27,0.015154313070630109,0.0,2.9999999999999805,-9.000000000000075,-0.015154313070630109
2015-01-23,2051.820068359375,0.52,1.81,5.3,-0.005506656279301935,-1.0000000000000009,-8.999999999999986,3.000000000000025,0.005506656279301935
2015-01-26,2057.090087890625,0.54,1.83,5.26,0.0025651679986232745,2.0000000000000018,2.0000000000000018,-4.0000000000000036,-0.0025651679986232745
2015-01-27,2029.550048828125,0.54,1.83,5.29,-0.013478287815857576,0.0,0.0,3.000000000000025,0.013478287815857576
2015-01-28,2002.160034179688,0.5,1.73,5.31,-0.013587502811021794,-4.0000000000000036,-10.000000000000009,1.9999999999999574,0.013587502811021794
2015-01-29,2021.25,0.51,1.77,5.28,0.00948951705826335,1.0000000000000009,4.0000000000000036,-2.999999999999936,-0.00948951705826335
2015-01-30,1994.989990234375,0.47,1.68,5.37,-0.013077099006318498,-4.0000000000000036,-9.000000000000007,8.999999999999986,0.013077099006318498
2015-02-02,2020.849975585938,0.49,1.68,5.26,0.012879170000215734,2.0000000000000018,0.0,-11.000000000000032,-0.012879170000215734
2015-02-03,2050.030029296875,0.52,1.79,5.11,0.01433623857745288,3.0000000000000027,11.00000000000001,-14.999999999999947,-0.01433623857745288
2015-02-04,2041.510009765625,0.52,1.81,5.05,-0.0041647065724529616,0.0,2.0000000000000018,-6.00000000000005,0.0041647065724529616
2015-02-05,2062.52001953125,0.52,1.83,4.99,0.010238810710909235,0.0,2.0000000000000018,-5.999999999999961,-0.010238810710909235
2015-02-06,2055.469970703125,0.65,1.95,4.78,-0.00342402761187852,13.0,11.99999999999999,-20.999999999999996,0.00342402761187852
2015-02-09,2046.739990234375,0.65,1.96,4.8,-0.004256239310481708,0.0,1.0000000000000009,1.9999999999999574,0.004256239310481708
2015-02-10,2068.590087890625,0.67,2.01,4.75,0.010618979554062366,2.0000000000000018,4.999999999999982,-4.999999999999982,-0.010618979554062366
2015-02-11,2068.530029296875,0.67,2.0,4.76,-2.9034010158247172e-05,0.0,-0.9999999999999787,0.9999999999999787,2.9034010158247172e-05
2015-02-12,2088.47998046875,0.61,1.99,4.74,0.009598295065916026,-6.000000000000005,-1.0000000000000009,-1.9999999999999574,-0.009598295065916026
2015-02-13,2096.989990234375,0.66,2.02,4.71,0.004066459227779422,5.000000000000004,3.0000000000000027,-3.000000000000025,-0.004066459227779422
2015-02-17,2100.340087890625,0.7,2.14,4.57,0.0015962996977983961,3.9999999999999925,12.00000000000001,-13.999999999999968,-0.0015962996977983961
2015-02-18,2099.679931640625,0.62,2.07,4.62,-0.00031435862322874816,-7.9999999999999964,-7.000000000000028,4.999999999999982,0.00031435862322874816
2015-02-19,2097.449951171875,0.67,2.11,4.58,-0.0010626217157189283,5.000000000000004,4.0000000000000036,-4.0000000000000036,0.0010626217157189283
2015-02-20,2110.300048828125,0.67,2.13,4.53,0.006107842721055837,0.0,2.0000000000000018,-4.999999999999982,-0.006107842721055837
2015-02-23,2109.659912109375,0.64,2.06,4.56,-0.000303385211985694,-3.0000000000000027,-6.999999999999984,2.999999999999936,0.000303385211985694
2015-02-24,2115.47998046875,0.6,1.99,4.58,0.002754972468831103,-4.0000000000000036,-7.000000000000006,2.000000000000046,-0.002754972468831103
2015-02-25,2113.860107421875,0.61,1.96,4.54,-0.0007660169636026022,1.0000000000000009,-3.0000000000000027,-4.0000000000000036,0.0007660169636026022
2015-02-26,2110.739990234375,0.66,2.03,4.43,-0.00147711863025381,5.000000000000004,6.999999999999984,-11.000000000000032,0.00147711863025381
2015-02-27,2104.5,0.63,2.0,4.43,-0.0029606830486323707,-3.0000000000000027,-2.9999999999999805,0.0,0.0029606830486323707
2015-03-02,2117.389892578125,0.66,2.08,4.38,0.0061062381811330165,3.0000000000000027,8.000000000000007,-4.999999999999982,-0.0061062381811330165
2015-03-03,2107.780029296875,0.68,2.12,4.38,-0.004548872603817568,2.0000000000000018,4.0000000000000036,0.0,0.004548872603817568
2015-03-04,2098.530029296875,0.66,2.12,4.44,-0.004398161230154572,-2.0000000000000018,0.0,6.00000000000005,0.004398161230154572
2015-03-05,2101.0400390625,0.65,2.11,4.46,0.001195365251036089,-1.0000000000000009,-1.000000000000023,1.9999999999999574,-0.001195365251036089
2015-03-06,2071.260009765625,0.73,2.24,4.42,-0.014275356362467066,7.9999999999999964,13.000000000000034,-4.0000000000000036,0.014275356362467066
2015-03-09,2079.429931640625,0.7,2.2,4.51,0.003936662357975969,-3.0000000000000027,-4.0000000000000036,8.999999999999986,-0.003936662357975969
2015-03-10,2044.160034179688,0.7,2.14,4.66,-0.0171068209371412,0.0,-6.000000000000005,15.000000000000036,0.0171068209371412
2015-03-11,2040.239990234375,0.7,2.11,4.61,-0.0019195206764849894,0.0,-3.000000000000025,-4.999999999999982,0.0019195206764849894
2015-03-12,2065.949951171875,0.67,2.1,4.62,0.012522702206037068,-2.9999999999999916,-0.9999999999999787,0.9999999999999787,-0.012522702206037068
2015-03-13,2053.39990234375,0.68,2.13,4.68,-0.006093237090196838,1.0000000000000009,2.9999999999999805,5.999999999999961,0.006093237090196838
2015-03-16,2081.18994140625,0.66,2.1,4.72,0.013442909023855906,-2.0000000000000018,-2.9999999999999805,4.0000000000000036,-0.013442909023855906
2015-03-17,2074.280029296875,0.7,2.06,4.79,-0.0033256977077820026,3.9999999999999925,-4.0000000000000036,7.000000000000028,0.0033256977077820026
2015-03-18,2099.5,0.57,1.93,4.91,0.012085101501628708,-13.0,-13.00000000000001,12.00000000000001,-0.012085101501628708
2015-03-19,2089.27001953125,0.63,1.98,4.79,-0.004884489126950175,6.000000000000005,5.000000000000004,-12.00000000000001,0.004884489126950175
2015-03-20,2108.10009765625,0.6,1.93,4.81,0.008972382193259682,-3.0000000000000027,-5.000000000000004,1.9999999999999574,-0.008972382193259682
2015-03-23,2104.419921875,0.6,1.92,4.82,-0.0017472566067133015,0.0,-1.0000000000000009,1.0000000000000675,0.0017472566067133015
2015-03-24,2091.5,0.58,1.88,4.81,-0.006158345701590925,-2.0000000000000018,-4.0000000000000036,-1.0000000000000675,0.006158345701590925
2015-03-25,2061.050048828125,0.59,1.93,4.76,-0.014665926527239062,1.0000000000000009,5.000000000000004,-4.999999999999982,0.014665926527239062
2015-03-26,2056.14990234375,0.61,2.01,4.74,-0.0023803307374738966,2.0000000000000018,7.999999999999985,-1.9999999999999574,0.0023803307374738966
2015-03-27,2061.02001953125,0.58,1.95,4.76,0.0023657607295033602,-3.0000000000000027,-5.999999999999983,1.9999999999999574,-0.0023657607295033602
2015-03-30,2086.239990234375,0.58,1.96,4.73,0.012162382647149434,0.0,1.0000000000000009,-2.999999999999936,-0.012162382647149434
2015-03-31,2067.889892578125,0.56,1.94,4.82,-0.008834686217530795,-1.9999999999999907,-2.0000000000000018,8.999999999999986,0.008834686217530795
2015-04-01,2059.68994140625,0.55,1.87,4.86,-0.0039732542018475255,-1.0000000000000009,-6.999999999999984,4.0000000000000036,0.0039732542018475255
2015-04-02,2066.9599609375,0.55,1.92,4.82,0.0035234523037141535,0.0,4.999999999999982,-4.0000000000000036,-0.0035234523037141535
2015-04-06,2080.6201171875,0.51,1.92,4.8,0.006587072647165644,-4.0000000000000036,0.0,-2.000000000000046,-0.006587072647165644
2015-04-07,2076.330078125,0.52,1.89,4.72,-0.002064032708587167,1.0000000000000009,-3.0000000000000027,-8.000000000000007,0.002064032708587167
2015-04-08,2081.89990234375,0.54,1.92,4.67,0.0026789415573472003,2.0000000000000018,3.0000000000000027,-4.999999999999982,-0.0026789415573472003
2015-04-09,2091.179931640625,0.56,1.97,4.62,0.004447575873625805,2.0000000000000018,5.000000000000004,-4.999999999999982,-0.004447575873625805
2015-04-10,2102.06005859375,0.57,1.96,4.6,0.005189376899456221,0.9999999999999898,-1.0000000000000009,-2.000000000000046,-0.005189376899456221
2015-04-13,2092.429931640625,0.54,1.94,4.6,-0.004591806820961145,-2.9999999999999916,-2.0000000000000018,0.0,0.004591806820961145
2015-04-14,2095.840087890625,0.53,1.9,4.62,0.00162843225851382,-1.0000000000000009,-4.0000000000000036,2.000000000000046,-0.00162843225851382
2015-04-15,2106.6298828125,0.51,1.91,4.58,0.005134989044995592,-2.0000000000000018,1.0000000000000009,-4.0000000000000036,-0.005134989044995592
2015-04-16,2104.989990234375,0.5,1.9,4.61,-0.0007787467579851993,-1.0000000000000009,-1.0000000000000009,3.000000000000025,0.0007787467579851993
2015-04-17,2081.179931640625,0.51,1.87,4.66,-0.01137570418905323,1.0000000000000009,-2.9999999999999805,4.999999999999982,0.01137570418905323
2015-04-20,2100.39990234375,0.55,1.9,4.6,0.009192748586536723,4.0000000000000036,2.9999999999999805,-6.00000000000005,-0.009192748586536723
2015-04-21,2097.2900390625,0.55,1.92,4.57,-0.001481702504767951,0.0,2.0000000000000018,-2.999999999999936,0.001481702504767951
2015-04-22,2107.9599609375,0.57,1.99,4.53,0.005074582853386292,1.9999999999999907,7.000000000000006,-4.0000000000000036,-0.005074582853386292
2015-04-23,2112.929931640625,0.55,1.96,4.55,0.0023549408425523675,-1.9999999999999907,-3.0000000000000027,1.9999999999999574,-0.0023549408425523675
2015-04-24,2117.68994140625,0.54,1.93,4.56,0.0022502668247534868,-1.0000000000000009,-3.0000000000000027,0.9999999999999787,-0.0022502668247534868
2015-04-27,2108.919921875,0.54,1.94,4.55,-0.004149913240734652,0.0,1.0000000000000009,-0.9999999999999787,0.004149913240734652
2015-04-28,2114.760009765625,0.56,2.0,4.52,0.0027654044373465075,2.0000000000000018,6.000000000000005,-3.000000000000025,-0.0027654044373465075
2015-04-29,2106.85009765625,0.56,2.06,4.53,-0.003747348127573222,0.0,6.000000000000005,1.0000000000000675,0.003747348127573222
2015-04-30,2085.510009765625,0.58,2.05,4.59,-0.010180553033248205,1.9999999999999907,-1.000000000000023,5.999999999999961,0.010180553033248205
2015-05-01,2108.2900390625,0.6,2.12,4.53,0.010863776563455257,2.0000000000000018,7.000000000000028,-5.999999999999961,-0.010863776563455257
2015-05-04,2114.489990234375,0.6,2.16,4.51,0.0029364331477630206,0.0,4.0000000000000036,-2.000000000000046,-0.0029364331477630206
2015-05-05,2089.4599609375,0.62,2.19,4.48,-0.0119080033585301,2.0000000000000018,2.9999999999999805,-2.999999999999936,0.0119080033585301
2015-05-06,2080.14990234375,0.65,2.25,4.5,-0.004465681140931977,3.0000000000000027,6.000000000000005,1.9999999999999574,0.004465681140931977
2015-05-07,2088.0,0.63,2.18,4.55,0.003766710469475405,-2.0000000000000018,-6.999999999999984,4.999999999999982,-0.003766710469475405
2015-05-08,2116.10009765625,0.59,2.16,4.53,0.013368147987361164,-4.0000000000000036,-2.0000000000000018,-1.9999999999999574,-0.013368147987361164
2015-05-11,2105.330078125,0.62,2.28,4.45,-0.005102556456082039,3.0000000000000027,11.999999999999966,-8.000000000000007,0.005102556456082039
2015-05-12,2099.1201171875,0.61,2.28,4.56,-0.002953996439367266,-1.0000000000000009,0.0,10.999999999999943,0.002953996439367266
2015-05-13,2098.47998046875,0.59,2.27,4.51,-0.0003050012906516677,-2.0000000000000018,-0.9999999999999787,-4.999999999999982,0.0003050012906516677
2015-05-14,2121.10009765625,0.56,2.23,4.52,0.010721604261760033,-2.9999999999999916,-4.0000000000000036,0.9999999999999787,-0.010721604261760033
2015-05-15,2122.72998046875,0.55,2.14,4.55,0.0007681188278664758,-1.0000000000000009,-8.999999999999986,3.000000000000025,-0.0007681188278664758
2015-05-18,2129.199951171875,0.58,2.23,4.49,0.003043312472570502,2.9999999999999916,8.999999999999986,-5.999999999999961,-0.003043312472570502
2015-05-19,2127.830078125,0.63,2.27,4.46,-0.0006435815978420154,5.000000000000004,4.0000000000000036,-3.000000000000025,0.0006435815978420154
2015-05-20,2125.85009765625,0.6,2.26,4.49,-0.0009309494507940488,-3.0000000000000027,-1.000000000000023,3.000000000000025,0.0009309494507940488
2015-05-21,2130.820068359375,0.6,2.19,4.51,0.0023351459087448084,0.0,-6.999999999999984,1.9999999999999574,-0.0023351459087448084
2015-05-22,2126.06005859375,0.64,2.21,4.47,-0.0022363851494835974,4.0000000000000036,2.0000000000000018,-4.0000000000000036,0.0022363851494835974
2015-05-26,2104.199951171875,0.64,2.14,4.51,-0.010335204907502334,0.0,-6.999999999999984,4.0000000000000036,0.010335204907502334
2015-05-27,2123.47998046875,0.64,2.14,4.48,0.009120918929110081,0.0,0.0,-2.999999999999936,-0.009120918929110081
2015-05-28,2120.7900390625,0.62,2.13,4.5,-0.0012675639174870542,-2.0000000000000018,-1.000000000000023,1.9999999999999574,0.0012675639174870542
2015-05-29,2107.389892578125,0.61,2.12,4.52,-0.006338515184097658,-1.0000000000000009,-0.9999999999999787,1.9999999999999574,0.006338515184097658
2015-06-01,2111.72998046875,0.64,2.19,4.52,0.002057343499147661,3.0000000000000027,6.999999999999984,0.0,-0.002057343499147661
2015-06-02,2109.60009765625,0.64,2.27,4.49,-0.0010091051653478204,0.0,8.000000000000007,-2.999999999999936,0.0010091051653478204
2015-06-03,2114.070068359375,0.69,2.38,4.46,0.0021166294697559994,4.999999999999993,10.999999999999988,-3.000000000000025,-0.0021166294697559994
2015-06-04,2095.840087890625,0.66,2.31,4.56,-0.008660562215101069,-2.9999999999999916,-6.999999999999984,9.999999999999964,0.008660562215101069
2015-06-05,2092.830078125,0.73,2.41,4.56,-0.0014372152327325357,6.999999999999995,10.000000000000009,0.0,0.0014372152327325357
2015-06-08,2079.280029296875,0.7,2.39,4.61,-0.006495560338305542,-3.0000000000000027,-2.0000000000000018,5.000000000000071,0.006495560338305542
2015-06-09,2080.14990234375,0.72,2.42,4.66,0.00041826551900276467,2.0000000000000018,2.9999999999999805,4.999999999999982,-0.00041826551900276467
2015-06-10,2105.199951171875,0.75,2.5,4.6,0.011970491752514406,3.0000000000000027,8.000000000000007,-6.00000000000005,-0.011970491752514406
2015-06-11,2108.860107421875,0.73,2.39,4.62,0.0017371167565281324,-2.0000000000000018,-10.999999999999988,2.000000000000046,-0.0017371167565281324
2015-06-12,2094.110107421875,0.74,2.39,4.63,-0.007018874653102703,1.0000000000000009,0.0,0.9999999999999787,0.007018874653102703
2015-06-15,2084.429931640625,0.72,2.36,4.71,-0.004633289621771348,-2.0000000000000018,-3.000000000000025,8.000000000000007,0.004633289621771348
2015-06-16,2096.2900390625,0.71,2.32,4.77,0.005673730515753803,-1.0000000000000009,-4.0000000000000036,5.999999999999961,-0.005673730515753803
2015-06-17,2100.43994140625,0.67,2.32,4.76,0.0019776843950728407,-3.9999999999999925,0.0,-0.9999999999999787,-0.0019776843950728407
2015-06-18,2121.239990234375,0.66,2.35,4.71,0.009854000054008836,-1.0000000000000009,3.000000000000025,-4.999999999999982,-0.009854000054008836
2015-06-19,2109.989990234375,0.65,2.26,4.73,-0.00531761523794962,-1.0000000000000009,-9.00000000000003,2.000000000000046,0.00531761523794962
2015-06-22,2122.85009765625,0.68,2.37,4.62,0.006076367981542122,3.0000000000000027,11.000000000000032,-11.000000000000032,-0.006076367981542122
2015-06-23,2124.199951171875,0.7,2.42,4.62,0.0006356664251933869,1.9999999999999907,4.999999999999982,0.0,-0.0006356664251933869
2015-06-24,2108.580078125,0.68,2.38,4.66,-0.007380465718305258,-1.9999999999999907,-4.0000000000000036,4.0000000000000036,0.007380465718305258
2015-06-25,2102.31005859375,0.68,2.4,4.67,-0.0029780041565964136,0.0,2.0000000000000018,0.9999999999999787,0.0029780041565964136
2015-06-26,2101.489990234375,0.72,2.49,4.65,-0.00039015574492238484,3.9999999999999925,9.00000000000003,-1.9999999999999574,0.00039015574492238484
2015-06-29,2057.639892578125,0.64,2.33,4.91,-0.02108696950861153,-7.9999999999999964,-16.000000000000014,25.99999999999998,0.02108696950861153
2015-06-30,2063.110107421875,0.64,2.35,5.0,0.0026549623524674106,0.0,2.0000000000000018,8.999999999999986,-0.0026549623524674106
2015-07-01,2077.419921875,0.69,2.43,4.88,0.006912096434637041,4.999999999999993,8.000000000000007,-12.00000000000001,-0.006912096434637041
2015-07-02,2076.780029296875,0.64,2.4,4.91,-0.00030807018954653404,-4.999999999999993,-3.000000000000025,3.000000000000025,0.00030807018954653404
2015-07-06,2068.760009765625,0.6,2.3,5.07,-0.003869232698897424,-4.0000000000000036,-10.000000000000009,16.000000000000014,0.003869232698897424
2015-07-07,2081.340087890625,0.58,2.27,5.13,0.006062560593868743,-2.0000000000000018,-2.9999999999999805,5.999999999999961,-0.006062560593868743
2015-07-08,2046.680053710938,0.55,2.22,5.21,-0.01679296491214129,-2.9999999999999916,-4.999999999999982,8.000000000000007,0.01679296491214129
2015-07-09,2051.31005859375,0.6,2.32,5.11,0.002259647644819768,4.999999999999993,9.999999999999964,-9.999999999999964,-0.002259647644819768
2015-07-10,2076.6201171875,0.65,2.42,4.97,0.012262986385007718,5.000000000000004,10.000000000000009,-14.000000000000057,-0.012262986385007718
2015-07-13,2099.60009765625,0.69,2.44,4.93,0.011005268507355188,3.9999999999999925,2.0000000000000018,-4.0000000000000036,-0.011005268507355188
2015-07-14,2108.949951171875,0.66,2.41,4.94,0.00444327323650017,-2.9999999999999916,-2.9999999999999805,1.0000000000000675,-0.00444327323650017
2015-07-15,2107.39990234375,0.64,2.36,4.93,-0.0007352563007372865,-2.0000000000000018,-5.000000000000027,-1.0000000000000675,0.0007352563007372865
2015-07-16,2124.2900390625,0.67,2.36,4.91,0.007982733444475738,3.0000000000000027,0.0,-1.9999999999999574,-0.007982733444475738
2015-07-17,2126.639892578125,0.68,2.34,4.95,0.00110557162445071,1.0000000000000009,-2.0000000000000018,4.0000000000000036,-0.00110557162445071
2015-07-20,2128.280029296875,0.71,2.38,4.96,0.0007709366240016023,2.9999999999999916,4.0000000000000036,0.9999999999999787,-0.0007709366240016023
2015-07-21,2119.2099609375,0.71,2.35,5.06,-0.004270796242723094,0.0,-2.9999999999999805,9.999999999999964,0.004270796242723094
2015-07-22,2114.14990234375,0.75,2.33,5.16,-0.00239056502019028,4.0000000000000036,-2.0000000000000018,10.000000000000053,0.00239056502019028
2015-07-23,2102.14990234375,0.71,2.28,5.21,-0.0056922102113794535,-4.0000000000000036,-5.000000000000027,4.999999999999982,0.0056922102113794535
2015-07-24,2079.64990234375,0.7,2.27,5.32,-0.010761020696661188,-1.0000000000000009,-0.9999999999999787,11.000000000000032,0.010761020696661188
2015-07-27,2067.639892578125,0.68,2.23,5.49,-0.005791755065064178,-1.9999999999999907,-4.0000000000000036,16.999999999999993,0.005791755065064178
2015-07-28,2093.25,0.69,2.26,5.44,0.012310073801889353,0.9999999999999898,2.9999999999999805,-4.999999999999982,-0.012310073801889353
2015-07-29,2108.570068359375,0.7,2.29,5.33,0.007292142927383681,1.0000000000000009,3.000000000000025,-11.000000000000032,-0.007292142927383681
2015-07-30,2108.6298828125,0.72,2.28,5.26,2.836690402236809e-05,2.0000000000000018,-1.000000000000023,-7.000000000000028,-2.836690402236809e-05
2015-07-31,2103.840087890625,0.67,2.2,5.36,-0.002274103801051709,-4.999999999999993,-7.999999999999963,10.000000000000053,0.002274103801051709
2015-08-03,2098.0400390625,0.68,2.16,5.45,-0.0027606939449045503,1.0000000000000009,-4.0000000000000036,8.999999999999986,0.0027606939449045503
2015-08-04,2093.320068359375,0.74,2.23,5.41,-0.0022522391669328678,5.999999999999995,6.999999999999984,-4.0000000000000036,0.0022522391669328678
2015-08-05,2099.840087890625,0.73,2.28,5.29,0.003109838185490679,-1.0000000000000009,4.999999999999982,-12.00000000000001,-0.003109838185490679
2015-08-06,2083.56005859375,0.71,2.23,5.4,-0.007783195922562142,-2.0000000000000018,-4.999999999999982,11.000000000000032,0.007783195922562142
2015-08-07,2077.570068359375,0.73,2.18,5.52,-0.0028790228563377145,2.0000000000000018,-4.999999999999982,11.999999999999922,0.0028790228563377145
2015-08-10,2104.179931640625,0.73,2.24,5.51,0.012726835632025084,0.0,6.000000000000005,-0.9999999999999787,-0.012726835632025084
2015-08-11,2084.070068359375,0.68,2.15,5.67,-0.00960306468018227,-4.999999999999993,-9.00000000000003,16.000000000000014,0.00960306468018227
2015-08-12,2086.050048828125,0.67,2.14,5.79,0.0009496036382146948,-1.0000000000000009,-0.9999999999999787,12.00000000000001,-0.0009496036382146948
2015-08-13,2083.389892578125,0.72,2.19,5.66,-0.0012760258683812036,4.999999999999993,4.999999999999982,-12.99999999999999,0.0012760258683812036
2015-08-14,2091.5400390625,0.73,2.2,5.52,0.0039043322743591373,1.0000000000000009,1.000000000000023,-14.000000000000057,-0.0039043322743591373
2015-08-17,2102.43994140625,0.72,2.16,5.58,0.005197891709402951,-1.0000000000000009,-4.0000000000000036,6.00000000000005,-0.005197891709402951
2015-08-18,2096.919921875,0.74,2.2,5.56,-0.0026289829356331003,2.0000000000000018,4.0000000000000036,-2.000000000000046,0.0026289829356331003
2015-08-19,2079.610107421875,0.67,2.12,5.68,-0.008289136409597112,-6.999999999999995,-8.000000000000007,12.00000000000001,0.008289136409597112
2015-08-20,2035.72998046875,0.69,2.09,5.75,-0.021325960454146156,1.9999999999999907,-3.000000000000025,7.000000000000028,0.021325960454146156
2015-08-21,1970.890014648438,0.64,2.05,5.86,-0.03236924252187794,-4.999999999999993,-4.0000000000000036,11.000000000000032,0.03236924252187794
2015-08-24,1893.2099609375,0.59,2.01,6.14,-0.040211444346519506,-5.000000000000004,-4.0000000000000036,27.999999999999936,0.040211444346519506
2015-08-25,1867.609985351562,0.67,2.12,5.9,-0.013614249742656123,8.000000000000007,11.000000000000032,-23.999999999999932,0.013614249742656123
2015-08-26,1940.510009765625,0.67,2.18,5.91,0.038291299434532064,0.0,6.000000000000005,0.9999999999999787,-0.038291299434532064
2015-08-27,1987.660034179688,0.68,2.18,5.8,0.024007254489690256,1.0000000000000009,0.0,-11.000000000000032,-0.024007254489690256
2015-08-28,1988.869995117188,0.72,2.19,5.72,0.0006085511568762156,3.9999999999999925,0.9999999999999787,-8.000000000000007,-0.0006085511568762156
2015-08-31,1972.180053710938,0.74,2.21,5.7,-0.008427078663984055,2.0000000000000018,2.0000000000000018,-1.9999999999999574,0.008427078663984055
2015-09-01,1913.849975585938,0.7,2.17,5.78,-0.030022649842427997,-4.0000000000000036,-4.0000000000000036,8.000000000000007,0.030022649842427997
2015-09-02,1948.859985351562,0.72,2.2,5.73,0.018127671423213983,2.0000000000000018,3.000000000000025,-4.999999999999982,-0.018127671423213983
2015-09-03,1951.130004882812,0.71,2.18,5.7,0.0011641156994188924,-1.0000000000000009,-2.0000000000000018,-3.000000000000025,-0.0011641156994188924
2015-09-04,1921.219970703125,0.71,2.13,5.74,-0.015448308754276012,0.0,-5.000000000000027,4.0000000000000036,0.015448308754276012
2015-09-08,1969.410034179688,0.74,2.2,5.64,0.024773637197038723,3.0000000000000027,7.000000000000028,-10.000000000000053,-0.024773637197038723
2015-09-09,1942.0400390625,0.75,2.21,5.59,-0.013995035769084941,1.0000000000000009,0.9999999999999787,-4.999999999999982,0.013995035769084941
2015-09-10,1952.2900390625,0.75,2.23,5.58,0.005264075444935658,0.0,2.0000000000000018,-0.9999999999999787,-0.005264075444935658
2015-09-11,1961.050048828125,0.71,2.2,5.62,0.004477006444986281,-4.0000000000000036,-2.9999999999999805,4.0000000000000036,-0.004477006444986281
2015-09-14,1953.030029296875,0.73,2.18,5.62,-0.00409804122304381,2.0000000000000018,-2.0000000000000018,0.0,0.00409804122304381
2015-09-15,1978.089965820312,0.82,2.28,5.54,0.01274968763143214,8.999999999999996,9.999999999999964,-8.000000000000007,-0.01274968763143214
2015-09-16,1995.31005859375,0.82,2.3,5.59,0.00866774071537612,0.0,2.0000000000000018,4.999999999999982,-0.00866774071537612
2015-09-17,1990.199951171875,0.7,2.21,5.71,-0.002564344442560099,-12.0,-8.999999999999986,12.00000000000001,0.002564344442560099
2015-09-18,1958.030029296875,0.69,2.13,5.8,-0.01629623095438354,-1.0000000000000009,-8.000000000000007,8.999999999999986,0.01629623095438354
2015-09-21,1966.969970703125,0.72,2.2,5.77,0.004555392033672697,3.0000000000000027,7.000000000000028,-3.000000000000025,-0.004555392033672697
2015-09-22,1942.739990234375,0.69,2.14,5.98,-0.012394930019378313,-3.0000000000000027,-6.000000000000005,21.000000000000085,0.012394930019378313
2015-09-23,1938.760009765625,0.7,2.16,5.98,-0.002050744229593947,1.0000000000000009,2.0000000000000018,0.0,0.002050744229593947
2015-09-24,1932.239990234375,0.67,2.13,6.14,-0.00336865187130644,-2.9999999999999916,-3.000000000000025,15.999999999999925,0.00336865187130644
2015-09-25,1931.339965820312,0.7,2.17,6.15,-0.0004659018012207716,2.9999999999999916,4.0000000000000036,1.0000000000000675,0.0004659018012207716
2015-09-28,1881.77001953125,0.67,2.1,6.48,-0.026001211162808763,-2.9999999999999916,-6.999999999999984,33.00000000000001,0.026001211162808763
2015-09-29,1884.089965820312,0.64,2.05,6.6,0.0012320939129814913,-3.0000000000000027,-5.000000000000027,11.999999999999922,-0.0012320939129814913
2015-09-30,1920.030029296875,0.64,2.06,6.62,0.018895898603565338,0.0,1.000000000000023,2.000000000000046,-0.018895898603565338
2015-10-01,1923.819946289062,0.64,2.05,6.67,0.001971938678336951,0.0,-1.000000000000023,4.999999999999982,-0.001971938678336951
2015-10-02,1951.359985351562,0.58,1.99,6.83,0.014213793016405511,-6.000000000000005,-5.999999999999983,16.000000000000014,-0.014213793016405511
2015-10-05,1987.050048828125,0.61,2.07,6.62,0.018124593518502374,3.0000000000000027,7.999999999999985,-20.999999999999996,-0.018124593518502374
2015-10-06,1979.920043945312,0.61,2.05,6.52,-0.0035946893441435226,0.0,-2.0000000000000018,-10.000000000000053,0.0035946893441435226
2015-10-07,1995.829956054688,0.65,2.08,6.32,0.0080035198575532,4.0000000000000036,3.000000000000025,-19.99999999999993,-0.0080035198575532
2015-10-08,2013.430053710938,0.65,2.12,6.26,0.008779780144558488,0.0,4.0000000000000036,-6.00000000000005,-0.008779780144558488
2015-10-09,2014.890014648438,0.65,2.12,6.13,0.0007248485605153577,0.0,0.0,-12.99999999999999,-0.0007248485605153577
2015-10-12,2017.4599609375,0.65,2.12,6.13,0.0012746644773326166,0.0,0.0,0.0,-0.0012746644773326166
2015-10-13,2003.68994140625,0.64,2.06,6.24,-0.006848823690127077,-1.0000000000000009,-6.000000000000005,11.000000000000032,0.006848823690127077
2015-10-14,1994.239990234375,0.57,1.99,6.31,-0.0047274309119391435,-7.000000000000006,-7.000000000000006,6.99999999999994,0.0047274309119391435
2015-10-15,2023.859985351562,0.61,2.04,6.26,0.01474355135135487,4.0000000000000036,5.000000000000004,-4.999999999999982,-0.01474355135135487
2015-10-16,2033.109985351562,0.61,2.04,6.18,0.004560061373697022,0.0,0.0,-8.000000000000007,-0.004560061373697022
2015-10-19,2033.660034179688,0.61,2.04,6.16,0.0002705089438735035,0.0,0.0,-1.9999999999999574,-0.0002705089438735035
2015-10-20,2030.77001953125,0.66,2.08,6.06,-0.0014221010558939837,5.000000000000004,4.0000000000000036,-10.000000000000053,0.0014221010558939837
2015-10-21,2018.93994140625,0.64,2.04,6.07,-0.005842448911134253,-2.0000000000000018,-4.0000000000000036,1.0000000000000675,0.005842448911134253
2015-10-22,2052.510009765625,0.61,2.04,6.1,0.016490847012594123,-3.0000000000000027,0.0,2.999999999999936,-0.016490847012594123
2015-10-23,2075.14990234375,0.66,2.09,5.97,0.010969953969042788,5.000000000000004,4.999999999999982,-12.99999999999999,-0.010969953969042788
2015-10-26,2071.179931640625,0.66,2.07,6.0,-0.0019149330011001104,0.0,-2.0000000000000018,3.000000000000025,0.0019149330011001104
2015-10-27,2065.889892578125,0.65,2.05,6.07,-0.00255738586508774,-1.0000000000000009,-2.0000000000000018,7.000000000000028,0.00255738586508774
2015-10-28,2090.35009765625,0.73,2.1,5.97,0.011770488488143476,7.9999999999999964,5.000000000000027,-10.000000000000053,-0.011770488488143476
2015-10-29,2089.409912109375,0.75,2.19,5.89,-0.00044987538066072313,2.0000000000000018,8.999999999999986,-8.000000000000007,0.00044987538066072313
2015-10-30,2079.360107421875,0.75,2.16,5.88,-0.004821481688425431,0.0,-2.9999999999999805,-0.9999999999999787,0.004821481688425431
2015-11-02,2104.050048828125,0.77,2.2,5.84,0.011803876338814608,2.0000000000000018,4.0000000000000036,-4.0000000000000036,-0.011803876338814608
2015-11-03,2109.7900390625,0.8,2.23,5.77,0.0027243529250675206,3.0000000000000027,2.9999999999999805,-7.000000000000028,-0.0027243529250675206
2015-11-04,2102.31005859375,0.84,2.25,5.73,-0.003551666939647187,3.9999999999999925,2.0000000000000018,-3.9999999999999147,0.003551666939647187
2015-11-05,2099.929931640625,0.85,2.26,5.8,-0.0011327897564983025,1.0000000000000009,0.9999999999999787,6.99999999999994,0.0011327897564983025
2015-11-06,2099.199951171875,0.9,2.34,5.82,-0.00034768178002366065,5.000000000000004,8.000000000000007,2.000000000000046,0.00034768178002366065
2015-11-09,2078.580078125,0.89,2.36,5.94,-0.009871290656502512,-1.0000000000000009,2.0000000000000018,12.00000000000001,0.009871290656502512
2015-11-10,2081.719970703125,0.87,2.32,6.02,0.0015094551534496445,-2.0000000000000018,-4.0000000000000036,7.999999999999918,-0.0015094551534496445
2015-11-11,2075.0,0.87,2.32,6.02,-0.003233307321568946,0.0,0.0,0.0,0.003233307321568946
2015-11-12,2045.969970703125,0.89,2.32,6.13,-0.014089163336632673,2.0000000000000018,0.0,11.000000000000032,0.014089163336632673
2015-11-13,2023.0400390625,0.86,2.28,6.24,-0.011270640432155438,-3.0000000000000027,-4.0000000000000036,11.000000000000032,0.011270640432155438
2015-11-16,2053.18994140625,0.88,2.27,6.28,0.014793302794234362,2.0000000000000018,-0.9999999999999787,4.0000000000000036,-0.014793302794234362
2015-11-17,2050.43994140625,0.86,2.25,6.19,-0.0013402770182465746,-2.0000000000000018,-2.0000000000000018,-8.999999999999986,0.0013402770182465746
2015-11-18,2083.580078125,0.9,2.27,6.2,0.016033229877172244,4.0000000000000036,2.0000000000000018,0.9999999999999787,-0.016033229877172244
2015-11-19,2081.239990234375,0.91,2.24,6.28,-0.0011237403289792015,1.0000000000000009,-2.9999999999999805,8.000000000000007,0.0011237403289792015
2015-11-20,2089.169921875,0.93,2.26,6.32,0.0038029552801494165,2.0000000000000018,1.9999999999999574,4.0000000000000036,-0.0038029552801494165
2015-11-23,2086.590087890625,0.94,2.25,6.35,-0.0012356238416840882,0.9999999999999898,-0.9999999999999787,2.999999999999936,0.0012356238416840882
2015-11-24,2089.139892578125,0.93,2.24,6.41,0.0012212499449607925,-0.9999999999999898,-0.9999999999999787,6.00000000000005,-0.0012212499449607925
2015-11-25,2088.8701171875,0.93,2.23,6.37,-0.00012914061496715576,0.0,-1.000000000000023,-4.0000000000000036,0.00012914061496715576
2015-11-27,2090.110107421875,0.92,2.22,6.38,0.0005934415594808398,-1.0000000000000009,-0.9999999999999787,0.9999999999999787,-0.0005934415594808398
2015-11-30,2080.409912109375,0.94,2.21,6.4,-0.004651800139618441,1.9999999999999907,-1.000000000000023,2.000000000000046,0.004651800139618441
2015-12-01,2102.6298828125,0.91,2.15,6.4,0.01062393894673922,-2.9999999999999916,-6.000000000000005,0.0,-0.01062393894673922
2015-12-02,2079.510009765625,0.94,2.18,6.34,-0.011056592639448921,2.9999999999999916,3.000000000000025,-6.00000000000005,0.011056592639448921
2015-12-03,2049.6201171875,0.96,2.33,6.32,-0.014477826444150087,2.0000000000000018,14.999999999999991,-1.9999999999999574,0.014477826444150087
2015-12-04,2091.68994140625,0.96,2.28,6.37,0.02031785636385123,0.0,-5.000000000000027,4.999999999999982,-0.02031785636385123
2015-12-07,2077.070068359375,0.94,2.23,6.51,-0.007014043960397749,-2.0000000000000018,-4.999999999999982,13.999999999999968,0.007014043960397749
2015-12-08,2063.590087890625,0.94,2.24,6.65,-0.006511052625594547,0.0,1.000000000000023,14.000000000000057,0.006511052625594547
2015-12-09,2047.619995117188,0.93,2.22,6.72,-0.007769086365692502,-0.9999999999999898,-2.0000000000000018,6.99999999999994,0.007769086365692502
2015-12-10,2052.22998046875,0.95,2.24,6.71,0.002248856578594456,1.9999999999999907,2.0000000000000018,-0.9999999999999787,-0.002248856578594456
2015-12-11,2012.369995117188,0.88,2.13,7.1,-0.019613867755815095,-6.999999999999995,-11.000000000000032,38.99999999999997,0.019613867755815095
2015-12-14,2021.93994140625,0.97,2.23,7.33,0.004744288064067803,8.999999999999996,10.000000000000009,23.000000000000043,-0.004744288064067803
2015-12-15,2043.410034179688,0.98,2.28,7.09,0.010562580105914605,1.0000000000000009,4.999999999999982,-24.00000000000002,-0.010562580105914605
2015-12-16,2073.070068359375,1.02,2.3,6.98,0.014410635650771265,4.0000000000000036,2.0000000000000018,-10.999999999999943,-0.014410635650771265
2015-12-17,2041.890014648438,1.0,2.24,7.01,-0.015154776635876088,-2.0000000000000018,-5.999999999999961,2.999999999999936,0.015154776635876088
2015-12-18,2005.550048828125,0.97,2.19,7.2,-0.017957495007107162,-3.0000000000000027,-5.000000000000027,19.00000000000004,0.017957495007107162
2015-12-21,2021.150024414062,0.96,2.2,7.25,0.0077483067271559795,-1.0000000000000009,1.000000000000023,4.999999999999982,-0.0077483067271559795
2015-12-22,2038.969970703125,0.99,2.24,7.15,0.00877809559156911,3.0000000000000027,4.0000000000000036,-9.999999999999964,-0.00877809559156911
2015-12-23,2064.2900390625,1.01,2.27,7.05,0.012341596527553888,2.0000000000000018,2.9999999999999805,-10.000000000000053,-0.012341596527553888
2015-12-24,2060.989990234375,1.03,2.25,7.05,-0.0015999154038633197,2.0000000000000018,-2.0000000000000018,0.0,0.0015999154038633197
2015-12-28,2056.5,1.05,2.24,7.07,-0.002180936456306017,2.0000000000000018,-0.9999999999999787,2.000000000000046,0.002180936456306017
2015-12-29,2078.360107421875,1.09,2.32,6.96,0.010573664173022947,4.0000000000000036,7.999999999999963,-11.000000000000032,-0.010573664173022947
2015-12-30,2063.360107421875,1.08,2.31,6.95,-0.007243398783778549,-1.0000000000000009,-0.9999999999999787,-0.9999999999999787,0.007243398783778549
2015-12-31,2043.93994140625,1.06,2.27,6.95,-0.009456485041467845,-2.0000000000000018,-4.0000000000000036,0.0,0.009456485041467845
2016-01-04,2012.660034179688,1.02,2.24,7.1,-0.015422041797805703,-4.0000000000000036,-2.9999999999999805,14.999999999999947,0.015422041797805703
2016-01-05,2016.7099609375,1.04,2.25,7.03,0.002010204139359718,2.0000000000000018,0.9999999999999787,-6.99999999999994,-0.002010204139359718
2016-01-06,1990.260009765625,0.99,2.18,7.11,-0.01320216300262602,-5.000000000000004,-6.999999999999984,8.000000000000007,0.01320216300262602
2016-01-07,1943.089965820312,0.96,2.16,7.24,-0.023985816519345005,-3.0000000000000027,-2.0000000000000018,12.99999999999999,0.023985816519345005
2016-01-08,1922.030029296875,0.94,2.13,7.23,-0.010897537445847682,-2.0000000000000018,-3.000000000000025,-0.9999999999999787,0.010897537445847682
2016-01-11,1923.670043945312,0.94,2.17,7.31,0.000852908295822451,0.0,4.0000000000000036,7.999999999999918,-0.000852908295822451
2016-01-12,1938.680053710938,0.93,2.12,7.38,0.0077725141177753,-0.9999999999999898,-4.999999999999982,7.000000000000028,-0.0077725141177753
2016-01-13,1890.280029296875,0.91,2.08,7.5,-0.025282375077909366,-2.0000000000000018,-4.0000000000000036,12.00000000000001,0.025282375077909366
2016-01-14,1921.839965820312,0.9,2.1,7.57,0.01655806093438354,-1.0000000000000009,2.0000000000000018,7.000000000000028,-0.01655806093438354
2016-01-15,1880.329956054688,0.85,2.03,7.89,-0.02183577269816192,-5.000000000000004,-7.000000000000028,31.99999999999994,0.02183577269816192
2016-01-19,1881.329956054688,0.88,2.06,7.88,0.0005316801874288286,3.0000000000000027,3.000000000000025,-0.9999999999999787,-0.0005316801874288286
2016-01-20,1859.329956054688,0.85,2.01,8.27,-0.011762766025898373,-3.0000000000000027,-5.000000000000027,38.99999999999997,0.011762766025898373
2016-01-21,1868.989990234375,0.84,2.02,8.13,0.0051819886359478415,-1.0000000000000009,1.000000000000023,-13.99999999999988,-0.0051819886359478415
2016-01-22,1906.900024414062,0.88,2.07,7.87,0.02008072688221325,4.0000000000000036,4.999999999999982,-26.000000000000068,-0.02008072688221325
2016-01-25,1877.079956054688,0.88,2.03,7.85,-0.015761545172821016,0.0,-4.0000000000000036,-2.000000000000046,0.015761545172821016
2016-01-26,1903.630004882812,0.85,2.01,7.83,0.01404523783036747,-3.0000000000000027,-2.0000000000000018,-1.9999999999999574,-0.01404523783036747
2016-01-27,1882.949951171875,0.84,2.02,7.78,-0.010922922300528088,-1.0000000000000009,1.000000000000023,-4.999999999999982,0.010922922300528088
2016-01-28,1893.359985351562,0.83,2.0,7.75,0.005513350717591082,-1.0000000000000009,-2.0000000000000018,-3.000000000000025,-0.005513350717591082
2016-01-29,1940.239990234375,0.76,1.94,7.74,0.024458650994556866,-6.999999999999995,-6.000000000000005,-0.9999999999999787,-0.024458650994556866
2016-02-01,1939.380004882812,0.81,1.97,7.79,-0.0004433348455420275,5.000000000000004,3.0000000000000027,4.999999999999982,0.0004433348455420275
2016-02-02,1903.030029296875,0.75,1.87,7.98,-0.018920968718231203,-6.000000000000005,-9.999999999999986,19.00000000000004,0.018920968718231203
2016-02-03,1912.530029296875,0.72,1.88,8.03,0.0049796200215740235,-3.0000000000000027,0.9999999999999787,4.999999999999893,-0.0049796200215740235
2016-02-04,1915.449951171875,0.7,1.87,8.03,0.0015255682925234377,-2.0000000000000018,-0.9999999999999787,0.0,-0.0015255682925234377
2016-02-05,1880.050048828125,0.74,1.86,8.1,-0.018654158276351848,4.0000000000000036,-1.0000000000000009,7.000000000000028,0.018654158276351848
2016-02-08,1853.43994140625,0.66,1.75,8.51,-0.014255057923057347,-7.9999999999999964,-11.00000000000001,41.000000000000014,0.014255057923057347
2016-02-09,1852.2099609375,0.69,1.74,8.62,-0.0006638406467602255,2.9999999999999916,-1.0000000000000009,10.999999999999943,0.0006638406467602255
2016-02-10,1851.859985351562,0.71,1.71,8.53,-0.00018896813076113854,2.0000000000000018,-3.0000000000000027,-8.999999999999986,0.00018896813076113854
2016-02-11,1829.079956054688,0.64,1.63,8.87,-0.012377447329255767,-6.999999999999995,-8.000000000000007,33.999999999999986,0.012377447329255767
2016-02-12,1864.780029296875,0.71,1.74,8.64,0.01933001520704573,6.999999999999995,11.00000000000001,-22.999999999999865,-0.01933001520704573
2016-02-16,1895.579956054688,0.74,1.78,8.45,0.016381737741685134,3.0000000000000027,4.0000000000000036,-19.000000000000128,-0.016381737741685134
2016-02-17,1926.819946289062,0.74,1.81,8.21,0.0163461106256409,0.0,3.0000000000000027,-23.999999999999844,-0.0163461106256409
2016-02-18,1917.829956054688,0.71,1.75,8.17,-0.004676632123934148,-3.0000000000000027,-6.000000000000005,-4.000000000000092,0.004676632123934148
2016-02-19,1917.780029296875,0.76,1.76,8.23,-2.6033281802064952e-05,5.000000000000004,1.0000000000000009,6.00000000000005,2.6033281802064952e-05
2016-02-22,1945.5,0.78,1.77,8.09,0.014350731099076084,2.0000000000000018,1.0000000000000009,-14.000000000000057,-0.014350731099076084
2016-02-23,1921.27001953125,0.76,1.74,8.1,-0.01253257757078849,-2.0000000000000018,-3.0000000000000027,0.9999999999999787,0.01253257757078849
2016-02-24,1929.800048828125,0.75,1.75,8.17,0.0044299600346319485,-1.0000000000000009,1.0000000000000009,7.000000000000028,-0.0044299600346319485
2016-02-25,1951.699951171875,0.72,1.71,8.08,0.011284366730450844,-3.0000000000000027,-4.0000000000000036,-8.999999999999986,-0.011284366730450844
2016-02-26,1948.050048828125,0.8,1.76,7.8,-0.0018718653295646535,8.000000000000007,5.000000000000004,-28.000000000000025,0.0018718653295646535
2016-02-29,1932.22998046875,0.78,1.74,7.75,-0.008154131091571704,-2.0000000000000018,-2.0000000000000018,-4.999999999999982,0.008154131091571704
2016-03-01,1978.349975585938,0.85,1.83,7.46,0.02358838540161916,6.999999999999995,9.000000000000007,-29.000000000000004,-0.02358838540161916
2016-03-02,1986.449951171875,0.85,1.84,7.31,0.004085949861101479,0.0,1.0000000000000009,-15.000000000000036,-0.004085949861101479
2016-03-03,1993.400024414062,0.85,1.83,7.28,0.003492634320316716,0.0,-1.0000000000000009,-2.999999999999936,-0.003492634320316716
2016-03-04,1999.989990234375,0.88,1.88,7.08,0.00330043986594192,3.0000000000000027,4.999999999999982,-20.000000000000018,-0.00330043986594192
2016-03-07,2001.760009765625,0.91,1.91,7.03,0.0008846228008639487,3.0000000000000027,3.0000000000000027,-4.999999999999982,-0.0008846228008639487
2016-03-08,1979.260009765625,0.88,1.83,7.14,-0.011303756056006186,-3.0000000000000027,-7.999999999999985,10.999999999999943,0.011303756056006186
2016-03-09,1989.260009765625,0.9,1.9,7.15,0.00503967278281425,2.0000000000000018,6.999999999999984,1.0000000000000675,-0.00503967278281425
2016-03-10,1989.569946289062,0.93,1.93,7.04,0.00015579279712240495,3.0000000000000027,3.0000000000000027,-11.000000000000032,-0.00015579279712240495
2016-03-11,2022.18994140625,0.97,1.98,6.82,0.016262545588851707,3.9999999999999925,5.000000000000004,-21.999999999999975,-0.016262545588851707
2016-03-14,2019.640014648438,0.97,1.97,6.74,-0.0012617686166115243,0.0,-1.0000000000000009,-8.000000000000007,0.0012617686166115243
2016-03-15,2015.930053710938,0.98,1.97,6.84,-0.0018386309343179589,1.0000000000000009,0.0,9.999999999999964,0.0018386309343179589
2016-03-16,2027.219970703125,0.87,1.94,6.94,0.005584727881779476,-10.999999999999998,-3.0000000000000027,10.000000000000053,-0.005584727881779476
2016-03-17,2040.589965820312,0.87,1.91,6.82,0.006573583068596103,0.0,-3.0000000000000027,-12.00000000000001,-0.006573583068596103
2016-03-18,2049.580078125,0.84,1.88,6.71,0.004395967251026399,-3.0000000000000027,-3.0000000000000027,-11.000000000000032,-0.004395967251026399
2016-03-21,2051.60009765625,0.87,1.92,6.65,0.0009850919042923014,3.0000000000000027,4.0000000000000036,-5.999999999999961,-0.0009850919042923014
2016-03-22,2049.800048828125,0.91,1.94,6.69,-0.0008777728967722512,4.0000000000000036,2.0000000000000018,4.0000000000000036,0.0008777728967722512
2016-03-23,2036.7099609375,0.87,1.88,6.79,-0.00640650953066712,-4.0000000000000036,-6.000000000000005,9.999999999999964,0.00640650953066712
2016-03-24,2035.93994140625,0.89,1.91,6.93,-0.0003781417793768198,2.0000000000000018,3.0000000000000027,13.999999999999968,0.0003781417793768198
2016-03-28,2037.050048828125,0.89,1.89,6.99,0.000545106888072358,0.0,-2.0000000000000018,6.00000000000005,-0.000545106888072358
2016-03-29,2055.010009765625,0.78,1.81,7.14,0.00877801205423741,-10.999999999999998,-7.999999999999985,14.999999999999947,-0.00877801205423741
2016-03-30,2063.949951171875,0.76,1.83,7.03,0.0043408799935662195,-2.0000000000000018,2.0000000000000018,-10.999999999999943,-0.0043408799935662195
2016-03-31,2059.739990234375,0.73,1.78,7.05,-0.0020418423596207116,-3.0000000000000027,-5.000000000000004,1.9999999999999574,0.0020418423596207116
2016-04-01,2072.780029296875,0.76,1.79,7.05,0.006310959066599757,3.0000000000000027,1.0000000000000009,0.0,-0.006310959066599757
2016-04-04,2066.1298828125,0.75,1.78,7.03,-0.003213480045854618,-1.0000000000000009,-1.0000000000000009,-1.9999999999999574,0.003213480045854618
2016-04-05,2045.170043945312,0.72,1.73,7.13,-0.010196298411794754,-3.0000000000000027,-5.000000000000004,9.999999999999964,0.010196298411794754
2016-04-06,2066.659912109375,0.73,1.76,7.04,0.010452797932013378,1.0000000000000009,3.0000000000000027,-8.999999999999986,-0.010452797932013378
2016-04-07,2041.910034179688,0.7,1.7,7.11,-0.01204807397000464,-3.0000000000000027,-6.000000000000005,7.000000000000028,0.01204807397000464
2016-04-08,2047.599975585938,0.7,1.72,7.03,0.002782702604616504,0.0,2.0000000000000018,-8.000000000000007,-0.002782702604616504
2016-04-11,2041.989990234375,0.7,1.73,7.0,-0.0027435458896041677,0.0,1.0000000000000009,-3.000000000000025,0.0027435458896041677
2016-04-12,2061.719970703125,0.74,1.79,6.87,0.009615753881389974,4.0000000000000036,6.000000000000005,-12.99999999999999,-0.009615753881389974
2016-04-13,2082.419921875,0.75,1.77,6.71,0.009990069768557895,1.0000000000000009,-2.0000000000000018,-16.000000000000014,-0.009990069768557895
2016-04-14,2082.780029296875,0.77,1.8,6.6,0.00017291243013242585,2.0000000000000018,3.0000000000000027,-11.000000000000032,-0.00017291243013242585
2016-04-15,2080.72998046875,0.74,1.76,6.62,-0.000984769576145959,-3.0000000000000027,-4.0000000000000036,2.000000000000046,0.000984769576145959
2016-04-18,2094.340087890625,0.75,1.78,6.62,0.006519725613797989,1.0000000000000009,2.0000000000000018,0.0,-0.006519725613797989
2016-04-19,2100.800048828125,0.77,1.79,6.46,0.0030797379028665328,2.0000000000000018,1.0000000000000009,-16.000000000000014,-0.0030797379028665328
2016-04-20,2102.39990234375,0.8,1.85,6.31,0.0007612550492345003,3.0000000000000027,6.000000000000005,-15.000000000000036,-0.0007612550492345003
2016-04-21,2091.47998046875,0.82,1.88,6.29,-0.005207562857292034,1.9999999999999907,2.9999999999999805,-1.9999999999999574,0.005207562857292034
2016-04-22,2091.580078125,0.84,1.89,6.29,4.785857954074228e-05,2.0000000000000018,1.0000000000000009,0.0,-4.785857954074228e-05
2016-04-25,2087.7900390625,0.85,1.91,6.32,-0.0018136896207629953,1.0000000000000009,2.0000000000000018,3.000000000000025,0.0018136896207629953
2016-04-26,2091.699951171875,0.86,1.94,6.26,0.0018710001742369307,1.0000000000000009,3.0000000000000027,-6.00000000000005,-0.0018710001742369307
2016-04-27,2095.14990234375,0.83,1.87,6.25,0.0016479941117468401,-3.0000000000000027,-6.999999999999984,-0.9999999999999787,-0.0016479941117468401
2016-04-28,2075.81005859375,0.78,1.84,6.19,-0.00927363606156167,-4.999999999999993,-3.0000000000000027,-5.999999999999961,0.00927363606156167
2016-04-29,2065.300048828125,0.77,1.83,6.24,-0.005075949230557177,-1.0000000000000009,-1.0000000000000009,4.999999999999982,0.005075949230557177
2016-05-02,2081.429931640625,0.8,1.88,6.16,0.007779606697244105,3.0000000000000027,4.999999999999982,-8.000000000000007,-0.007779606697244105
2016-05-03,2063.3701171875,0.75,1.81,6.31,-0.008714499388395887,-5.000000000000004,-6.999999999999984,14.999999999999947,0.008714499388395887
2016-05-04,2051.1201171875,0.75,1.79,6.39,-0.00595458270547255,0.0,-2.0000000000000018,8.000000000000007,0.00595458270547255
2016-05-05,2050.6298828125,0.72,1.76,6.42,-0.00023903669279415213,-3.0000000000000027,-3.0000000000000027,3.000000000000025,0.00023903669279415213
2016-05-06,2057.139892578125,0.74,1.79,6.48,0.0031696105535526063,2.0000000000000018,3.0000000000000027,6.00000000000005,-0.0031696105535526063
2016-05-09,2058.68994140625,0.72,1.77,6.53,0.0007532133076099479,-2.0000000000000018,-2.0000000000000018,4.999999999999982,-0.0007532133076099479
2016-05-10,2084.389892578125,0.72,1.77,6.46,0.012406365236037333,0.0,0.0,-7.000000000000028,-0.012406365236037333
2016-05-11,2064.4599609375,0.74,1.73,6.4,-0.009607522877868724,2.0000000000000018,-4.0000000000000036,-5.999999999999961,0.009607522877868724
2016-05-12,2064.110107421875,0.76,1.75,6.36,-0.00016947926796424465,2.0000000000000018,2.0000000000000018,-4.0000000000000036,0.00016947926796424465
2016-05-13,2046.609985351562,0.76,1.71,6.41,-0.008514434161752708,0.0,-4.0000000000000036,4.999999999999982,0.008514434161752708
2016-05-16,2066.659912109375,0.79,1.75,6.3,0.009748976389612987,3.0000000000000027,4.0000000000000036,-11.000000000000032,-0.009748976389612987
2016-05-17,2047.2099609375,0.82,1.76,6.26,-0.009455863552162807,2.9999999999999916,1.0000000000000009,-4.0000000000000036,0.009455863552162807
2016-05-18,2047.630004882812,0.9,1.87,6.16,0.00020515768640105736,8.000000000000007,11.00000000000001,-9.999999999999964,-0.00020515768640105736
2016-05-19,2040.0400390625,0.89,1.85,6.29,-0.003713594522720402,-1.0000000000000009,-2.0000000000000018,12.99999999999999,0.003713594522720402
2016-05-20,2052.320068359375,0.89,1.85,6.22,0.006001459222804671,0.0,0.0,-7.000000000000028,-0.006001459222804671
2016-05-23,2048.0400390625,0.91,1.84,6.21,-0.0020876365681016884,2.0000000000000018,-1.0000000000000009,-0.9999999999999787,0.0020876365681016884
2016-05-24,2076.06005859375,0.92,1.86,6.13,0.013588637533990108,1.0000000000000009,2.0000000000000018,-8.000000000000007,-0.013588637533990108
2016-05-25,2090.5400390625,0.92,1.87,6.04,0.006950529651583447,0.0,1.0000000000000009,-8.999999999999986,-0.006950529651583447
2016-05-26,2090.10009765625,0.87,1.83,6.08,-0.0002104660499285901,-5.000000000000004,-4.0000000000000036,4.0000000000000036,0.0002104660499285901
2016-05-27,2099.06005859375,0.9,1.85,6.08,0.004277694939439437,3.0000000000000027,2.0000000000000018,0.0,-0.004277694939439437
2016-05-31,2096.949951171875,0.87,1.84,5.97,-0.0010057686205899895,-3.0000000000000027,-1.0000000000000009,-11.000000000000032,0.0010057686205899895
2016-06-01,2099.330078125,0.91,1.85,6.01,0.001134398653926189,4.0000000000000036,1.0000000000000009,4.0000000000000036,-0.001134398653926189
2016-06-02,2105.260009765625,0.89,1.81,6.0,0.002820696166986195,-2.0000000000000018,-4.0000000000000036,-0.9999999999999787,-0.002820696166986195
2016-06-03,2099.1298828125,0.78,1.71,6.09,-0.002916062236694851,-10.999999999999998,-10.000000000000009,8.999999999999986,0.002916062236694851
2016-06-06,2109.409912109375,0.8,1.73,6.0,0.004885328519363624,2.0000000000000018,2.0000000000000018,-8.999999999999986,-0.004885328519363624
2016-06-07,2112.1298828125,0.78,1.72,5.92,0.001288615629197613,-2.0000000000000018,-1.0000000000000009,-8.000000000000007,-0.001288615629197613
2016-06-08,2119.1201171875,0.78,1.71,5.82,0.0033041019719547236,0.0,-1.0000000000000009,-9.999999999999964,-0.0033041019719547236
2016-06-09,2115.47998046875,0.77,1.68,5.86,-0.0017192355978938075,-1.0000000000000009,-3.0000000000000027,4.0000000000000036,0.0017192355978938075
2016-06-10,2096.070068359375,0.73,1.64,5.98,-0.009217532410166119,-4.0000000000000036,-4.0000000000000036,12.00000000000001,0.009217532410166119
2016-06-13,2079.06005859375,0.73,1.62,6.07,-0.008148298789709478,0.0,-1.9999999999999796,8.999999999999986,0.008148298789709478
2016-06-14,2075.320068359375,0.74,1.62,6.19,-0.0018005050719719037,1.0000000000000009,0.0,12.00000000000001,0.0018005050719719037
2016-06-15,2071.5,0.69,1.6,6.18,-0.0018424090638101951,-5.000000000000004,-2.0000000000000018,-1.0000000000000675,0.0018424090638101951
2016-06-16,2077.989990234375,0.7,1.57,6.32,0.0031280931110455722,1.0000000000000009,-3.0000000000000027,14.000000000000057,-0.0031280931110455722
2016-06-17,2071.219970703125,0.7,1.62,6.21,-0.003263284144608922,0.0,5.000000000000004,-11.000000000000032,0.003263284144608922
2016-06-20,2083.25,0.74,1.67,6.0,0.0057913827784231015,4.0000000000000036,4.999999999999982,-20.999999999999996,-0.0057913827784231015
2016-06-21,2088.89990234375,0.76,1.71,6.0,0.002708390604209703,2.0000000000000018,4.0000000000000036,0.0,-0.002708390604209703
2016-06-22,2085.449951171875,0.75,1.69,5.96,-0.00165292899657585,-1.0000000000000009,-2.0000000000000018,-4.0000000000000036,0.00165292899657585
2016-06-23,2113.320068359375,0.78,1.74,5.83,0.013275567071955107,3.0000000000000027,5.000000000000004,-12.99999999999999,-0.013275567071955107
2016-06-24,2037.410034179688,0.64,1.57,6.33,-0.0365807928055824,-14.000000000000002,-16.999999999999993,50.0,0.0365807928055824
2016-06-27,2000.5400390625,0.61,1.46,6.57,-0.01826224651170298,-3.0000000000000027,-11.00000000000001,24.00000000000002,0.01826224651170298
2016-06-28,2036.089965820312,0.61,1.46,6.48,0.01761412160408748,0.0,0.0,-8.999999999999986,-0.01761412160408748
2016-06-29,2070.77001953125,0.62,1.5,6.26,0.016889242971254135,1.0000000000000009,4.0000000000000036,-22.000000000000064,-0.016889242971254135
2016-06-30,2098.860107421875,0.58,1.49,6.21,0.013473863149466128,-4.0000000000000036,-1.0000000000000009,-4.999999999999982,-0.013473863149466128
2016-07-01,2102.949951171875,0.59,1.46,6.12,0.0019467062930320223,1.0000000000000009,-3.0000000000000027,-8.999999999999986,-0.0019467062930320223
2016-07-05,2088.550048828125,0.56,1.37,6.16,-0.006871028985598719,-2.9999999999999916,-8.999999999999986,4.0000000000000036,0.006871028985598719
2016-07-06,2099.72998046875,0.58,1.38,6.14,0.0053386870582759595,1.9999999999999907,0.9999999999999787,-2.000000000000046,-0.0053386870582759595
2016-07-07,2097.89990234375,0.58,1.4,6.02,-0.0008719578867330009,0.0,2.0000000000000018,-12.00000000000001,0.0008719578867330009
2016-07-08,2129.89990234375,0.61,1.37,5.88,0.0151381865659924,3.0000000000000027,-2.9999999999999805,-13.999999999999968,-0.0151381865659924
2016-07-11,2137.159912109375,0.66,1.43,5.66,0.0034028193119982385,5.000000000000004,5.999999999999983,-21.999999999999975,-0.0034028193119982385
2016-07-12,2152.139892578125,0.69,1.53,5.46,0.006984842307345719,2.9999999999999916,10.000000000000009,-20.000000000000018,-0.006984842307345719
2016-07-13,2152.429931640625,0.68,1.48,5.58,0.00013475867498170382,-0.9999999999999898,-5.000000000000004,12.00000000000001,-0.00013475867498170382
2016-07-14,2163.75,0.68,1.53,5.44,0.005245422801696999,0.0,5.000000000000004,-13.999999999999968,-0.005245422801696999
2016-07-15,2161.739990234375,0.71,1.6,5.42,-0.0009293790598711438,2.9999999999999916,7.000000000000006,-2.000000000000046,0.0009293790598711438
2016-07-18,2166.889892578125,0.68,1.59,5.44,0.0023794618218687365,-2.9999999999999916,-1.0000000000000009,2.000000000000046,-0.0023794618218687365
2016-07-19,2163.780029296875,0.7,1.56,5.45,-0.0014362045004153862,1.9999999999999907,-3.0000000000000027,0.9999999999999787,0.0014362045004153862
2016-07-20,2173.02001953125,0.73,1.59,5.4,0.004261208315763991,3.0000000000000027,3.0000000000000027,-4.999999999999982,-0.004261208315763991
2016-07-21,2165.169921875,0.7,1.57,5.41,-0.003619069856524976,-3.0000000000000027,-2.0000000000000018,0.9999999999999787,0.003619069856524976
2016-07-22,2175.030029296875,0.71,1.57,5.39,0.004543626789510244,1.0000000000000009,0.0,-2.000000000000046,-0.004543626789510244
2016-07-25,2168.47998046875,0.72,1.58,5.39,-0.0030160187399297005,1.0000000000000009,1.0000000000000009,0.0,0.0030160187399297005
2016-07-26,2169.179931640625,0.75,1.57,5.45,0.0003227321607194127,3.0000000000000027,-1.0000000000000009,6.00000000000005,-0.0003227321607194127
2016-07-27,2166.580078125,0.73,1.52,5.51,-0.001199260946808637,-2.0000000000000018,-5.000000000000004,5.999999999999961,0.001199260946808637
2016-07-28,2170.06005859375,0.72,1.52,5.54,0.001604920448092453,-1.0000000000000009,0.0,3.000000000000025,-0.001604920448092453
2016-07-29,2173.60009765625,0.67,1.46,5.61,0.0016299801176578648,-4.999999999999993,-6.000000000000005,7.000000000000028,-0.0016299801176578648
2016-08-01,2170.840087890625,0.67,1.51,5.69,-0.0012705941474910585,0.0,5.000000000000004,8.000000000000007,0.0012705941474910585
2016-08-02,2157.030029296875,0.67,1.55,5.73,-0.006381940812667669,0.0,4.0000000000000036,4.0000000000000036,0.006381940812667669
2016-08-03,2163.7900390625,0.67,1.55,5.72,0.0031290427160710972,0.0,0.0,-1.0000000000000675,-0.0031290427160710972
2016-08-04,2164.25,0.64,1.51,5.65,0.00021254929948908707,-3.0000000000000027,-4.0000000000000036,-6.99999999999994,-0.00021254929948908707
2016-08-05,2182.8701171875,0.72,1.59,5.46,0.00856669728938006,7.9999999999999964,8.000000000000007,-19.00000000000004,-0.00856669728938006
2016-08-08,2180.889892578125,0.74,1.59,5.42,-0.0009075772915415996,2.0000000000000018,0.0,-4.0000000000000036,0.0009075772915415996
2016-08-09,2181.739990234375,0.71,1.55,5.36,0.00038971798655598234,-3.0000000000000027,-4.0000000000000036,-5.999999999999961,-0.00038971798655598234
2016-08-10,2175.489990234375,0.69,1.5,5.38,-0.0028687970634882847,-2.0000000000000018,-5.000000000000004,1.9999999999999574,0.0028687970634882847
2016-08-11,2185.7900390625,0.76,1.57,5.31,0.004723415102443644,7.000000000000006,7.000000000000006,-7.000000000000028,-0.004723415102443644
2016-08-12,2184.050048828125,0.71,1.51,5.34,-0.0007963633869140575,-5.000000000000004,-6.000000000000005,3.000000000000025,0.0007963633869140575
2016-08-15,2190.14990234375,0.72,1.55,5.23,0.002789016294521772,1.0000000000000009,4.0000000000000036,-10.999999999999943,-0.002789016294521772
2016-08-16,2178.14990234375,0.76,1.57,5.17,-0.0054941422164782264,4.0000000000000036,2.0000000000000018,-6.00000000000005,0.0054941422164782264
2016-08-17,2182.219970703125,0.74,1.56,5.19,0.0018668460061555662,-2.0000000000000018,-1.0000000000000009,2.000000000000046,-0.0018668460061555662
2016-08-18,2187.02001953125,0.71,1.53,5.2,0.002197201696382422,-3.0000000000000027,-3.0000000000000027,0.9999999999999787,-0.002197201696382422
2016-08-19,2183.8701171875,0.76,1.58,5.15,-0.0014413095687681864,5.000000000000004,5.000000000000004,-4.999999999999982,0.0014413095687681864
2016-08-22,2182.639892578125,0.76,1.55,5.18,-0.0005634818833231075,0.0,-3.0000000000000027,2.999999999999936,0.0005634818833231075
2016-08-23,2186.89990234375,0.74,1.55,5.14,0.001949867178361733,-2.0000000000000018,0.0,-4.0000000000000036,-0.001949867178361733
2016-08-24,2175.43994140625,0.76,1.56,5.13,-0.005254055259671874,2.0000000000000018,1.0000000000000009,-0.9999999999999787,0.005254055259671874
2016-08-25,2172.469970703125,0.78,1.58,5.14,-0.001366160396645455,2.0000000000000018,2.0000000000000018,0.9999999999999787,0.001366160396645455
2016-08-26,2169.0400390625,0.84,1.62,5.04,-0.001580064238713279,5.999999999999995,4.0000000000000036,-9.999999999999964,0.001580064238713279
2016-08-29,2180.3798828125,0.81,1.57,5.1,0.005214428428674345,-2.9999999999999916,-5.000000000000004,5.999999999999961,-0.005214428428674345
2016-08-30,2176.1201171875,0.8,1.57,5.07,-0.001955591407122778,-1.0000000000000009,0.0,-2.999999999999936,0.001955591407122778
2016-08-31,2170.949951171875,0.8,1.58,5.1,-0.0023786911055626065,0.0,1.0000000000000009,2.999999999999936,0.0023786911055626065
2016-09-01,2170.860107421875,0.78,1.57,5.12,-4.138538941144249e-05,-2.0000000000000018,-1.0000000000000009,2.000000000000046,4.138538941144249e-05
2016-09-02,2179.97998046875,0.8,1.6,5.09,0.004192241599034617,2.0000000000000018,3.0000000000000027,-3.000000000000025,-0.004192241599034617
2016-09-06,2186.47998046875,0.74,1.55,5.09,0.002977242370005349,-6.000000000000005,-5.000000000000004,0.0,-0.002977242370005349
2016-09-07,2186.159912109375,0.74,1.54,5.07,-0.00014639593829345095,0.0,-1.0000000000000009,-1.9999999999999574,0.00014639593829345095
2016-09-08,2181.300048828125,0.78,1.61,4.99,-0.0022254881924702883,4.0000000000000036,7.000000000000006,-8.000000000000007,0.0022254881924702883
2016-09-09,2127.81005859375,0.79,1.67,5.1,-0.024827742410836417,1.0000000000000009,5.999999999999983,10.999999999999943,0.024827742410836417
2016-09-12,2159.0400390625,0.79,1.68,5.18,0.014570387233434434,0.0,1.0000000000000009,8.000000000000007,-0.014570387233434434
2016-09-13,2127.02001953125,0.8,1.73,5.24,-0.014941748278210834,1.0000000000000009,5.000000000000004,6.00000000000005,0.014941748278210834
2016-09-14,2125.77001953125,0.77,1.7,5.26,-0.0005878493998128358,-3.0000000000000027,-3.0000000000000027,1.9999999999999574,0.0005878493998128358
2016-09-15,2147.260009765625,0.74,1.71,5.26,0.01005851644943989,-3.0000000000000027,1.0000000000000009,0.0,-0.01005851644943989
2016-09-16,2139.159912109375,0.77,1.7,5.27,-0.0037794277955721,3.0000000000000027,-1.0000000000000009,0.9999999999999787,0.0037794277955721
2016-09-19,2139.1201171875,0.79,1.7,5.25,-1.8603233824686035e-05,2.0000000000000018,0.0,-1.9999999999999574,1.8603233824686035e-05
2016-09-20,2139.760009765625,0.79,1.69,5.24,0.0002990934842341777,0.0,-1.0000000000000009,-0.9999999999999787,-0.0002990934842341777
2016-09-21,2163.1201171875,0.79,1.66,5.22,0.010858000333635954,0.0,-3.0000000000000027,-2.000000000000046,-0.010858000333635954
2016-09-22,2177.179931640625,0.79,1.63,5.09,0.006478751917642122,0.0,-3.0000000000000027,-12.99999999999999,-0.006478751917642122
2016-09-23,2164.68994140625,0.77,1.62,5.1,-0.005753292959718776,-2.0000000000000018,-0.9999999999999787,0.9999999999999787,0.005753292959718776
2016-09-26,2146.10009765625,0.76,1.59,5.16,-0.008624850117916047,-1.0000000000000009,-3.0000000000000027,6.00000000000005,0.008624850117916047
2016-09-27,2159.929931640625,0.75,1.56,5.18,0.006423495165298114,-1.0000000000000009,-3.0000000000000027,1.9999999999999574,-0.006423495165298114
2016-09-28,2171.3701171875,0.75,1.57,5.14,0.005282576603642458,0.0,1.0000000000000009,-4.0000000000000036,-0.005282576603642458
2016-09-29,2151.1298828125,0.73,1.56,5.09,-0.009365127730081198,-2.0000000000000018,-1.0000000000000009,-4.999999999999982,0.009365127730081198
2016-09-30,2168.27001953125,0.77,1.6,4.97,0.0079363925880277,4.0000000000000036,4.0000000000000036,-12.00000000000001,-0.0079363925880277
2016-10-03,2161.199951171875,0.8,1.63,4.93,-0.003266023181527122,3.0000000000000027,2.9999999999999805,-4.0000000000000036,0.003266023181527122
2016-10-04,2150.489990234375,0.82,1.69,4.85,-0.004967881786362002,1.9999999999999907,6.000000000000005,-8.000000000000007,0.004967881786362002
2016-10-05,2159.72998046875,0.85,1.72,4.78,0.004287486231196994,3.0000000000000027,3.0000000000000027,-6.99999999999994,-0.004287486231196994
2016-10-06,2160.77001953125,0.86,1.75,4.75,0.0004814438526045025,1.0000000000000009,3.0000000000000027,-3.000000000000025,-0.0004814438526045025
2016-10-07,2153.739990234375,0.83,1.73,4.76,-0.0032587874416142044,-3.0000000000000027,-2.0000000000000018,0.9999999999999787,0.0032587874416142044
2016-10-10,2163.659912109375,0.83,1.73,4.76,0.004595330317324387,0.0,0.0,0.0,-0.004595330317324387
2016-10-11,2136.72998046875,0.87,1.77,4.75,-0.012524577697755964,4.0000000000000036,4.0000000000000036,-0.9999999999999787,0.012524577697755964
2016-10-12,2139.179931640625,0.87,1.79,4.75,0.0011459322063988205,0.0,2.0000000000000018,0.0,-0.0011459322063988205
2016-10-13,2132.550048828125,0.85,1.75,4.82,-0.0031040764122339942,-2.0000000000000018,-4.0000000000000036,7.000000000000028,0.0031040764122339942
2016-10-14,2132.97998046875,0.84,1.8,4.72,0.0002015841591211507,-1.0000000000000009,5.000000000000004,-10.000000000000053,-0.0002015841591211507
2016-10-17,2126.5,0.81,1.77,4.76,-0.0030426181118402627,-2.9999999999999916,-3.0000000000000027,4.0000000000000036,0.0030426181118402627
2016-10-18,2139.60009765625,0.82,1.75,4.72,0.00614150560569863,0.9999999999999898,-2.0000000000000018,-4.0000000000000036,-0.00614150560569863
2016-10-19,2144.2900390625,0.81,1.76,4.66,0.0021895721553504997,-0.9999999999999898,1.0000000000000009,-5.999999999999961,-0.0021895721553504997
2016-10-20,2141.340087890625,0.84,1.76,4.62,-0.0013766711313809553,2.9999999999999916,0.0,-4.0000000000000036,0.0013766711313809553
2016-10-21,2141.159912109375,0.84,1.74,4.62,-8.414514015477906e-05,0.0,-2.0000000000000018,0.0,8.414514015477906e-05
2016-10-24,2151.330078125,0.84,1.77,4.6,0.004738594647427366,0.0,3.0000000000000027,-2.000000000000046,-0.004738594647427366
2016-10-25,2143.159912109375,0.86,1.77,4.6,-0.0038049574647063588,2.0000000000000018,0.0,0.0,0.0038049574647063588
2016-10-26,2139.429931640625,0.86,1.79,4.66,-0.001741927921187231,0.0,2.0000000000000018,6.00000000000005,0.001741927921187231
2016-10-27,2133.0400390625,0.87,1.85,4.69,-0.0029911959060088668,1.0000000000000009,6.000000000000005,3.000000000000025,0.0029911959060088668
2016-10-28,2126.409912109375,0.86,1.86,4.76,-0.00311314013962507,-1.0000000000000009,1.0000000000000009,6.99999999999994,0.00311314013962507
2016-10-31,2126.14990234375,0.86,1.84,4.91,-0.0001222838841985538,0.0,-2.0000000000000018,15.000000000000036,0.0001222838841985538
2016-11-01,2111.719970703125,0.83,1.83,5.05,-0.006810019108735079,-3.0000000000000027,-1.0000000000000009,13.999999999999968,0.006810019108735079
2016-11-02,2097.93994140625,0.81,1.81,5.15,-0.006546884453454001,-1.9999999999999907,-2.0000000000000018,10.000000000000053,0.006546884453454001
2016-11-03,2088.659912109375,0.81,1.82,5.15,-0.004433213022609399,0.0,1.0000000000000009,0.0,0.004433213022609399
2016-11-04,2085.179931640625,0.8,1.79,5.2,-0.0016675202716929607,-1.0000000000000009,-3.0000000000000027,4.999999999999982,0.0016675202716929607
2016-11-07,2131.52001953125,0.82,1.83,5.01,0.021980199729464904,1.9999999999999907,4.0000000000000036,-19.00000000000004,-0.021980199729464904
2016-11-08,2139.56005859375,0.87,1.88,4.98,0.0037648783971575305,5.000000000000004,4.999999999999982,-2.999999999999936,-0.0037648783971575305
2016-11-09,2163.260009765625,0.9,2.07,4.94,0.011016119879656035,3.0000000000000027,18.999999999999993,-4.0000000000000036,-0.011016119879656035
2016-11-10,2167.47998046875,0.92,2.15,4.97,0.001948845716095396,2.0000000000000018,8.000000000000007,2.999999999999936,-0.001948845716095396
2016-11-11,2164.449951171875,0.92,2.15,4.97,-0.0013989283477976058,0.0,0.0,0.0,0.0013989283477976058
2016-11-14,2164.199951171875,1.0,2.23,5.11,-0.00011550945718323702,7.9999999999999964,8.000000000000007,14.000000000000057,0.00011550945718323702
2016-11-15,2180.389892578125,1.02,2.23,4.94,0.007452955022089459,2.0000000000000018,0.0,-16.999999999999993,-0.007452955022089459
2016-11-16,2176.93994140625,1.0,2.22,4.94,-0.0015835165223759536,-2.0000000000000018,-0.9999999999999787,0.0,0.0015835165223759536
2016-11-17,2187.1201171875,1.04,2.29,4.85,0.004665469361197901,4.0000000000000036,6.999999999999984,-9.000000000000075,-0.004665469361197901
2016-11-18,2181.89990234375,1.07,2.34,4.84,-0.00238965136554844,3.0000000000000027,4.999999999999982,-0.9999999999999787,0.00238965136554844
2016-11-21,2198.179931640625,1.08,2.33,4.78,0.007433702070873876,1.0000000000000009,-0.9999999999999787,-5.999999999999961,-0.007433702070873876
2016-11-22,2202.93994140625,1.07,2.31,4.7,0.002163091103593048,-1.0000000000000009,-2.0000000000000018,-8.000000000000007,-0.002163091103593048
2016-11-23,2204.719970703125,1.12,2.36,4.66,0.000807698156908801,5.000000000000004,4.999999999999982,-4.0000000000000036,-0.000807698156908801
2016-11-25,2213.35009765625,1.12,2.36,4.64,0.003906745613423708,0.0,0.0,-2.000000000000046,-0.003906745613423708
2016-11-28,2201.719970703125,1.11,2.32,4.66,-0.0052683892547352165,-1.0000000000000009,-4.0000000000000036,2.000000000000046,0.0052683892547352165
2016-11-29,2204.659912109375,1.09,2.3,4.69,0.001334402353261901,-2.0000000000000018,-2.0000000000000018,3.000000000000025,-0.001334402353261901
2016-11-30,2198.81005859375,1.11,2.37,4.67,-0.0026569305551563936,2.0000000000000018,7.000000000000028,-2.000000000000046,0.0026569305551563936
2016-12-01,2191.080078125,1.14,2.45,4.62,-0.003521722966763813,2.9999999999999805,8.000000000000007,-4.999999999999982,0.003521722966763813
2016-12-02,2191.949951171875,1.11,2.4,4.64,0.0003969277200846238,-2.9999999999999805,-5.000000000000027,1.9999999999999574,-0.0003969277200846238
2016-12-05,2204.7099609375,1.13,2.39,4.58,0.005804426926743671,1.9999999999999796,-0.9999999999999787,-5.999999999999961,-0.005804426926743671
2016-12-06,2212.22998046875,1.12,2.39,4.5,0.0034050844688746093,-0.9999999999999787,0.0,-8.000000000000007,-0.0034050844688746093
2016-12-07,2241.35009765625,1.1,2.34,4.42,0.013077358744723351,-2.0000000000000018,-5.000000000000027,-8.000000000000007,-0.013077358744723351
2016-12-08,2246.18994140625,1.12,2.4,4.38,0.0021570150168711013,2.0000000000000018,6.000000000000005,-4.0000000000000036,-0.0021570150168711013
2016-12-09,2259.530029296875,1.15,2.47,4.28,0.005921418532969715,2.9999999999999805,7.000000000000028,-9.999999999999964,-0.005921418532969715
2016-12-12,2256.9599609375,1.15,2.49,4.25,-0.001138082290599516,0.0,2.0000000000000018,-3.000000000000025,0.001138082290599516
2016-12-13,2271.719970703125,1.17,2.48,4.2,0.00651848320123699,2.0000000000000018,-1.000000000000023,-4.999999999999982,-0.00651848320123699
2016-12-14,2253.280029296875,1.27,2.54,4.12,-0.008150295461858616,10.000000000000009,6.000000000000005,-8.000000000000007,0.008150295461858616
2016-12-15,2262.030029296875,1.29,2.6,4.2,0.0038757076875535726,2.0000000000000018,6.000000000000005,8.000000000000007,-0.0038757076875535726
2016-12-16,2258.070068359375,1.28,2.6,4.21,-0.0017521567509802415,-1.0000000000000009,0.0,0.9999999999999787,0.0017521567509802415
2016-12-19,2262.530029296875,1.24,2.54,4.23,0.0019731727152112587,-4.0000000000000036,-6.000000000000005,2.000000000000046,-0.0019731727152112587
2016-12-20,2270.760009765625,1.25,2.57,4.2,0.0036309124011527547,1.0000000000000009,2.9999999999999805,-3.000000000000025,-0.0036309124011527547
2016-12-21,2265.179931640625,1.21,2.55,4.19,-0.0024603857246776667,-4.0000000000000036,-2.0000000000000018,-0.9999999999999787,0.0024603857246776667
2016-12-22,2260.9599609375,1.22,2.55,4.17,-0.0018647112223965044,1.0000000000000009,0.0,-2.000000000000046,0.0018647112223965044
2016-12-23,2263.7900390625,1.22,2.55,4.16,0.0012509325350792359,0.0,0.0,-0.9999999999999787,-0.0012509325350792359
2016-12-27,2268.8798828125,1.28,2.57,4.11,0.0022458489045486347,6.000000000000005,2.0000000000000018,-4.999999999999982,-0.0022458489045486347
2016-12-28,2249.919921875,1.26,2.51,4.15,-0.008391640709771516,-2.0000000000000018,-6.000000000000005,4.0000000000000036,0.008391640709771516
2016-12-29,2249.260009765625,1.22,2.49,4.18,-0.00029334773186837293,-4.0000000000000036,-1.9999999999999574,2.999999999999936,0.00029334773186837293
2016-12-30,2238.830078125,1.2,2.45,4.21,-0.004647834696854234,-2.0000000000000018,-4.0000000000000036,3.000000000000025,0.004647834696854234
2017-01-03,2257.830078125,1.22,2.45,4.13,0.008450766753157112,2.0000000000000018,0.0,-8.000000000000007,-0.008450766753157112
2017-01-04,2270.75,1.24,2.46,4.02,0.005705963770549438,2.0000000000000018,0.9999999999999787,-11.000000000000032,-0.005705963770549438
2017-01-05,2269.0,1.17,2.37,4.04,-0.0007709676024811847,-7.000000000000006,-8.999999999999986,2.000000000000046,0.0007709676024811847
2017-01-06,2276.97998046875,1.22,2.42,3.98,0.0035107891805790594,5.000000000000004,4.999999999999982,-6.000000000000005,-0.0035107891805790594
2017-01-09,2268.89990234375,1.21,2.38,4.02,-0.003554905471559629,-1.0000000000000009,-4.0000000000000036,3.999999999999959,0.003554905471559629
2017-01-10,2268.89990234375,1.19,2.38,4.0,0.0,-2.0000000000000018,0.0,-1.9999999999999574,-0.0
2017-01-11,2275.320068359375,1.2,2.38,4.03,0.0028256423891019514,1.0000000000000009,0.0,3.000000000000025,-0.0028256423891019514
2017-01-12,2270.43994140625,1.18,2.36,4.05,-0.002147112393729617,-2.0000000000000018,-2.0000000000000018,1.9999999999999574,0.002147112393729617
2017-01-13,2274.639892578125,1.21,2.4,4.02,0.0018481313951466559,3.0000000000000027,4.0000000000000036,-3.000000000000025,-0.0018481313951466559
2017-01-17,2267.889892578125,1.17,2.33,4.06,-0.0029719144562184454,-4.0000000000000036,-6.999999999999984,4.0000000000000036,0.0029719144562184454
2017-01-18,2271.889892578125,1.23,2.42,4.01,0.0017622004698093201,6.000000000000005,8.999999999999986,-4.999999999999982,-0.0017622004698093201
2017-01-19,2263.68994140625,1.25,2.47,3.99,-0.003615837624319374,2.0000000000000018,5.000000000000027,-1.9999999999999574,0.003615837624319374
2017-01-20,2271.31005859375,1.2,2.48,4.02,0.0033605840612999428,-5.000000000000004,0.9999999999999787,2.999999999999936,-0.0033605840612999428
2017-01-23,2265.199951171875,1.16,2.41,4.1,-0.002693749646069815,-4.0000000000000036,-6.999999999999984,8.000000000000007,0.002693749646069815
2017-01-24,2280.070068359375,1.21,2.47,4.02,0.006543140528962317,5.000000000000004,6.000000000000005,-8.000000000000007,-0.006543140528962317
2017-01-25,2298.3701171875,1.23,2.53,3.93,0.007994052795968681,2.0000000000000018,5.999999999999961,-8.999999999999941,-0.007994052795968681
2017-01-26,2296.679931640625,1.21,2.51,3.93,-0.0007356549352631034,-2.0000000000000018,-2.0000000000000018,0.0,0.0007356549352631034
2017-01-27,2294.68994140625,1.22,2.49,3.93,-0.0008668394897415927,1.0000000000000009,-1.9999999999999574,0.0,0.0008668394897415927
2017-01-30,2280.89990234375,1.22,2.49,3.96,-0.006027673496096654,0.0,0.0,2.9999999999999805,0.006027673496096654
2017-01-31,2278.8701171875,1.19,2.45,4.0,-0.0008903016080325452,-3.0000000000000027,-4.0000000000000036,4.0000000000000036,0.0008903016080325452
2017-02-01,2279.550048828125,1.22,2.48,3.95,0.00029831898811628964,3.0000000000000027,2.9999999999999805,-4.999999999999982,-0.00029831898811628964
2017-02-02,2280.85009765625,1.21,2.48,3.93,0.0005701468386910137,-1.0000000000000009,0.0,-2.0000000000000018,-0.0005701468386910137
2017-02-03,2297.419921875,1.21,2.49,3.86,0.007238496854553608,0.0,1.000000000000023,-7.000000000000028,-0.007238496854553608
2017-02-06,2292.56005859375,1.16,2.42,3.91,-0.002117597513709103,-5.000000000000004,-7.000000000000028,5.000000000000027,0.002117597513709103
2017-02-07,2293.080078125,1.16,2.4,3.93,0.00022680346384577153,0.0,-2.0000000000000018,2.0000000000000018,-0.00022680346384577153
2017-02-08,2294.669921875,1.15,2.34,3.98,0.0006930821486096318,-1.0000000000000009,-6.000000000000005,4.999999999999982,-0.0006930821486096318
2017-02-09,2307.8701171875,1.2,2.4,3.93,0.00573606373596025,5.000000000000004,6.000000000000005,-4.999999999999982,-0.00573606373596025
2017-02-10,2316.10009765625,1.2,2.41,3.9,0.0035597068220090916,0.0,1.000000000000023,-3.000000000000025,-0.0035597068220090916
2017-02-13,2328.25,1.2,2.43,3.86,0.005232133584011204,0.0,2.0000000000000018,-4.0000000000000036,-0.005232133584011204
2017-02-14,2337.580078125,1.25,2.47,3.8,0.003999327195672579,5.000000000000004,4.0000000000000036,-6.000000000000005,-0.003999327195672579
2017-02-15,2349.25,1.27,2.51,3.77,0.00497988866573445,2.0000000000000018,3.999999999999959,-2.9999999999999805,-0.00497988866573445
2017-02-16,2347.219970703125,1.22,2.45,3.83,-0.0008644916015501692,-5.000000000000004,-5.999999999999961,6.000000000000005,0.0008644916015501692
2017-02-17,2351.159912109375,1.21,2.42,3.86,0.001677149327237158,-1.0000000000000009,-3.000000000000025,2.9999999999999805,-0.001677149327237158
2017-02-21,2365.3798828125,1.22,2.43,3.81,0.0060298500200691545,1.0000000000000009,1.000000000000023,-4.999999999999982,-0.0060298500200691545
2017-02-22,2362.820068359375,1.22,2.42,3.78,-0.001082786146804093,0.0,-1.000000000000023,-3.000000000000025,0.001082786146804093
2017-02-23,2363.81005859375,1.18,2.38,3.77,0.00041889897125923353,-4.0000000000000036,-4.0000000000000036,-0.9999999999999787,-0.00041889897125923353
2017-02-24,2367.340087890625,1.12,2.31,3.84,0.0014922502320316529,-5.999999999999983,-6.999999999999984,6.999999999999984,-0.0014922502320316529
2017-02-27,2369.75,1.2,2.36,3.75,0.0010174652677336642,7.999999999999985,4.999999999999982,-8.999999999999986,-0.0010174652677336642
2017-02-28,2363.639892578125,1.22,2.36,3.74,-0.0025817061151949088,2.0000000000000018,0.0,-0.9999999999999787,0.0025817061151949088
2017-03-01,2395.9599609375,1.29,2.46,3.57,0.013581211083725323,7.000000000000006,10.000000000000009,-17.000000000000036,-0.013581211083725323
2017-03-02,2381.919921875,1.32,2.49,3.55,-0.0058771169721052695,3.0000000000000027,3.000000000000025,-2.0000000000000018,0.0058771169721052695
2017-03-03,2383.1201171875,1.32,2.49,3.6,0.0005037503685347897,0.0,0.0,5.000000000000027,-0.0005037503685347897
2017-03-06,2375.31005859375,1.31,2.49,3.66,-0.0032826227635658124,-1.0000000000000009,0.0,6.000000000000005,0.0032826227635658124
2017-03-07,2368.389892578125,1.32,2.52,3.73,-0.0029176259020898777,1.0000000000000009,2.9999999999999805,6.999999999999984,0.0029176259020898777
2017-03-08,2362.97998046875,1.36,2.57,3.79,-0.002286827964063899,4.0000000000000036,4.999999999999982,6.000000000000005,0.002286827964063899
2017-03-09,2364.8701171875,1.37,2.6,3.88,0.0007995756127663866,1.0000000000000009,3.000000000000025,8.999999999999986,-0.0007995756127663866
2017-03-10,2372.60009765625,1.36,2.58,3.89,0.0032633397058585423,-1.0000000000000009,-2.0000000000000018,1.000000000000023,-0.0032633397058585423
2017-03-13,2373.469970703125,1.4,2.62,3.94,0.0003665656191696328,3.9999999999999813,4.0000000000000036,4.999999999999982,-0.0003665656191696328
2017-03-14,2365.449951171875,1.4,2.6,4.05,-0.003384748980891005,0.0,-2.0000000000000018,10.999999999999988,0.003384748980891005
2017-03-15,2385.260009765625,1.33,2.51,4.02,0.008339879124686365,-6.999999999999984,-9.00000000000003,-3.000000000000025,-0.008339879124686365
2017-03-16,2381.3798828125,1.35,2.53,3.88,-0.0016280347991836145,2.0000000000000018,2.0000000000000018,-13.999999999999968,0.0016280347991836145
2017-03-17,2378.25,1.33,2.5,3.91,-0.0013151792642314352,-2.0000000000000018,-2.9999999999999805,3.000000000000025,0.0013151792642314352
2017-03-20,2373.469970703125,1.3,2.47,3.97,-0.0020119160803802947,-3.0000000000000027,-2.9999999999999805,6.000000000000005,0.0020119160803802947
2017-03-21,2344.02001953125,1.27,2.43,4.04,-0.012485594590102116,-3.0000000000000027,-4.0000000000000036,6.999999999999984,0.012485594590102116
2017-03-22,2348.449951171875,1.27,2.4,4.16,0.0018881028474626675,0.0,-3.000000000000025,12.00000000000001,-0.0018881028474626675
2017-03-23,2345.9599609375,1.26,2.41,4.11,-0.001060832144830083,-1.0000000000000009,1.000000000000023,-4.999999999999982,0.001060832144830083
2017-03-24,2343.97998046875,1.26,2.4,4.07,-0.0008443522139384829,0.0,-1.000000000000023,-4.0000000000000036,0.0008443522139384829
2017-03-27,2341.590087890625,1.27,2.38,4.12,-0.0010201075858456302,1.0000000000000009,-2.0000000000000018,4.999999999999982,0.0010201075858456302
2017-03-28,2358.570068359375,1.3,2.42,4.01,0.007225308829623951,3.0000000000000027,4.0000000000000036,-11.000000000000032,-0.007225308829623951
2017-03-29,2361.1298828125,1.26,2.39,3.94,0.0010847362038301697,-4.0000000000000036,-2.9999999999999805,-6.999999999999984,-0.0010847362038301697
2017-03-30,2368.06005859375,1.28,2.42,3.85,0.0029308109117050134,2.0000000000000018,2.9999999999999805,-8.999999999999986,-0.0029308109117050134
2017-03-31,2362.719970703125,1.27,2.4,3.92,-0.0022575939382668176,-1.0000000000000009,-2.0000000000000018,6.999999999999984,0.0022575939382668176
2017-04-03,2358.840087890625,1.24,2.35,3.98,-0.0016434753080133316,-3.0000000000000027,-4.999999999999982,6.000000000000005,0.0016434753080133316
2017-04-04,2360.159912109375,1.25,2.36,3.98,0.0005593660746613713,1.0000000000000009,0.9999999999999787,0.0,-0.0005593660746613713
2017-04-05,2352.949951171875,1.24,2.34,3.91,-0.003059536811522123,-1.0000000000000009,-2.0000000000000018,-6.999999999999984,0.003059536811522123
2017-04-06,2357.489990234375,1.24,2.34,3.93,0.001927650293734993,0.0,0.0,2.0000000000000018,-0.001927650293734993
2017-04-07,2355.5400390625,1.29,2.38,3.86,-0.0008274724629448716,5.000000000000004,4.0000000000000036,-7.000000000000028,0.0008274724629448716
2017-04-10,2357.159912109375,1.29,2.37,3.86,0.000687450135783276,0.0,-0.9999999999999787,0.0,-0.000687450135783276
2017-04-11,2353.780029296875,1.24,2.32,3.94,-0.0014349082919582845,-5.000000000000004,-5.000000000000027,8.000000000000007,0.0014349082919582845
2017-04-12,2344.929931640625,1.24,2.28,3.96,-0.0037670374189869064,0.0,-4.0000000000000036,2.0000000000000018,0.0037670374189869064
2017-04-13,2328.949951171875,1.21,2.24,4.03,-0.006838020289804216,-3.0000000000000027,-3.999999999999959,7.000000000000028,0.006838020289804216
2017-04-17,2349.010009765625,1.21,2.26,4.0,0.008576465691107291,0.0,1.9999999999999574,-3.000000000000025,-0.008576465691107291
2017-04-18,2342.18994140625,1.18,2.18,4.07,-0.0029076028458332546,-3.0000000000000027,-7.999999999999963,7.000000000000028,0.0029076028458332546
2017-04-19,2338.169921875,1.19,2.21,4.01,-0.0017178253968685745,1.0000000000000009,2.9999999999999805,-6.00000000000005,0.0017178253968685745
2017-04-20,2355.840087890625,1.21,2.24,3.98,0.0075288503629738525,2.0000000000000018,3.000000000000025,-2.9999999999999805,-0.0075288503629738525
2017-04-21,2348.68994140625,1.2,2.24,3.97,-0.0030396881071153782,-1.0000000000000009,0.0,-0.9999999999999787,0.0030396881071153782
2017-04-24,2374.14990234375,1.25,2.28,3.86,0.010781736588111827,5.000000000000004,3.999999999999959,-11.000000000000032,-0.010781736588111827
2017-04-25,2388.610107421875,1.29,2.35,3.78,0.006072214211751177,4.0000000000000036,7.000000000000028,-8.000000000000007,-0.006072214211751177
2017-04-26,2387.449951171875,1.28,2.32,3.76,-0.0004858214756873499,-1.0000000000000009,-3.000000000000025,-2.0000000000000018,0.0004858214756873499
2017-04-27,2388.77001953125,1.25,2.3,3.78,0.0005527670002992063,-3.0000000000000027,-2.0000000000000018,2.0000000000000018,-0.0005527670002992063
2017-04-28,2384.199951171875,1.28,2.29,3.75,-0.0019149794714900413,3.0000000000000027,-0.9999999999999787,-2.9999999999999805,0.0019149794714900413
2017-05-01,2388.330078125,1.28,2.33,3.78,0.0017307918268938255,0.0,4.0000000000000036,2.9999999999999805,-0.0017307918268938255
2017-05-02,2391.169921875,1.27,2.29,3.79,0.0011883435858115294,-1.0000000000000009,-4.0000000000000036,1.000000000000023,-0.0011883435858115294
2017-05-03,2388.1298828125,1.3,2.33,3.76,-0.0012721693958273864,3.0000000000000027,4.0000000000000036,-3.000000000000025,0.0012721693958273864
2017-05-04,2389.52001953125,1.32,2.36,3.8,0.0005819332878695465,2.0000000000000018,2.9999999999999805,4.0000000000000036,-0.0005819332878695465
2017-05-05,2399.2900390625,1.32,2.36,3.82,0.00408035940747836,0.0,0.0,2.0000000000000018,-0.00408035940747836
2017-05-08,2399.3798828125,1.33,2.39,3.8,3.7445271907879016e-05,1.0000000000000009,3.000000000000025,-2.0000000000000018,-3.7445271907879016e-05
2017-05-09,2396.919921875,1.37,2.42,3.74,-0.0010257745567932176,4.0000000000000036,2.9999999999999805,-5.999999999999961,0.0010257745567932176
2017-05-10,2399.6298828125,1.35,2.41,3.72,0.0011299627174494742,-2.0000000000000018,-0.9999999999999787,-2.0000000000000018,-0.0011299627174494742
2017-05-11,2394.43994140625,1.35,2.39,3.72,-0.0021651513741066187,0.0,-2.0000000000000018,0.0,0.0021651513741066187
2017-05-12,2390.89990234375,1.29,2.33,3.77,-0.0014795353407942593,-6.000000000000005,-6.000000000000005,4.999999999999982,0.0014795353407942593
2017-05-15,2402.320068359375,1.31,2.34,3.72,0.0047651423030152336,2.0000000000000018,0.9999999999999787,-4.999999999999982,-0.0047651423030152336
2017-05-16,2400.669921875,1.29,2.33,3.71,-0.0006871330369860457,-2.0000000000000018,-0.9999999999999787,-1.000000000000023,0.0006871330369860457
2017-05-17,2357.030029296875,1.26,2.22,3.84,-0.018345468171115042,-3.0000000000000027,-10.999999999999988,12.99999999999999,0.018345468171115042
2017-05-18,2365.719970703125,1.27,2.23,3.85,0.003680038627215951,1.0000000000000009,0.9999999999999787,1.000000000000023,-0.003680038627215951
2017-05-19,2381.72998046875,1.28,2.23,3.78,0.0067447032082007,1.0000000000000009,0.0,-7.000000000000028,-0.0067447032082007
2017-05-22,2394.02001953125,1.29,2.25,3.72,0.00514686329600843,1.0000000000000009,2.0000000000000018,-5.999999999999961,-0.00514686329600843
2017-05-23,2398.419921875,1.31,2.29,3.67,0.0018361851723804105,2.0000000000000018,4.0000000000000036,-5.000000000000027,-0.0018361851723804105
2017-05-24,2404.389892578125,1.29,2.26,3.68,0.0024860338045762944,-2.0000000000000018,-3.000000000000025,1.000000000000023,-0.0024860338045762944
2017-05-25,2415.070068359375,1.3,2.25,3.67,0.004432112041978175,1.0000000000000009,-0.9999999999999787,-1.000000000000023,-0.004432112041978175
2017-05-26,2415.820068359375,1.3,2.25,3.67,0.00031050178530242343,0.0,0.0,0.0,-0.00031050178530242343
2017-05-30,2412.909912109375,1.28,2.21,3.68,-0.0012053507295338199,-2.0000000000000018,-4.0000000000000036,1.000000000000023,0.0012053507295338199
2017-05-31,2411.800048828125,1.28,2.21,3.74,-0.0004600746199513276,0.0,0.0,6.000000000000005,0.0004600746199513276
2017-06-01,2430.06005859375,1.28,2.21,3.69,0.0075425955848472245,0.0,0.0,-5.000000000000027,-0.0075425955848472245
2017-06-02,2439.070068359375,1.28,2.15,3.69,0.00370087461804602,0.0,-6.000000000000005,0.0,-0.00370087461804602
2017-06-05,2436.10009765625,1.32,2.18,3.68,-0.0012184071404286387,4.0000000000000036,3.000000000000025,-0.9999999999999787,0.0012184071404286387
2017-06-06,2429.330078125,1.3,2.14,3.72,-0.0027829086662040834,-2.0000000000000018,-4.0000000000000036,4.0000000000000036,0.0027829086662040834
2017-06-07,2433.139892578125,1.32,2.18,3.73,0.0015670287963475379,2.0000000000000018,4.0000000000000036,0.9999999999999787,-0.0015670287963475379
2017-06-08,2433.7900390625,1.33,2.19,3.76,0.00026716903566476714,1.0000000000000009,0.9999999999999787,2.9999999999999805,-0.00026716903566476714
2017-06-09,2431.77001953125,1.35,2.21,3.73,-0.0008303338661872762,2.0000000000000018,2.0000000000000018,-2.9999999999999805,0.0008303338661872762
2017-06-12,2429.389892578125,1.35,2.21,3.71,-0.0009792424797181137,0.0,0.0,-2.0000000000000018,0.0009792424797181137
2017-06-13,2440.35009765625,1.38,2.21,3.68,0.00450135884323014,2.9999999999999805,0.0,-2.9999999999999805,-0.00450135884323014
2017-06-14,2437.919921875,1.35,2.15,3.7,-0.0009963269653176028,-2.9999999999999805,-6.000000000000005,2.0000000000000018,0.0009963269653176028
2017-06-15,2432.4599609375,1.35,2.16,3.72,-0.002242109796840374,0.0,1.000000000000023,2.0000000000000018,0.002242109796840374
2017-06-16,2433.14990234375,1.32,2.16,3.76,0.00028359915005969524,-3.0000000000000027,0.0,3.999999999999959,-0.00028359915005969524
2017-06-19,2453.4599609375,1.36,2.19,3.7,0.008312583206893995,4.0000000000000036,2.9999999999999805,-5.999999999999961,-0.008312583206893995
2017-06-20,2437.030029296875,1.36,2.16,3.77,-0.0067191604469316645,0.0,-2.9999999999999805,6.999999999999984,0.0067191604469316645
2017-06-21,2435.610107421875,1.36,2.16,3.85,-0.0005828141932715965,0.0,0.0,8.000000000000007,0.0005828141932715965
2017-06-22,2434.5,1.34,2.15,3.87,-0.0004558859724380852,-2.0000000000000018,-1.000000000000023,2.0000000000000018,0.0004558859724380852
2017-06-23,2438.300048828125,1.34,2.15,3.86,0.0015596985554090976,0.0,0.0,-1.000000000000023,-0.0015596985554090976
2017-06-26,2439.070068359375,1.36,2.14,3.83,0.00031575193973236123,2.0000000000000018,-0.9999999999999787,-2.9999999999999805,-0.00031575193973236123
2017-06-27,2419.3798828125,1.38,2.21,3.77,-0.008105586575672907,1.9999999999999796,6.999999999999984,-6.000000000000005,0.008105586575672907
2017-06-28,2440.68994140625,1.34,2.22,3.77,0.008769501646551084,-3.9999999999999813,1.000000000000023,0.0,-0.008769501646551084
2017-06-29,2419.699951171875,1.38,2.27,3.76,-0.008637216844141348,3.9999999999999813,4.999999999999982,-1.000000000000023,0.008637216844141348
2017-06-30,2423.409912109375,1.38,2.31,3.77,0.0015320576108735333,0.0,4.0000000000000036,1.000000000000023,-0.0015320576108735333
2017-07-03,2429.010009765625,1.41,2.35,3.72,0.0023081679791475806,3.0000000000000027,4.0000000000000036,-4.999999999999982,-0.0023081679791475806
2017-07-05,2432.5400390625,1.41,2.33,3.73,0.0014522240362887008,0.0,-2.0000000000000018,0.9999999999999787,-0.0014522240362887008
2017-07-06,2409.75,1.4,2.37,3.78,-0.009412987306866183,-1.0000000000000009,4.0000000000000036,4.999999999999982,0.009412987306866183
2017-07-07,2425.179931640625,1.4,2.39,3.83,0.006382712569615801,0.0,2.0000000000000018,5.000000000000027,-0.006382712569615801
2017-07-10,2427.429931640625,1.4,2.38,3.83,0.0009273361035125654,0.0,-1.000000000000023,0.0,-0.0009273361035125654
2017-07-11,2425.530029296875,1.37,2.37,3.85,-0.0007829870660821734,-2.9999999999999805,-0.9999999999999787,2.0000000000000018,0.0007829870660821734
2017-07-12,2443.25,1.35,2.33,3.81,0.007279050947821435,-2.0000000000000018,-4.0000000000000036,-4.0000000000000036,-0.007279050947821435
2017-07-13,2447.830078125,1.37,2.35,3.77,0.001872829473473065,2.0000000000000018,2.0000000000000018,-4.0000000000000036,-0.001872829473473065
2017-07-14,2459.27001953125,1.35,2.33,3.73,0.004662616170009233,-2.0000000000000018,-2.0000000000000018,-4.0000000000000036,-0.004662616170009233
2017-07-17,2459.139892578125,1.36,2.31,3.69,-5.291423670686425e-05,1.0000000000000009,-2.0000000000000018,-4.0000000000000036,5.291423670686425e-05
2017-07-18,2460.610107421875,1.36,2.27,3.69,0.0005976786981109875,0.0,-4.0000000000000036,0.0,-0.0005976786981109875
2017-07-19,2473.830078125,1.37,2.27,3.64,0.00535825821605345,1.0000000000000009,0.0,-4.999999999999982,-0.00535825821605345
2017-07-20,2473.449951171875,1.37,2.27,3.61,-0.00015367108860704477,0.0,0.0,-3.000000000000025,0.00015367108860704477
2017-07-21,2472.5400390625,1.36,2.24,3.64,-0.0003679393292088825,-1.0000000000000009,-2.9999999999999805,3.000000000000025,0.0003679393292088825
2017-07-24,2469.909912109375,1.37,2.26,3.63,-0.0010643009954088047,1.0000000000000009,1.9999999999999574,-1.000000000000023,0.0010643009954088047
2017-07-25,2477.1298828125,1.4,2.33,3.55,0.002918907519898033,2.9999999999999805,7.000000000000028,-8.000000000000007,-0.002918907519898033
2017-07-26,2477.830078125,1.36,2.29,3.56,0.00028262400611947947,-3.9999999999999813,-4.0000000000000036,1.000000000000023,-0.00028262400611947947
2017-07-27,2475.419921875,1.36,2.32,3.55,-0.0009731616373937137,0.0,2.9999999999999805,-1.000000000000023,0.0009731616373937137
2017-07-28,2472.10009765625,1.34,2.3,3.59,-0.0013420156781160386,-2.0000000000000018,-2.0000000000000018,4.0000000000000036,0.0013420156781160386
2017-07-31,2470.300048828125,1.34,2.3,3.61,-0.0007284108345598019,0.0,0.0,2.0000000000000018,0.0007284108345598019
2017-08-01,2476.35009765625,1.34,2.26,3.6,0.0024461207749384662,0.0,-4.0000000000000036,-0.9999999999999787,-0.0024461207749384662
2017-08-02,2477.570068359375,1.36,2.27,3.59,0.0004925274073474498,2.0000000000000018,1.000000000000023,-1.000000000000023,-0.0004925274073474498
2017-08-03,2472.159912109375,1.34,2.24,3.63,-0.0021860418349456704,-2.0000000000000018,-2.9999999999999805,4.0000000000000036,0.0021860418349456704
2017-08-04,2476.830078125,1.36,2.27,3.63,0.0018873214175395684,2.0000000000000018,2.9999999999999805,0.0,-0.0018873214175395684
2017-08-07,2480.909912109375,1.36,2.26,3.64,0.0016458446442804673,0.0,-1.000000000000023,1.000000000000023,-0.0016458446442804673
2017-08-08,2474.919921875,1.36,2.29,3.64,-0.002417352230385335,0.0,3.000000000000025,0.0,0.002417352230385335
2017-08-09,2474.02001953125,1.33,2.24,3.81,-0.0003636747927123762,-3.0000000000000027,-4.999999999999982,16.999999999999993,0.0003636747927123762
2017-08-10,2438.2099609375,1.33,2.2,3.92,-0.01458021840074153,0.0,-4.0000000000000036,10.999999999999988,0.01458021840074153
2017-08-11,2441.320068359375,1.3,2.19,4.0,0.0012747571279871366,-3.0000000000000027,-1.000000000000023,8.000000000000007,-0.0012747571279871366
2017-08-14,2465.840087890625,1.33,2.22,3.89,0.009993651246049404,3.0000000000000027,3.000000000000025,-10.999999999999988,-0.009993651246049404
2017-08-15,2464.610107421875,1.35,2.27,3.87,-0.00049893232688349,2.0000000000000018,4.999999999999982,-2.0000000000000018,0.00049893232688349
2017-08-16,2468.110107421875,1.33,2.23,3.88,0.0014190955233323716,-2.0000000000000018,-4.0000000000000036,0.9999999999999787,-0.0014190955233323716
2017-08-17,2430.010009765625,1.32,2.19,3.93,-0.015557342487191416,-1.0000000000000009,-4.0000000000000036,5.000000000000027,0.015557342487191416
2017-08-18,2425.550048828125,1.33,2.19,3.98,-0.0018370536613519935,1.0000000000000009,0.0,4.999999999999982,0.0018370536613519935
2017-08-21,2428.3701171875,1.32,2.18,4.0,0.0011619757145661966,-1.0000000000000009,-0.9999999999999787,2.0000000000000018,-0.0011619757145661966
2017-08-22,2452.510009765625,1.33,2.22,3.93,0.009891695260625078,1.0000000000000009,4.0000000000000036,-6.999999999999984,-0.009891695260625078
2017-08-23,2444.0400390625,1.32,2.17,3.95,-0.0034595701326390073,-1.0000000000000009,-5.000000000000027,2.0000000000000018,0.0034595701326390073
2017-08-24,2438.969970703125,1.33,2.19,3.91,-0.0020766167471384417,1.0000000000000009,2.0000000000000018,-4.0000000000000036,0.0020766167471384417
2017-08-25,2443.050048828125,1.35,2.17,3.89,0.0016714716689374216,2.0000000000000018,-2.0000000000000018,-2.0000000000000018,-0.0016714716689374216
2017-08-28,2444.239990234375,1.33,2.16,3.88,0.0004869534732960745,-2.0000000000000018,-0.9999999999999787,-1.000000000000023,-0.0004869534732960745
2017-08-29,2446.300048828125,1.33,2.13,3.9,0.0008424667620097917,0.0,-3.000000000000025,2.0000000000000018,-0.0008424667620097917
2017-08-30,2457.590087890625,1.33,2.15,3.86,0.004604531788061044,0.0,2.0000000000000018,-4.0000000000000036,-0.004604531788061044
2017-08-31,2471.64990234375,1.33,2.12,3.85,0.0057046735847135445,0.0,-2.9999999999999805,-0.9999999999999787,-0.0057046735847135445
2017-09-01,2476.550048828125,1.35,2.16,3.82,0.001980578042335197,2.0000000000000018,4.0000000000000036,-3.000000000000025,-0.001980578042335197
2017-09-05,2457.85009765625,1.3,2.07,3.91,-0.007579458552144929,-5.000000000000004,-9.00000000000003,9.00000000000003,0.007579458552144929
2017-09-06,2465.5400390625,1.3,2.1,3.84,0.003123842493144133,0.0,3.000000000000025,-7.000000000000028,-0.003123842493144133
2017-09-07,2465.10009765625,1.27,2.05,3.88,-0.00017845204485370908,-3.0000000000000027,-5.000000000000027,4.0000000000000036,0.00017845204485370908
2017-09-08,2461.429931640625,1.27,2.06,3.92,-0.001489960143457705,0.0,1.000000000000023,4.0000000000000036,0.001489960143457705
2017-09-11,2488.110107421875,1.32,2.14,3.85,0.010780975197147024,5.000000000000004,8.000000000000007,-6.999999999999984,-0.010780975197147024
2017-09-12,2496.47998046875,1.33,2.17,3.81,0.003358302594883113,1.0000000000000009,2.9999999999999805,-4.0000000000000036,-0.003358302594883113
2017-09-13,2498.3701171875,1.35,2.2,3.78,0.0007568342480825294,2.0000000000000018,3.000000000000025,-3.000000000000025,-0.0007568342480825294
2017-09-14,2495.6201171875,1.37,2.2,3.74,-0.0011013238508279736,2.0000000000000018,0.0,-3.999999999999959,0.0011013238508279736
2017-09-15,2500.22998046875,1.39,2.2,3.73,0.001845477546159349,1.9999999999999796,0.0,-1.000000000000023,-0.001845477546159349
2017-09-18,2503.8701171875,1.4,2.23,3.68,0.0014548619291293301,1.0000000000000009,2.9999999999999805,-4.999999999999982,-0.0014548619291293301
2017-09-19,2506.64990234375,1.4,2.24,3.66,0.0011095796167313857,0.0,1.000000000000023,-2.0000000000000018,-0.0011095796167313857
2017-09-20,2508.239990234375,1.45,2.28,3.6,0.000634146702309437,5.000000000000004,3.999999999999959,-6.000000000000005,-0.000634146702309437
2017-09-21,2500.60009765625,1.45,2.27,3.62,-0.0030505659469148337,0.0,-0.9999999999999787,2.0000000000000018,0.0030505659469148337
2017-09-22,2502.219970703125,1.46,2.26,3.64,0.0006475839951670207,1.0000000000000009,-1.000000000000023,2.0000000000000018,-0.0006475839951670207
2017-09-25,2496.659912109375,1.44,2.22,3.66,-0.0022245226998538568,-2.0000000000000018,-3.999999999999959,2.0000000000000018,0.0022245226998538568
2017-09-26,2496.840087890625,1.45,2.24,3.62,7.216412589487934e-05,1.0000000000000009,2.0000000000000018,-4.0000000000000036,-7.216412589487934e-05
2017-09-27,2507.0400390625,1.47,2.31,3.57,0.004076822401987925,2.0000000000000018,6.999999999999984,-5.000000000000027,-0.004076822401987925
2017-09-28,2510.06005859375,1.45,2.31,3.57,0.0012038906289380277,-2.0000000000000018,0.0,0.0,-0.0012038906289380277
2017-09-29,2519.360107421875,1.47,2.33,3.54,0.0036982630684988258,2.0000000000000018,2.0000000000000018,-2.9999999999999805,-0.0036982630684988258
2017-10-02,2529.1201171875,1.49,2.34,3.55,0.0038665188297123134,2.0000000000000018,0.9999999999999787,0.9999999999999787,-0.0038665188297123134
2017-10-03,2534.580078125,1.47,2.33,3.55,0.002156511184660919,-2.0000000000000018,-0.9999999999999787,0.0,-0.002156511184660919
2017-10-04,2537.739990234375,1.47,2.33,3.54,0.0012459436611136387,0.0,0.0,-0.9999999999999787,-0.0012459436611136387
2017-10-05,2552.070068359375,1.49,2.35,3.52,0.00563090403129274,2.0000000000000018,2.0000000000000018,-2.0000000000000018,-0.00563090403129274
2017-10-06,2549.330078125,1.54,2.37,3.52,-0.001074211165239725,5.000000000000004,2.0000000000000018,0.0,0.001074211165239725
2017-10-09,2544.72998046875,1.54,2.37,3.51,-0.0018060638680135568,0.0,0.0,-1.000000000000023,0.0018060638680135568
2017-10-10,2550.639892578125,1.51,2.35,3.52,0.0023197196304780643,-3.0000000000000027,-2.0000000000000018,1.000000000000023,-0.0023197196304780643
2017-10-11,2555.239990234375,1.51,2.35,3.52,0.001801882929663564,0.0,0.0,0.0,-0.001801882929663564
2017-10-12,2550.929931640625,1.51,2.33,3.56,-0.0016881771203513885,0.0,-2.0000000000000018,4.0000000000000036,0.0016881771203513885
2017-10-13,2553.169921875,1.51,2.28,3.6,0.0008777220048463043,0.0,-5.000000000000027,4.0000000000000036,-0.0008777220048463043
2017-10-16,2557.639892578125,1.54,2.3,3.53,0.0017492225323057532,3.0000000000000027,2.0000000000000018,-7.000000000000028,-0.0017492225323057532
2017-10-17,2559.360107421875,1.54,2.3,3.5,0.0006723529054339931,0.0,0.0,-2.9999999999999805,-0.0006723529054339931
2017-10-18,2561.260009765625,1.59,2.34,3.46,0.0007420595113295467,5.000000000000004,4.0000000000000036,-4.0000000000000036,-0.0007420595113295467
2017-10-19,2562.10009765625,1.58,2.33,3.48,0.00032794411501048555,-1.0000000000000009,-0.9999999999999787,2.0000000000000018,-0.00032794411501048555
2017-10-20,2575.2099609375,1.6,2.39,3.42,0.005103796185030386,2.0000000000000018,6.000000000000005,-6.000000000000005,-0.005103796185030386
2017-10-23,2564.97998046875,1.58,2.38,3.4,-0.003980395312997195,-2.0000000000000018,-1.000000000000023,-2.0000000000000018,0.003980395312997195
2017-10-24,2569.1298828125,1.6,2.42,3.38,0.0016166008745580412,2.0000000000000018,4.0000000000000036,-2.0000000000000018,-0.0016166008745580412
2017-10-25,2557.14990234375,1.61,2.44,3.42,-0.004673955687259985,1.0000000000000009,2.0000000000000018,4.0000000000000036,0.004673955687259985
2017-10-26,2560.39990234375,1.63,2.46,3.41,0.0012701392506023993,1.9999999999999796,2.0000000000000018,-0.9999999999999787,-0.0012701392506023993
2017-10-27,2581.070068359375,1.59,2.42,3.44,0.008040609979727099,-3.9999999999999813,-4.0000000000000036,2.9999999999999805,-0.008040609979727099
2017-10-30,2572.830078125,1.58,2.37,3.49,-0.0031975773767407194,-1.0000000000000009,-4.999999999999982,5.000000000000027,0.0031975773767407194
2017-10-31,2575.260009765625,1.6,2.38,3.51,0.0009440129366793155,2.0000000000000018,0.9999999999999787,1.9999999999999574,-0.0009440129366793155
2017-11-01,2579.360107421875,1.61,2.37,3.48,0.0015908441079038695,1.0000000000000009,-0.9999999999999787,-2.9999999999999805,-0.0015908441079038695
2017-11-02,2579.85009765625,1.61,2.35,3.52,0.00018994776966671517,0.0,-2.0000000000000018,4.0000000000000036,-0.00018994776966671517
2017-11-03,2587.840087890625,1.63,2.34,3.52,0.003092289326314394,1.9999999999999796,-1.000000000000023,0.0,-0.003092289326314394
2017-11-06,2591.1298828125,1.61,2.32,3.55,0.00127044388477643,-1.9999999999999796,-2.0000000000000018,2.9999999999999805,-0.00127044388477643
2017-11-07,2590.639892578125,1.63,2.32,3.57,-0.00018912080508191734,1.9999999999999796,0.0,2.0000000000000018,0.00018912080508191734
2017-11-08,2594.3798828125,1.65,2.32,3.67,0.0014426139320604147,2.0000000000000018,0.0,10.000000000000009,-0.0014426139320604147
2017-11-09,2584.6201171875,1.63,2.33,3.79,-0.0037689813393701364,-2.0000000000000018,1.000000000000023,12.00000000000001,0.0037689813393701364
2017-11-10,2582.300048828125,1.67,2.4,3.76,-0.0008980469760537102,4.0000000000000036,6.999999999999984,-3.000000000000025,0.0008980469760537102
2017-11-13,2584.840087890625,1.7,2.4,3.77,0.000983150911293032,3.0000000000000027,0.0,1.000000000000023,-0.000983150911293032
2017-11-14,2578.8701171875,1.68,2.38,3.84,-0.0023122805602819227,-2.0000000000000018,-2.0000000000000018,6.999999999999984,0.0023122805602819227
2017-11-15,2564.6201171875,1.68,2.33,3.97,-0.005540998742123611,0.0,-4.999999999999982,13.000000000000034,0.005540998742123611
2017-11-16,2585.639892578125,1.72,2.37,3.79,0.008162652782972403,4.0000000000000036,4.0000000000000036,-18.000000000000014,-0.008162652782972403
2017-11-17,2578.85009765625,1.73,2.35,3.76,-0.002629416978897395,1.0000000000000009,-2.0000000000000018,-3.000000000000025,0.002629416978897395
2017-11-20,2582.139892578125,1.77,2.37,3.7,0.0012748698887901106,4.0000000000000036,2.0000000000000018,-5.999999999999961,-0.0012748698887901106
2017-11-21,2599.030029296875,1.77,2.36,3.66,0.006519838879752696,0.0,-1.000000000000023,-4.0000000000000036,-0.006519838879752696
2017-11-22,2597.080078125,1.74,2.32,3.7,-0.0007505427033295442,-3.0000000000000027,-4.0000000000000036,4.0000000000000036,0.0007505427033295442
2017-11-24,2602.419921875,1.75,2.34,3.67,0.002053984278231966,1.0000000000000009,2.0000000000000018,-3.000000000000025,-0.002053984278231966
2017-11-27,2601.419921875,1.74,2.32,3.66,-0.00038433158680325395,-1.0000000000000009,-2.0000000000000018,-0.9999999999999787,0.00038433158680325395
2017-11-28,2627.0400390625,1.75,2.34,3.67,0.009800332196793644,1.0000000000000009,2.0000000000000018,0.9999999999999787,-0.009800332196793644
2017-11-29,2626.070068359375,1.78,2.37,3.64,-0.0003692938827907781,3.0000000000000027,3.000000000000025,-2.9999999999999805,0.0003692938827907781
2017-11-30,2647.580078125,1.78,2.42,3.61,0.008157586662811174,0.0,4.999999999999982,-3.000000000000025,-0.008157586662811174
2017-12-01,2642.219970703125,1.78,2.37,3.63,-0.0020265829358053324,0.0,-4.999999999999982,2.0000000000000018,0.0020265829358053324
2017-12-04,2639.43994140625,1.8,2.37,3.58,-0.0010527105492864532,2.0000000000000018,0.0,-4.999999999999982,0.0010527105492864532
2017-12-05,2629.570068359375,1.83,2.36,3.57,-0.003746390525955308,3.0000000000000027,-1.000000000000023,-1.000000000000023,0.003746390525955308
2017-12-06,2629.27001953125,1.78,2.33,3.63,-0.00011411217053034995,-5.000000000000004,-2.9999999999999805,6.000000000000005,0.00011411217053034995
2017-12-07,2636.97998046875,1.8,2.37,3.63,0.002928067010109385,2.0000000000000018,4.0000000000000036,0.0,-0.002928067010109385
2017-12-08,2651.5,1.8,2.38,3.63,0.005491202035518141,0.0,0.9999999999999787,0.0,-0.005491202035518141
2017-12-11,2659.989990234375,1.82,2.39,3.61,0.0031968421216958323,2.0000000000000018,1.000000000000023,-2.0000000000000018,-0.0031968421216958323
2017-12-12,2664.110107421875,1.83,2.4,3.58,0.001547723722089516,1.0000000000000009,0.9999999999999787,-2.9999999999999805,-0.001547723722089516
2017-12-13,2662.85009765625,1.79,2.36,3.64,-0.000473068970150185,-4.0000000000000036,-4.0000000000000036,6.000000000000005,0.000473068970150185
2017-12-14,2652.010009765625,1.82,2.35,3.63,-0.004079167730762682,3.0000000000000027,-0.9999999999999787,-1.000000000000023,0.004079167730762682
2017-12-15,2675.81005859375,1.84,2.35,3.64,0.008934313410142761,2.0000000000000018,0.0,1.000000000000023,-0.008934313410142761
2017-12-18,2690.159912109375,1.84,2.39,3.64,0.005348478579597589,0.0,4.0000000000000036,0.0,-0.005348478579597589
2017-12-19,2681.469970703125,1.87,2.46,3.6,-0.0032354980431185012,3.0000000000000027,6.999999999999984,-4.0000000000000036,0.0032354980431185012
2017-12-20,2679.25,1.87,2.49,3.58,-0.0008282360735725663,0.0,3.000000000000025,-2.0000000000000018,0.0008282360735725663
2017-12-21,2684.570068359375,1.89,2.48,3.57,0.0019836870126583982,1.9999999999999796,-1.000000000000023,-1.000000000000023,-0.0019836870126583982
2017-12-22,2683.340087890625,1.91,2.48,3.56,-0.00045827163811375547,2.0000000000000018,0.0,-0.9999999999999787,0.00045827163811375547
2017-12-26,2680.5,1.92,2.47,3.57,-0.0010589757000585695,1.0000000000000009,-0.9999999999999787,0.9999999999999787,0.0010589757000585695
2017-12-27,2682.6201171875,1.89,2.42,3.59,0.0007906283102422613,-3.0000000000000027,-5.000000000000027,2.0000000000000018,-0.0007906283102422613
2017-12-28,2687.5400390625,1.91,2.43,3.55,0.0018323190029195554,2.0000000000000018,1.000000000000023,-4.0000000000000036,-0.0018323190029195554
2017-12-29,2673.610107421875,1.89,2.4,3.58,-0.005196632292748298,-2.0000000000000018,-3.000000000000025,3.000000000000025,0.005196632292748298
2018-01-02,2695.81005859375,1.92,2.46,3.55,0.008269078218398127,3.0000000000000027,6.000000000000005,-3.000000000000025,-0.008269078218398127
2018-01-03,2713.06005859375,1.94,2.44,3.48,0.006378433243936035,2.0000000000000018,-2.0000000000000018,-6.999999999999984,-0.006378433243936035
2018-01-04,2723.989990234375,1.96,2.46,3.4,0.004020542855326989,2.0000000000000018,2.0000000000000018,-8.000000000000007,-0.004020542855326989
2018-01-05,2743.14990234375,1.96,2.47,3.36,0.007009145888585348,0.0,1.000000000000023,-4.0000000000000036,-0.007009145888585348
2018-01-08,2747.7099609375,1.96,2.49,3.35,0.001660963767296979,0.0,2.0000000000000018,-0.9999999999999787,-0.001660963767296979
2018-01-09,2751.2900390625,1.98,2.55,3.33,0.0013020835172984225,2.0000000000000018,5.999999999999961,-2.0000000000000018,-0.0013020835172984225
2018-01-10,2748.22998046875,1.98,2.55,3.42,-0.0011128458115206878,0.0,0.0,8.999999999999986,0.0011128458115206878
2018-01-11,2767.56005859375,1.98,2.54,3.4,0.007009025768882019,0.0,-0.9999999999999787,-2.0000000000000018,-0.007009025768882019
2018-01-12,2786.239990234375,1.99,2.55,3.37,0.006726926399094035,1.0000000000000009,0.9999999999999787,-2.9999999999999805,-0.006726926399094035
2018-01-16,2776.419921875,2.03,2.54,3.34,-0.0035307132616026696,3.9999999999999813,-0.9999999999999787,-3.000000000000025,0.0035307132616026696
2018-01-17,2802.56005859375,2.05,2.57,3.34,0.009371006206502086,2.0000000000000018,2.9999999999999805,0.0,-0.009371006206502086
2018-01-18,2798.030029296875,2.05,2.62,3.35,-0.0016176974974736241,0.0,5.000000000000027,1.000000000000023,0.0016176974974736241
2018-01-19,2810.300048828125,2.06,2.64,3.35,0.004375647986990156,1.000000000000023,2.0000000000000018,0.0,-0.004375647986990156
2018-01-22,2832.969970703125,2.08,2.66,3.32,0.00803436438221324,2.0000000000000018,2.0000000000000018,-3.000000000000025,-0.00803436438221324
2018-01-23,2839.1298828125,2.06,2.63,3.31,0.002172004968222319,-2.0000000000000018,-3.000000000000025,-0.9999999999999787,-0.002172004968222319
2018-01-24,2837.5400390625,2.08,2.65,3.28,-0.0005601325472320471,2.0000000000000018,2.0000000000000018,-3.000000000000025,0.0005601325472320471
2018-01-25,2839.25,2.08,2.63,3.28,0.0006024393988328895,0.0,-2.0000000000000018,0.0,-0.0006024393988328895
2018-01-26,2872.8701171875,2.13,2.66,3.23,0.011771638106084168,4.999999999999982,3.000000000000025,-4.999999999999982,-0.011771638106084168
2018-01-29,2853.530029296875,2.11,2.7,3.26,-0.006754736284863033,-2.0000000000000018,4.0000000000000036,2.9999999999999805,0.006754736284863033
2018-01-30,2822.429931640625,2.13,2.73,3.33,-0.010958642805337085,2.0000000000000018,2.9999999999999805,7.000000000000028,0.010958642805337085
2018-01-31,2823.81005859375,2.14,2.72,3.29,0.0004888658586947881,1.000000000000023,-0.9999999999999787,-4.0000000000000036,-0.0004888658586947881
2018-02-01,2821.97998046875,2.16,2.78,3.29,-0.0006482983520233253,2.0000000000000018,5.999999999999961,0.0,0.0006482983520233253
2018-02-02,2762.1298828125,2.15,2.84,3.36,-0.021436680516698812,-1.000000000000023,6.000000000000005,6.999999999999984,0.021436680516698812
2018-02-05,2648.93994140625,2.08,2.77,3.48,-0.041842540938381426,-6.999999999999984,-6.999999999999984,12.00000000000001,0.041842540938381426
2018-02-06,2695.139892578125,2.1,2.79,3.6,0.017290573348937088,2.0000000000000018,2.0000000000000018,12.00000000000001,-0.017290573348937088
2018-02-07,2681.659912109375,2.15,2.84,3.46,-0.005014138223752627,4.999999999999982,4.999999999999982,-14.000000000000012,0.005014138223752627
2018-02-08,2581.0,2.13,2.85,3.59,-0.0382590522458017,-2.0000000000000018,1.000000000000023,12.99999999999999,0.0382590522458017
2018-02-09,2619.550048828125,2.05,2.83,3.82,0.014825645199524345,-8.000000000000007,-2.0000000000000018,23.0,-0.014825645199524345
2018-02-12,2656.0,2.09,2.86,3.71,0.013818665678186272,4.0000000000000036,2.9999999999999805,-10.999999999999988,-0.013818665678186272
2018-02-13,2662.93994140625,2.1,2.83,3.78,0.0026095219802775584,1.000000000000023,-2.9999999999999805,6.999999999999984,-0.0026095219802775584
2018-02-14,2698.6298828125,2.17,2.91,3.69,0.013313439808897013,6.999999999999984,8.000000000000007,-8.999999999999986,-0.013313439808897013
2018-02-15,2731.199951171875,2.19,2.9,3.57,0.01199686177677526,2.0000000000000018,-1.000000000000023,-12.00000000000001,-0.01199686177677526
2018-02-16,2732.219970703125,2.21,2.87,3.5,0.0003733996499216942,2.0000000000000018,-2.9999999999999805,-6.999999999999984,-0.0003733996499216942
2018-02-20,2716.260009765625,2.25,2.88,3.48,-0.005858517106837343,4.0000000000000036,0.9999999999999787,-2.0000000000000018,0.005858517106837343
2018-02-21,2701.330078125,2.26,2.94,3.46,-0.005511664483310908,0.9999999999999787,6.000000000000005,-2.0000000000000018,0.005511664483310908
2018-02-22,2703.9599609375,2.25,2.92,3.53,0.0009730774855778604,-0.9999999999999787,-2.0000000000000018,6.999999999999984,-0.0009730774855778604
2018-02-23,2747.300048828125,2.25,2.88,3.58,0.015901278245121022,0.0,-4.0000000000000036,5.000000000000027,-0.015901278245121022
2018-02-26,2779.60009765625,2.22,2.86,3.5,0.011688438620627399,-2.9999999999999805,-2.0000000000000018,-8.000000000000007,-0.011688438620627399
2018-02-27,2744.280029296875,2.27,2.9,3.47,-0.012788311441467541,4.999999999999982,4.0000000000000036,-2.9999999999999805,0.012788311441467541
2018-02-28,2713.830078125,2.25,2.87,3.47,-0.011157806083656078,-2.0000000000000018,-2.9999999999999805,0.0,0.011157806083656078
2018-03-01,2677.669921875,2.22,2.81,3.59,-0.013413965854876449,-2.9999999999999805,-6.000000000000005,11.999999999999966,0.013413965854876449
2018-03-02,2691.25,2.25,2.86,3.65,0.005058785485198549,2.9999999999999805,4.999999999999982,6.000000000000005,-0.005058785485198549
2018-03-05,2720.93994140625,2.24,2.88,3.59,0.01097161761052657,-0.9999999999999787,2.0000000000000018,-6.000000000000005,-0.01097161761052657
2018-03-06,2728.1201171875,2.25,2.88,3.53,0.0026353829319968104,0.9999999999999787,0.0,-6.000000000000005,-0.0026353829319968104
2018-03-07,2726.800048828125,2.25,2.89,3.56,-0.000483991825716375,0.0,1.000000000000023,3.000000000000025,0.000483991825716375
2018-03-08,2738.969970703125,2.25,2.86,3.56,0.004453148208884627,0.0,-3.000000000000025,0.0,-0.004453148208884627
2018-03-09,2786.570068359375,2.27,2.9,3.53,0.017229546741207587,2.0000000000000018,4.0000000000000036,-3.000000000000025,-0.017229546741207587
2018-03-12,2783.02001953125,2.27,2.87,3.55,-0.001274797337998416,0.0,-2.9999999999999805,2.0000000000000018,0.001274797337998416
2018-03-13,2765.31005859375,2.26,2.84,3.58,-0.006383910414314703,-1.000000000000023,-3.000000000000025,3.000000000000025,0.006383910414314703
2018-03-14,2749.47998046875,2.26,2.81,3.62,-0.005740969825188786,0.0,-2.9999999999999805,4.0000000000000036,0.005740969825188786
2018-03-15,2747.330078125,2.29,2.82,3.62,-0.0007822363990965508,3.000000000000025,0.9999999999999787,0.0,0.0007822363990965508
2018-03-16,2752.010009765625,2.31,2.85,3.6,0.0017019979472317418,2.0000000000000018,3.000000000000025,-2.0000000000000018,-0.0017019979472317418
2018-03-19,2712.919921875,2.31,2.85,3.65,-0.014306040541373417,0.0,0.0,4.999999999999982,0.014306040541373417
2018-03-20,2716.93994140625,2.34,2.89,3.62,0.0014807086617189258,2.9999999999999805,4.0000000000000036,-2.9999999999999805,-0.0014807086617189258
2018-03-21,2711.929931640625,2.31,2.89,3.6,-0.0018456921256294063,-2.9999999999999805,0.0,-2.0000000000000018,0.0018456921256294063
2018-03-22,2643.68994140625,2.29,2.83,3.7,-0.025484886972854417,-2.0000000000000018,-6.000000000000005,10.000000000000009,0.025484886972854417
2018-03-23,2588.260009765625,2.28,2.82,3.74,-0.02118980731175066,-1.000000000000023,-1.000000000000023,4.0000000000000036,0.02118980731175066
2018-03-26,2658.550048828125,2.33,2.85,3.73,0.026795040706035392,5.000000000000027,3.000000000000025,-1.000000000000023,-0.026795040706035392
2018-03-27,2612.6201171875,2.26,2.78,3.75,-0.0174272856453219,-7.000000000000028,-7.000000000000028,2.0000000000000018,0.0174272856453219
2018-03-28,2605.0,2.28,2.77,3.77,-0.0029209188994626773,2.0000000000000018,-0.9999999999999787,2.0000000000000018,0.0029209188994626773
2018-03-29,2640.8701171875,2.27,2.74,3.79,0.013675777493843445,-0.9999999999999787,-2.9999999999999805,2.0000000000000018,-0.013675777493843445
2018-04-02,2581.8798828125,2.25,2.73,3.77,-0.022590682343495868,-2.0000000000000018,-1.000000000000023,-2.0000000000000018,0.022590682343495868
2018-04-03,2614.449951171875,2.28,2.79,3.71,0.012535961315741067,2.9999999999999805,6.000000000000005,-6.000000000000005,-0.012535961315741067
2018-04-04,2644.68994140625,2.28,2.79,3.71,0.01150010234644679,0.0,0.0,0.0,-0.01150010234644679
2018-04-05,2662.840087890625,2.3,2.83,3.59,0.006839421401651201,2.0000000000000018,4.0000000000000036,-12.00000000000001,-0.006839421401651201
2018-04-06,2604.469970703125,2.27,2.77,3.64,-0.022164067057064987,-2.9999999999999805,-6.000000000000005,5.000000000000027,0.022164067057064987
2018-04-09,2613.159912109375,2.29,2.78,3.61,0.0033309949675928295,2.0000000000000018,0.9999999999999787,-3.000000000000025,-0.0033309949675928295
2018-04-10,2656.8701171875,2.32,2.8,3.52,0.01658859899631407,2.9999999999999805,2.0000000000000018,-8.999999999999986,-0.01658859899631407
2018-04-11,2642.18994140625,2.32,2.79,3.5,-0.005540685772461173,0.0,-0.9999999999999787,-2.0000000000000018,0.005540685772461173
2018-04-12,2663.989990234375,2.34,2.83,3.42,0.008216898697657044,2.0000000000000018,4.0000000000000036,-8.000000000000007,-0.008216898697657044
2018-04-13,2656.300048828125,2.37,2.82,3.38,-0.0028907998267066345,3.000000000000025,-1.000000000000023,-4.0000000000000036,0.0028907998267066345
2018-04-16,2677.840087890625,2.39,2.83,3.33,0.008076336801563068,2.0000000000000018,1.000000000000023,-4.999999999999982,-0.008076336801563068
2018-04-17,2706.389892578125,2.41,2.82,3.29,0.01060507161386675,2.0000000000000018,-1.000000000000023,-4.0000000000000036,-0.01060507161386675
2018-04-18,2708.639892578125,2.42,2.87,3.24,0.0008310204075532664,0.9999999999999787,5.000000000000027,-4.999999999999982,-0.0008310204075532664
2018-04-19,2693.1298828125,2.44,2.92,3.33,-0.00574258179583257,2.0000000000000018,4.999999999999982,8.999999999999986,0.00574258179583257
2018-04-20,2670.139892578125,2.46,2.96,3.33,-0.008573177188352708,2.0000000000000018,4.0000000000000036,0.0,0.008573177188352708
2018-04-23,2670.2900390625,2.49,2.98,3.36,5.623011118453955e-05,3.000000000000025,2.0000000000000018,2.9999999999999805,-5.623011118453955e-05
2018-04-24,2634.56005859375,2.48,3.0,3.41,-0.013470888006475166,-1.000000000000023,2.0000000000000018,5.000000000000027,0.013470888006475166
2018-04-25,2639.39990234375,2.49,3.03,3.47,0.0018353742328236348,1.000000000000023,2.9999999999999805,6.000000000000005,-0.0018353742328236348
2018-04-26,2666.93994140625,2.49,3.0,3.43,0.010380144187376953,0.0,-2.9999999999999805,-4.0000000000000036,-0.010380144187376953
2018-04-27,2669.909912109375,2.49,2.96,3.44,0.001113005271363815,0.0,-4.0000000000000036,0.9999999999999787,-0.001113005271363815
2018-04-30,2648.050048828125,2.49,2.95,3.46,-0.008221192548921247,0.0,-0.9999999999999787,2.0000000000000018,0.008221192548921247
2018-05-01,2654.800048828125,2.5,2.97,3.47,0.0025458021710273926,0.9999999999999787,2.0000000000000018,1.000000000000023,-0.0025458021710273926
2018-05-02,2635.669921875,2.49,2.97,3.45,-0.007231951201402355,-0.9999999999999787,0.0,-2.0000000000000018,0.007231951201402355
2018-05-03,2629.72998046875,2.49,2.94,3.5,-0.002256217585064076,0.0,-3.000000000000025,4.999999999999982,0.002256217585064076
2018-05-04,2663.419921875,2.51,2.95,3.49,0.012729810028334959,1.9999999999999574,1.000000000000023,-0.9999999999999787,-0.012729810028334959
2018-05-07,2672.6298828125,2.49,2.95,3.46,0.003451980554989958,-1.9999999999999574,0.0,-3.000000000000025,-0.003451980554989958
2018-05-08,2671.919921875,2.51,2.97,3.46,-0.0002656766117338216,1.9999999999999574,2.0000000000000018,0.0,0.0002656766117338216
2018-05-09,2697.7900390625,2.54,3.0,3.43,0.009635647934868785,3.000000000000025,2.9999999999999805,-2.9999999999999805,-0.009635647934868785
2018-05-10,2723.070068359375,2.54,2.97,3.41,0.009327011603848374,0.0,-2.9999999999999805,-2.0000000000000018,-0.009327011603848374
2018-05-11,2727.719970703125,2.54,2.97,3.4,0.001706139270961256,0.0,0.0,-1.000000000000023,-0.001706139270961256
2018-05-14,2730.1298828125,2.55,3.0,3.37,0.0008830995101265589,0.9999999999999787,2.9999999999999805,-2.9999999999999805,-0.0008830995101265589
2018-05-15,2711.449951171875,2.58,3.08,3.36,-0.006865655043990812,3.000000000000025,8.000000000000007,-1.000000000000023,0.006865655043990812
2018-05-16,2722.4599609375,2.58,3.09,3.37,0.004052339847514407,0.0,0.9999999999999787,1.000000000000023,-0.004052339847514407
2018-05-17,2720.1298828125,2.57,3.11,3.36,-0.0008562387886101002,-1.000000000000023,2.0000000000000018,-1.000000000000023,0.0008562387886101002
2018-05-18,2712.969970703125,2.55,3.06,3.41,-0.0026356652545503154,-2.0000000000000018,-4.999999999999982,5.000000000000027,0.0026356652545503154
2018-05-21,2733.010009765625,2.58,3.06,3.4,0.007359604547933372,3.000000000000025,0.0,-1.000000000000023,-0.007359604547933372
2018-05-22,2724.43994140625,2.59,3.06,3.39,-0.0031406885928751895,0.9999999999999787,0.0,-0.9999999999999787,0.0031406885928751895
2018-05-23,2733.2900390625,2.53,3.01,3.48,0.0032431452068987514,-6.000000000000005,-5.000000000000027,8.999999999999986,-0.0032431452068987514
2018-05-24,2727.760009765625,2.5,2.98,3.49,-0.0020252629577225518,-2.9999999999999805,-2.9999999999999805,1.000000000000023,0.0020252629577225518
2018-05-25,2721.330078125,2.48,2.93,3.53,-0.002360003054185922,-2.0000000000000018,-4.999999999999982,3.999999999999959,0.002360003054185922
2018-05-29,2689.860107421875,2.32,2.77,3.75,-0.011631572511792225,-16.000000000000014,-16.000000000000014,22.00000000000002,0.011631572511792225
2018-05-30,2724.010009765625,2.42,2.84,3.64,0.012615875351923801,10.000000000000009,6.999999999999984,-10.999999999999988,-0.012615875351923801
2018-05-31,2705.27001953125,2.4,2.83,3.63,-0.006903333243434208,-2.0000000000000018,-0.9999999999999787,-1.000000000000023,0.006903333243434208
2018-06-01,2734.6201171875,2.47,2.89,3.55,0.01079079970923988,7.000000000000028,6.000000000000005,-8.000000000000007,-0.01079079970923988
2018-06-04,2746.8701171875,2.52,2.94,3.49,0.004469594898352221,4.999999999999982,4.999999999999982,-5.999999999999961,-0.004469594898352221
2018-06-05,2748.800048828125,2.49,2.92,3.5,0.0007023462695756739,-2.9999999999999805,-2.0000000000000018,0.9999999999999787,-0.0007023462695756739
2018-06-06,2772.35009765625,2.52,2.97,3.44,0.008530900637311972,2.9999999999999805,5.000000000000027,-6.000000000000005,-0.008530900637311972
2018-06-07,2770.3701171875,2.5,2.93,3.44,-0.0007144436219845289,-2.0000000000000018,-4.0000000000000036,0.0,0.0007144436219845289
2018-06-08,2779.030029296875,2.5,2.93,3.45,0.0031210289077513477,0.0,0.0,1.000000000000023,-0.0031210289077513477
2018-06-11,2782.0,2.52,2.96,3.39,0.0010681370069403208,2.0000000000000018,2.9999999999999805,-6.000000000000005,-0.0010681370069403208
2018-06-12,2786.85009765625,2.54,2.96,3.38,0.0017418672787038484,2.0000000000000018,0.0,-1.000000000000023,-0.0017418672787038484
2018-06-13,2775.6298828125,2.59,2.98,3.33,-0.004034254541411457,4.999999999999982,2.0000000000000018,-4.999999999999982,0.004034254541411457
2018-06-14,2782.489990234375,2.59,2.94,3.31,0.002468500522503687,0.0,-4.0000000000000036,-2.0000000000000018,-0.002468500522503687
2018-06-15,2779.659912109375,2.55,2.93,3.33,-0.00101762031549408,-4.0000000000000036,-0.9999999999999787,2.0000000000000018,0.00101762031549408
2018-06-18,2773.75,2.56,2.92,3.34,-0.002128391180886516,1.000000000000023,-1.000000000000023,0.9999999999999787,0.002128391180886516
2018-06-19,2762.590087890625,2.54,2.89,3.4,-0.004031517951391294,-2.0000000000000018,-2.9999999999999805,6.000000000000005,0.004031517951391294
2018-06-20,2767.320068359375,2.56,2.93,3.34,0.001710690224112545,2.0000000000000018,4.0000000000000036,-6.000000000000005,-0.001710690224112545
2018-06-21,2749.760009765625,2.56,2.9,3.39,-0.006365728843220268,0.0,-3.000000000000025,5.000000000000027,0.006365728843220268
2018-06-22,2754.8798828125,2.56,2.9,3.39,0.0018602032551338834,0.0,0.0,0.0,-0.0018602032551338834
2018-06-25,2717.070068359375,2.54,2.87,3.47,-0.013819722967770653,-2.0000000000000018,-2.9999999999999805,8.000000000000007,0.013819722967770653
2018-06-26,2723.06005859375,2.53,2.88,3.48,0.0022021505056967236,-1.000000000000023,0.9999999999999787,0.9999999999999787,-0.0022021505056967236
2018-06-27,2699.6298828125,2.52,2.83,3.56,-0.008641586313141117,-0.9999999999999787,-4.999999999999982,8.000000000000007,0.008641586313141117
2018-06-28,2716.31005859375,2.52,2.84,3.64,0.006159680019031288,0.0,0.9999999999999787,8.000000000000007,-0.006159680019031288
2018-06-29,2718.3701171875,2.52,2.85,3.61,0.0007581158875170001,0.0,1.000000000000023,-3.000000000000025,-0.0007581158875170001
2018-07-02,2726.7099609375,2.57,2.87,3.78,0.003063260834293461,4.999999999999982,2.0000000000000018,16.999999999999993,-0.003063260834293461
2018-07-03,2713.219970703125,2.53,2.83,3.77,-0.004959629280533677,-4.0000000000000036,-4.0000000000000036,-0.9999999999999787,0.004959629280533677
2018-07-05,2736.610107421875,2.55,2.84,3.74,0.008583856745537827,2.0000000000000018,0.9999999999999787,-2.9999999999999805,-0.008583856745537827
2018-07-06,2759.820068359375,2.53,2.82,3.74,0.00844551760058016,-2.0000000000000018,-2.0000000000000018,0.0,-0.00844551760058016
2018-07-09,2784.169921875,2.57,2.86,3.65,0.008784290785341506,4.0000000000000036,4.0000000000000036,-9.00000000000003,-0.008784290785341506
2018-07-10,2793.840087890625,2.59,2.87,3.59,0.003467249318821859,2.0000000000000018,1.000000000000023,-6.000000000000005,-0.003467249318821859
2018-07-11,2774.02001953125,2.58,2.85,3.66,-0.007119486371916502,-0.9999999999999787,-2.0000000000000018,7.000000000000028,0.007119486371916502
2018-07-12,2798.2900390625,2.6,2.85,3.61,0.0087109915801719,2.0000000000000018,0.0,-5.000000000000027,-0.0087109915801719
2018-07-13,2801.31005859375,2.59,2.83,3.62,0.0010786555366086475,-1.000000000000023,-2.0000000000000018,1.000000000000023,-0.0010786555366086475
2018-07-16,2798.429931640625,2.59,2.85,3.59,-0.0010286646208985384,0.0,2.0000000000000018,-3.000000000000025,0.0010286646208985384
2018-07-17,2809.550048828125,2.62,2.86,3.58,0.003965824343443431,3.000000000000025,0.9999999999999787,-0.9999999999999787,-0.003965824343443431
2018-07-18,2815.6201171875,2.6,2.88,3.56,0.0021581820767374625,-2.0000000000000018,2.0000000000000018,-2.0000000000000018,-0.0021581820767374625
2018-07-19,2804.489990234375,2.6,2.84,3.59,-0.003960826849049506,0.0,-4.0000000000000036,2.9999999999999805,0.003960826849049506
2018-07-20,2801.830078125,2.6,2.89,3.55,-0.0009488977712743676,0.0,5.000000000000027,-4.0000000000000036,0.0009488977712743676
2018-07-23,2806.97998046875,2.64,2.96,3.5,0.0018363623432315187,4.0000000000000036,6.999999999999984,-4.999999999999982,-0.0018363623432315187
2018-07-24,2820.39990234375,2.63,2.95,3.47,0.004769518886053562,-1.000000000000023,-0.9999999999999787,-2.9999999999999805,-0.004769518886053562
2018-07-25,2846.070068359375,2.66,2.94,3.48,0.009060435070372713,3.000000000000025,-1.000000000000023,0.9999999999999787,-0.009060435070372713
2018-07-26,2837.43994140625,2.69,2.98,3.42,-0.00303690274886736,2.9999999999999805,4.0000000000000036,-6.000000000000005,0.00303690274886736
2018-07-27,2818.820068359375,2.67,2.96,3.42,-0.006583834644845457,-2.0000000000000018,-2.0000000000000018,0.0,0.006583834644845457
2018-07-30,2802.60009765625,2.66,2.98,3.43,-0.0057707893155871425,-0.9999999999999787,2.0000000000000018,1.000000000000023,0.0057707893155871425
2018-07-31,2816.2900390625,2.67,2.96,3.46,0.004872837219303094,0.9999999999999787,-2.0000000000000018,2.9999999999999805,-0.004872837219303094
2018-08-01,2813.360107421875,2.67,3.0,3.43,-0.0010408930675711336,0.0,4.0000000000000036,-2.9999999999999805,0.0010408930675711336
2018-08-02,2827.219970703125,2.66,2.98,3.43,0.0049143495822087,-0.9999999999999787,-2.0000000000000018,0.0,-0.0049143495822087
2018-08-03,2840.35009765625,2.63,2.95,3.43,0.004633432065347987,-3.000000000000025,-2.9999999999999805,0.0,-0.004633432065347987
2018-08-06,2850.39990234375,2.64,2.94,3.43,0.003531982650801626,1.000000000000023,-1.000000000000023,0.0,-0.003531982650801626
2018-08-07,2858.449951171875,2.68,2.98,3.35,0.0028202017464857678,4.0000000000000036,4.0000000000000036,-8.000000000000007,-0.0028202017464857678
2018-08-08,2857.699951171875,2.68,2.96,3.37,-0.00026241439329510795,0.0,-2.0000000000000018,2.0000000000000018,0.00026241439329510795
2018-08-09,2853.580078125,2.64,2.93,3.38,-0.0014427146770399496,-4.0000000000000036,-2.9999999999999805,0.9999999999999787,0.0014427146770399496
2018-08-10,2833.280029296875,2.61,2.87,3.5,-0.007139312263244473,-3.000000000000025,-6.000000000000005,12.00000000000001,0.007139312263244473
2018-08-13,2821.929931640625,2.61,2.88,3.52,-0.004014037665980266,0.0,0.9999999999999787,2.0000000000000018,0.004014037665980266
2018-08-14,2839.9599609375,2.63,2.89,3.48,0.006368930016417421,2.0000000000000018,1.000000000000023,-4.0000000000000036,-0.006368930016417421
2018-08-15,2818.3701171875,2.61,2.86,3.55,-0.007631208581378815,-2.0000000000000018,-3.000000000000025,6.999999999999984,0.007631208581378815
2018-08-16,2840.68994140625,2.63,2.87,3.49,0.00788821455263811,2.0000000000000018,1.000000000000023,-5.999999999999961,-0.00788821455263811
2018-08-17,2850.1298828125,2.61,2.87,3.49,0.003317606375263089,-2.0000000000000018,0.0,0.0,-0.003317606375263089
2018-08-20,2857.050048828125,2.6,2.82,3.52,0.002425074902128281,-0.9999999999999787,-5.000000000000027,2.9999999999999805,-0.002425074902128281
2018-08-21,2862.9599609375,2.61,2.85,3.48,0.002066399954627058,0.9999999999999787,3.000000000000025,-4.0000000000000036,-0.002066399954627058
2018-08-22,2861.820068359375,2.6,2.82,3.48,-0.0003982310542435054,-0.9999999999999787,-3.000000000000025,0.0,0.0003982310542435054
2018-08-23,2856.97998046875,2.61,2.82,3.47,-0.0016926939235351061,0.9999999999999787,0.0,-0.9999999999999787,0.0016926939235351061
2018-08-24,2874.68994140625,2.63,2.82,3.46,0.006179705928285333,2.0000000000000018,0.0,-1.000000000000023,-0.006179705928285333
2018-08-27,2896.739990234375,2.67,2.85,3.43,0.007641141407110444,4.0000000000000036,3.000000000000025,-2.9999999999999805,-0.007641141407110444
2018-08-28,2897.52001953125,2.67,2.88,3.4,0.00026924207759835515,0.0,2.9999999999999805,-3.000000000000025,-0.00026924207759835515
2018-08-29,2914.0400390625,2.67,2.89,3.39,0.005685242468911669,0.0,1.000000000000023,-0.9999999999999787,-0.005685242468911669
2018-08-30,2901.1298828125,2.64,2.86,3.44,-0.004440172044458075,-2.9999999999999805,-3.000000000000025,4.999999999999982,0.004440172044458075
2018-08-31,2901.52001953125,2.62,2.86,3.49,0.00013446846730492032,-2.0000000000000018,0.0,5.000000000000027,-0.00013446846730492032
2018-09-04,2896.719970703125,2.66,2.9,3.46,-0.0016556920488793076,4.0000000000000036,4.0000000000000036,-3.000000000000025,0.0016556920488793076
2018-09-05,2888.60009765625,2.66,2.9,3.49,-0.002807062801265972,0.0,0.0,3.000000000000025,0.002807062801265972
2018-09-06,2878.050048828125,2.64,2.88,3.52,-0.0036589910366181576,-2.0000000000000018,-2.0000000000000018,2.9999999999999805,0.0036589910366181576
2018-09-07,2871.679931640625,2.71,2.94,3.48,-0.002215797895014484,6.999999999999984,6.000000000000005,-4.0000000000000036,0.002215797895014484
2018-09-10,2877.1298828125,2.73,2.94,3.46,0.0018960282146933797,2.0000000000000018,0.0,-2.0000000000000018,-0.0018960282146933797
2018-09-11,2887.889892578125,2.76,2.98,3.4,0.003732865689715426,2.9999999999999805,4.0000000000000036,-6.000000000000005,-0.003732865689715426
2018-09-12,2888.919921875,2.74,2.97,3.38,0.0003566083498935524,-1.9999999999999574,-0.9999999999999787,-2.0000000000000018,-0.0003566083498935524
2018-09-13,2904.179931640625,2.76,2.97,3.35,0.005268352159391334,1.9999999999999574,0.0,-2.9999999999999805,-0.005268352159391334
2018-09-14,2904.97998046875,2.78,2.99,3.29,0.00027544390076635555,2.0000000000000018,2.0000000000000018,-6.000000000000005,-0.00027544390076635555
2018-09-17,2888.800048828125,2.78,2.99,3.29,-0.005585290991549207,0.0,0.0,0.0,0.005585290991549207
2018-09-18,2904.31005859375,2.81,3.05,3.24,0.0053546528676252396,3.000000000000025,5.999999999999961,-4.999999999999982,-0.0053546528676252396
2018-09-19,2907.949951171875,2.81,3.08,3.24,0.0012524880331719868,0.0,3.000000000000025,0.0,-0.0012524880331719868
2018-09-20,2930.75,2.81,3.07,3.25,0.00781001418532906,0.0,-1.000000000000023,0.9999999999999787,-0.00781001418532906
2018-09-21,2929.669921875,2.81,3.07,3.25,-0.00036860093700704873,0.0,0.0,0.0,0.00036860093700704873
2018-09-24,2919.3701171875,2.83,3.08,3.28,-0.003521882314013849,2.0000000000000018,1.000000000000023,2.9999999999999805,0.003521882314013849
2018-09-25,2915.56005859375,2.83,3.1,3.26,-0.001305948493117946,0.0,2.0000000000000018,-2.0000000000000018,0.001305948493117946
2018-09-26,2905.969970703125,2.83,3.06,3.27,-0.003294699681159941,0.0,-4.0000000000000036,1.000000000000023,0.003294699681159941
2018-09-27,2914.0,2.83,3.06,3.25,0.0027594762285113967,0.0,0.0,-2.0000000000000018,-0.0027594762285113967
2018-09-28,2913.97998046875,2.81,3.05,3.24,-6.870144138179519e-06,-2.0000000000000018,-1.000000000000023,-0.9999999999999787,6.870144138179519e-06
2018-10-01,2924.590087890625,2.82,3.09,3.22,0.0036344923421985013,0.9999999999999787,4.0000000000000036,-2.0000000000000018,-0.0036344923421985013
2018-10-02,2923.429931640625,2.82,3.05,3.22,-0.0003967689102790794,0.0,-4.0000000000000036,0.0,0.0003967689102790794
2018-10-03,2925.510009765625,2.85,3.15,3.16,0.0007112667367183715,3.000000000000025,10.000000000000009,-6.000000000000005,-0.0007112667367183715
2018-10-04,2901.610107421875,2.87,3.19,3.29,-0.008203035421009815,2.0000000000000018,4.0000000000000036,12.99999999999999,0.008203035421009815
2018-10-05,2885.570068359375,2.88,3.23,3.32,-0.0055433145846221455,0.9999999999999787,4.0000000000000036,2.9999999999999805,0.0055433145846221455
2018-10-08,2884.429931640625,2.88,3.23,3.32,-0.000395194708349698,0.0,0.0,0.0,0.000395194708349698
2018-10-09,2880.340087890625,2.88,3.21,3.41,-0.0014189098341542976,0.0,-2.0000000000000018,9.00000000000003,0.0014189098341542976
2018-10-10,2785.679931640625,2.88,3.22,3.51,-0.03341638904260208,0.0,1.000000000000023,9.999999999999964,0.03341638904260208
2018-10-11,2728.3701171875,2.85,3.14,3.58,-0.02078757997254153,-2.9999999999999805,-8.000000000000007,7.000000000000028,0.02078757997254153
2018-10-12,2767.1298828125,2.85,3.15,3.54,0.014106235408376288,0.0,0.9999999999999787,-4.0000000000000036,-0.014106235408376288
2018-10-15,2750.7900390625,2.85,3.16,3.49,-0.005922482291300048,0.0,1.000000000000023,-4.999999999999982,0.005922482291300048
2018-10-16,2809.919921875,2.87,3.16,3.45,0.02126782803490127,2.0000000000000018,0.0,-4.0000000000000036,-0.02126782803490127
2018-10-17,2809.2099609375,2.89,3.19,3.45,-0.0002526942626648821,2.0000000000000018,2.9999999999999805,0.0,0.0002526942626648821
2018-10-18,2768.780029296875,2.87,3.17,3.51,-0.014496490575341185,-2.0000000000000018,-2.0000000000000018,5.999999999999961,0.014496490575341185
2018-10-19,2767.780029296875,2.92,3.2,3.51,-0.00036123513527937907,4.999999999999982,3.000000000000025,0.0,0.00036123513527937907
2018-10-22,2755.8798828125,2.92,3.2,3.52,-0.004308797096477868,0.0,0.0,1.000000000000023,0.004308797096477868
2018-10-23,2740.68994140625,2.89,3.17,3.65,-0.005527076180694164,-2.9999999999999805,-3.000000000000025,12.99999999999999,0.005527076180694164
2018-10-24,2656.10009765625,2.84,3.1,3.68,-0.03135077386114084,-5.000000000000027,-6.999999999999984,3.000000000000025,0.03135077386114084
2018-10-25,2705.570068359375,2.86,3.14,3.72,0.018453717978714167,2.0000000000000018,4.0000000000000036,4.0000000000000036,-0.018453717978714167
2018-10-26,2658.68994140625,2.81,3.08,3.85,-0.017479138010003174,-4.999999999999982,-6.000000000000005,12.99999999999999,0.017479138010003174
2018-10-29,2641.25,2.81,3.08,3.84,-0.00658120829519397,0.0,0.0,-1.000000000000023,0.00658120829519397
2018-10-30,2682.6298828125,2.84,3.12,3.89,0.015545322971877482,2.9999999999999805,4.0000000000000036,5.000000000000027,-0.015545322971877482
2018-10-31,2711.739990234375,2.87,3.15,3.81,0.010792878754571094,3.000000000000025,2.9999999999999805,-8.000000000000007,-0.010792878754571094
2018-11-01,2740.3701171875,2.84,3.14,3.81,0.010502498868529206,-3.000000000000025,-0.9999999999999787,0.0,-0.010502498868529206
2018-11-02,2723.06005859375,2.91,3.22,3.72,-0.006336721055879746,7.000000000000028,8.000000000000007,-8.999999999999986,0.006336721055879746
2018-11-05,2738.31005859375,2.91,3.2,3.72,0.0055846936971941175,0.0,-2.0000000000000018,0.0,-0.0055846936971941175
2018-11-06,2755.449951171875,2.93,3.22,3.68,0.0062397877444086355,2.0000000000000018,2.0000000000000018,-4.0000000000000036,-0.0062397877444086355
2018-11-07,2813.889892578125,2.96,3.22,3.6,0.020987078560774024,2.9999999999999805,0.0,-8.000000000000007,-0.020987078560774024
2018-11-08,2806.830078125,2.98,3.24,3.57,-0.002512068988491457,2.0000000000000018,2.0000000000000018,-3.000000000000025,0.002512068988491457
2018-11-09,2781.010009765625,2.94,3.19,3.71,-0.00924158591537243,-4.0000000000000036,-5.000000000000027,14.000000000000012,0.00924158591537243
2018-11-12,2726.219970703125,2.94,3.19,3.71,-0.019898150985467496,0.0,0.0,0.0,0.019898150985467496
2018-11-13,2722.179931640625,2.89,3.14,3.89,-0.0014830188221738934,-4.999999999999982,-4.999999999999982,18.000000000000014,0.0014830188221738934
2018-11-14,2701.580078125,2.86,3.12,3.99,-0.007596188818450545,-3.000000000000025,-2.0000000000000018,10.000000000000009,0.007596188818450545
2018-11-15,2730.199951171875,2.86,3.11,4.11,0.01053803274264194,0.0,-1.000000000000023,12.00000000000001,-0.01053803274264194
2018-11-16,2736.27001953125,2.81,3.08,4.18,0.002220837537483983,-4.999999999999982,-2.9999999999999805,6.99999999999994,-0.002220837537483983
2018-11-19,2690.72998046875,2.79,3.06,4.25,-0.016783161235721437,-2.0000000000000018,-2.0000000000000018,7.000000000000028,0.016783161235721437
2018-11-20,2641.889892578125,2.79,3.06,4.33,-0.018317995556585972,0.0,0.0,8.000000000000007,0.018317995556585972
2018-11-21,2649.929931640625,2.81,3.06,4.24,0.0030386693107672014,2.0000000000000018,0.0,-8.999999999999986,-0.0030386693107672014
2018-11-23,2632.56005859375,2.81,3.05,4.29,-0.006576419711855615,0.0,-1.000000000000023,4.999999999999982,0.006576419711855615
2018-11-26,2673.449951171875,2.84,3.07,4.26,0.015412975845366429,2.9999999999999805,2.0000000000000018,-3.000000000000025,-0.015412975845366429
2018-11-27,2682.169921875,2.83,3.06,4.31,0.003256384364612641,-0.9999999999999787,-0.9999999999999787,4.999999999999982,-0.003256384364612641
2018-11-28,2743.7900390625,2.81,3.06,4.25,0.022714051303113776,-2.0000000000000018,0.0,-5.999999999999961,-0.022714051303113776
2018-11-29,2737.800048828125,2.81,3.03,4.22,-0.002185494545393453,0.0,-3.000000000000025,-3.000000000000025,0.002185494545393453
2018-11-30,2760.169921875,2.8,3.01,4.29,0.008137547716617559,-1.000000000000023,-2.0000000000000018,7.000000000000028,-0.008137547716617559
2018-12-03,2790.3701171875,2.83,2.98,4.2,0.010882001794362436,3.000000000000025,-2.9999999999999805,-8.999999999999986,-0.010882001794362436
2018-12-04,2700.06005859375,2.8,2.91,4.29,-0.03290022883855611,-3.000000000000025,-6.999999999999984,8.999999999999986,0.03290022883855611
2018-12-06,2695.949951171875,2.75,2.87,4.5,-0.0015233879141442856,-4.999999999999982,-4.0000000000000036,20.999999999999996,0.0015233879141442856
2018-12-07,2633.080078125,2.72,2.85,4.5,-0.02359633545632224,-2.9999999999999805,-2.0000000000000018,0.0,0.02359633545632224
2018-12-10,2637.719970703125,2.72,2.85,4.56,0.0017606032229163218,0.0,0.0,5.999999999999961,-0.0017606032229163218
2018-12-11,2636.780029296875,2.78,2.89,4.48,-0.00035640967530566644,5.999999999999961,4.0000000000000036,-7.999999999999918,0.00035640967530566644
2018-12-12,2651.070068359375,2.77,2.91,4.4,0.005404871010351243,-0.9999999999999787,2.0000000000000018,-8.000000000000007,-0.005404871010351243
2018-12-13,2650.5400390625,2.75,2.91,4.39,-0.00019995031241503897,-2.0000000000000018,0.0,-1.0000000000000675,0.00019995031241503897
2018-12-14,2599.949951171875,2.73,2.89,4.46,-0.019271212268699812,-2.0000000000000018,-2.0000000000000018,7.000000000000028,0.019271212268699812
2018-12-17,2545.93994140625,2.7,2.86,4.58,-0.020992284828576645,-2.9999999999999805,-3.000000000000025,12.00000000000001,0.020992284828576645
2018-12-18,2546.159912109375,2.65,2.82,4.72,8.639685378910398e-05,-5.000000000000027,-4.0000000000000036,13.999999999999968,-8.639685378910398e-05
2018-12-19,2506.9599609375,2.63,2.77,4.84,-0.015515459175936802,-2.0000000000000018,-4.999999999999982,12.00000000000001,0.015515459175936802
2018-12-20,2467.419921875,2.67,2.79,5.11,-0.015897809484103957,4.0000000000000036,2.0000000000000018,27.000000000000046,0.015897809484103957
2018-12-21,2416.6201171875,2.63,2.79,5.22,-0.02080312049854063,-4.0000000000000036,0.0,10.999999999999943,0.02080312049854063
2018-12-24,2351.10009765625,2.55,2.74,5.35,-0.02748657287831441,-8.000000000000007,-4.999999999999982,12.99999999999999,0.02748657287831441
2018-12-26,2467.699951171875,2.61,2.81,5.37,0.048403177670805035,6.000000000000005,6.999999999999984,2.000000000000046,-0.048403177670805035
2018-12-27,2488.830078125,2.56,2.77,5.38,0.008526228968816992,-4.999999999999982,-4.0000000000000036,0.9999999999999787,-0.008526228968816992
2018-12-28,2485.739990234375,2.52,2.72,5.3,-0.0012423539102312722,-4.0000000000000036,-4.999999999999982,-8.000000000000007,0.0012423539102312722
2018-12-31,2506.85009765625,2.48,2.69,5.33,0.008456625862206874,-4.0000000000000036,-3.000000000000025,3.000000000000025,-0.008456625862206874
2019-01-02,2510.030029296875,2.5,2.66,5.35,0.0012676930626261643,2.0000000000000018,-2.9999999999999805,1.9999999999999574,-0.0012676930626261643
2019-01-03,2447.889892578125,2.39,2.56,5.44,-0.02506833181891511,-10.999999999999988,-10.000000000000009,9.000000000000075,0.02506833181891511
2019-01-04,2531.93994140625,2.5,2.67,5.05,0.03375939906034647,10.999999999999988,10.999999999999988,-39.00000000000006,-0.03375939906034647
2019-01-07,2549.68994140625,2.53,2.7,4.83,0.006985975995229761,2.9999999999999805,3.000000000000025,-21.999999999999975,-0.006985975995229761
2019-01-08,2574.409912109375,2.58,2.73,4.65,0.009648587336497393,5.000000000000027,2.9999999999999805,-17.99999999999997,-0.009648587336497393
2019-01-09,2584.9599609375,2.56,2.74,4.52,0.004089671332822161,-2.0000000000000018,1.000000000000023,-13.000000000000078,-0.004089671332822161
2019-01-10,2596.639892578125,2.56,2.74,4.54,0.004508241374462229,0.0,0.0,2.000000000000046,-0.004508241374462229
2019-01-11,2596.260009765625,2.55,2.71,4.55,-0.0001463085444824661,-1.000000000000023,-3.000000000000025,0.9999999999999787,0.0001463085444824661
2019-01-14,2582.610107421875,2.53,2.71,4.6,-0.00527139458724949,-2.0000000000000018,0.0,4.999999999999982,0.00527139458724949
2019-01-15,2610.300048828125,2.53,2.72,4.55,0.010664618879761001,0.0,1.000000000000023,-4.999999999999982,-0.010664618879761001
2019-01-16,2616.10009765625,2.55,2.73,4.44,0.0022195205290883643,2.0000000000000018,0.9999999999999787,-10.999999999999943,-0.0022195205290883643
2019-01-17,2635.9599609375,2.56,2.75,4.4,0.007562730706235749,1.000000000000023,2.0000000000000018,-4.0000000000000036,-0.007562730706235749
2019-01-18,2670.7099609375,2.62,2.79,4.27,0.01309691283985578,6.000000000000005,4.0000000000000036,-13.000000000000078,-0.01309691283985578
2019-01-22,2632.89990234375,2.58,2.74,4.41,-0.014258476827972471,-4.0000000000000036,-4.999999999999982,14.000000000000057,0.014258476827972471
2019-01-23,2638.699951171875,2.58,2.76,4.39,0.002200489919450871,0.0,1.9999999999999574,-2.000000000000046,-0.002200489919450871
2019-01-24,2642.330078125,2.56,2.72,4.45,0.001374780110977555,-2.0000000000000018,-3.999999999999959,6.00000000000005,-0.001374780110977555
2019-01-25,2664.760009765625,2.6,2.76,4.34,0.008452867700518018,4.0000000000000036,3.999999999999959,-11.000000000000032,-0.008452867700518018
2019-01-28,2643.85009765625,2.6,2.75,4.41,-0.007877775848708898,0.0,-0.9999999999999787,7.000000000000028,0.007877775848708898
2019-01-29,2640.0,2.56,2.72,4.4,-0.0014573079351148383,-4.0000000000000036,-2.9999999999999805,-0.9999999999999787,0.0014573079351148383
2019-01-30,2681.050048828125,2.52,2.7,4.36,0.015429609891560045,-4.0000000000000036,-2.0000000000000018,-4.0000000000000036,-0.015429609891560045
2019-01-31,2704.10009765625,2.45,2.63,4.37,0.008560648809767757,-6.999999999999984,-7.000000000000028,0.9999999999999787,-0.008560648809767757
2019-02-01,2706.530029296875,2.52,2.7,4.29,0.0008982065848071141,6.999999999999984,7.000000000000028,-8.000000000000007,-0.0008982065848071141
2019-02-04,2724.8701171875,2.53,2.73,4.25,0.006753381117479676,0.9999999999999787,2.9999999999999805,-4.0000000000000036,-0.006753381117479676
2019-02-05,2737.699951171875,2.53,2.71,4.15,0.0046973704373502,0.0,-2.0000000000000018,-9.999999999999964,-0.0046973704373502
2019-02-06,2731.610107421875,2.52,2.7,4.13,-0.0022269157175087858,-0.9999999999999787,-0.9999999999999787,-2.000000000000046,0.0022269157175087858
2019-02-07,2706.050048828125,2.48,2.65,4.29,-0.009401193202230233,-4.0000000000000036,-5.000000000000027,16.000000000000014,0.009401193202230233
2019-02-08,2707.8798828125,2.45,2.63,4.32,0.0006759725660127,-2.9999999999999805,-2.0000000000000018,3.000000000000025,-0.0006759725660127
2019-02-11,2709.800048828125,2.48,2.65,4.28,0.0007088518038183947,2.9999999999999805,2.0000000000000018,-4.0000000000000036,-0.0007088518038183947
2019-02-12,2744.72998046875,2.5,2.68,4.17,0.012807852902838604,2.0000000000000018,3.000000000000025,-11.000000000000032,-0.012807852902838604
2019-02-13,2753.030029296875,2.53,2.71,4.12,0.0030194315937109753,2.9999999999999805,2.9999999999999805,-4.999999999999982,-0.0030194315937109753
2019-02-14,2745.72998046875,2.5,2.66,4.17,-0.0026551633836986214,-2.9999999999999805,-4.999999999999982,4.999999999999982,0.0026551633836986214
2019-02-15,2775.60009765625,2.52,2.66,4.12,0.010820004664957538,2.0000000000000018,0.0,-4.999999999999982,-0.010820004664957538
2019-02-19,2779.760009765625,2.5,2.65,4.11,0.0014976213265920058,-2.0000000000000018,-1.000000000000023,-0.9999999999999787,-0.0014976213265920058
2019-02-20,2784.699951171875,2.5,2.65,4.08,0.00177553356074094,0.0,0.0,-3.000000000000025,-0.00177553356074094
2019-02-21,2774.8798828125,2.53,2.69,4.04,-0.0035326693258413886,2.9999999999999805,4.0000000000000036,-4.0000000000000036,0.0035326693258413886
2019-02-22,2792.669921875,2.48,2.65,4.05,0.006390638694710404,-4.999999999999982,-4.0000000000000036,0.9999999999999787,-0.006390638694710404
2019-02-25,2796.110107421875,2.51,2.67,4.0,0.0012311044497517107,2.9999999999999805,2.0000000000000018,-4.999999999999982,-0.0012311044497517107
2019-02-26,2793.89990234375,2.48,2.64,4.01,-0.0007907696728402984,-2.9999999999999805,-2.9999999999999805,0.9999999999999787,0.0007907696728402984
2019-02-27,2792.3798828125,2.5,2.69,3.94,-0.0005441974362980739,2.0000000000000018,4.999999999999982,-6.999999999999984,0.0005441974362980739
2019-02-28,2784.489990234375,2.52,2.73,3.92,-0.002829507598950442,2.0000000000000018,4.0000000000000036,-2.0000000000000018,0.002829507598950442
2019-03-01,2803.68994140625,2.55,2.76,3.86,0.006871656588713028,2.9999999999999805,2.9999999999999805,-6.000000000000005,-0.006871656588713028
2019-03-04,2792.81005859375,2.55,2.72,3.9,-0.003888107395255168,0.0,-3.999999999999959,4.0000000000000036,0.003888107395255168
2019-03-05,2789.64990234375,2.55,2.72,3.91,-0.001132173489706859,0.0,0.0,1.000000000000023,0.001132173489706859
2019-03-06,2771.449951171875,2.52,2.69,3.98,-0.00654547360412503,-2.9999999999999805,-3.000000000000025,6.999999999999984,0.00654547360412503
2019-03-07,2748.929931640625,2.47,2.64,4.1,-0.008158911138331157,-4.999999999999982,-4.999999999999982,11.999999999999966,0.008158911138331157
2019-03-08,2743.070068359375,2.45,2.62,4.18,-0.0021339641314536495,-2.0000000000000018,-2.0000000000000018,8.000000000000007,0.0021339641314536495
2019-03-11,2783.300048828125,2.47,2.64,4.12,0.014559535563489445,2.0000000000000018,2.0000000000000018,-5.999999999999961,-0.014559535563489445
2019-03-12,2791.52001953125,2.45,2.61,4.08,0.002948965727805163,-2.0000000000000018,-3.000000000000025,-4.0000000000000036,-0.002948965727805163
2019-03-13,2810.919921875,2.45,2.61,3.99,0.0069255467570192835,0.0,0.0,-8.999999999999986,-0.0069255467570192835
2019-03-14,2808.47998046875,2.46,2.63,3.95,-0.0008683993315961826,0.9999999999999787,2.0000000000000018,-4.0000000000000036,0.0008683993315961826
2019-03-15,2822.47998046875,2.43,2.59,3.95,0.0049725194084307206,-2.9999999999999805,-4.0000000000000036,0.0,-0.0049725194084307206
2019-03-18,2832.93994140625,2.45,2.6,3.95,0.0036990967989080333,2.0000000000000018,1.000000000000023,0.0,-0.0036990967989080333
2019-03-19,2832.570068359375,2.46,2.61,3.91,-0.00013057007992675946,0.9999999999999787,0.9999999999999787,-4.0000000000000036,0.00013057007992675946
2019-03-20,2824.22998046875,2.4,2.54,3.97,-0.002948696740769673,-6.000000000000005,-6.999999999999984,6.000000000000005,0.002948696740769673
2019-03-21,2854.8798828125,2.41,2.54,3.92,0.010794015494689354,1.000000000000023,0.0,-5.000000000000027,-0.010794015494689354
2019-03-22,2800.7099609375,2.31,2.44,4.03,-0.019156827134273257,-10.000000000000009,-10.000000000000009,11.000000000000032,0.019156827134273257
2019-03-25,2798.360107421875,2.26,2.43,4.13,-0.000839372833310059,-5.000000000000027,-0.9999999999999787,9.999999999999964,0.000839372833310059
2019-03-26,2818.4599609375,2.24,2.41,4.09,0.007157052947934055,-1.9999999999999574,-2.0000000000000018,-4.0000000000000036,-0.007157052947934055
2019-03-27,2805.3701171875,2.22,2.39,4.09,-0.00465514327659887,-2.0000000000000018,-2.0000000000000018,0.0,0.00465514327659887
2019-03-28,2815.43994140625,2.23,2.39,4.08,0.0035830547152617266,0.9999999999999787,0.0,-0.9999999999999787,-0.0035830547152617266
2019-03-29,2834.39990234375,2.27,2.41,3.99,0.006711706043324668,4.0000000000000036,2.0000000000000018,-8.999999999999986,-0.006711706043324668
2019-04-01,2867.18994140625,2.33,2.49,3.94,0.011502195518044496,6.000000000000005,8.000000000000007,-5.000000000000027,-0.011502195518044496
2019-04-02,2867.239990234375,2.3,2.48,3.95,1.7455554858152623e-05,-3.000000000000025,-1.000000000000023,1.000000000000023,-1.7455554858152623e-05
2019-04-03,2873.39990234375,2.33,2.52,3.9,0.002146072420089187,3.000000000000025,4.0000000000000036,-5.000000000000027,-0.002146072420089187
2019-04-04,2879.389892578125,2.33,2.51,3.9,0.0020824652429942735,0.0,-1.000000000000023,0.0,-0.0020824652429942735
2019-04-05,2892.739990234375,2.35,2.5,3.86,0.004625717623099122,2.0000000000000018,-0.9999999999999787,-4.0000000000000036,-0.004625717623099122
2019-04-08,2895.77001953125,2.36,2.52,3.84,0.0010469117505236662,0.9999999999999787,2.0000000000000018,-2.0000000000000018,-0.0010469117505236662
2019-04-09,2878.199951171875,2.35,2.51,3.86,-0.0060859764356695385,-0.9999999999999787,-1.000000000000023,2.0000000000000018,0.0060859764356695385
2019-04-10,2888.2099609375,2.31,2.48,3.86,0.003471837754499924,-4.0000000000000036,-2.9999999999999805,0.0,-0.003471837754499924
2019-04-11,2888.320068359375,2.35,2.51,3.79,3.8122340342693696e-05,4.0000000000000036,2.9999999999999805,-6.999999999999984,-3.8122340342693696e-05
2019-04-12,2907.409912109375,2.4,2.56,3.68,0.0065875783895457275,4.999999999999982,5.000000000000027,-10.999999999999988,-0.0065875783895457275
2019-04-15,2905.580078125,2.4,2.55,3.68,-0.0006295672443571088,0.0,-1.000000000000023,0.0,0.0006295672443571088
2019-04-16,2907.06005859375,2.41,2.6,3.64,0.0005092283251399622,1.000000000000023,5.000000000000027,-4.0000000000000036,-0.0005092283251399622
2019-04-17,2900.449951171875,2.4,2.59,3.67,-0.0022764008207388597,-1.000000000000023,-1.000000000000023,2.9999999999999805,0.0022764008207388597
2019-04-18,2905.030029296875,2.38,2.57,3.73,0.0015778468242496745,-2.0000000000000018,-2.0000000000000018,6.000000000000005,-0.0015778468242496745
2019-04-22,2907.969970703125,2.38,2.59,3.73,0.0010115058169329091,0.0,2.0000000000000018,0.0,-0.0010115058169329091
2019-04-23,2933.679931640625,2.36,2.57,3.72,0.008802351174995391,-2.0000000000000018,-2.0000000000000018,-0.9999999999999787,-0.008802351174995391
2019-04-24,2927.25,2.32,2.53,3.73,-0.0021941686030362366,-4.0000000000000036,-4.0000000000000036,0.9999999999999787,0.0021941686030362366
2019-04-25,2926.169921875,2.33,2.54,3.75,-0.0003690417402728576,1.000000000000023,1.000000000000023,2.0000000000000018,0.0003690417402728576
2019-04-26,2939.8798828125,2.28,2.51,3.76,0.004674350323304823,-5.000000000000027,-3.000000000000025,0.9999999999999787,-0.004674350323304823
2019-04-29,2943.030029296875,2.3,2.54,3.73,0.0010709485042338864,2.0000000000000018,3.000000000000025,-2.9999999999999805,-0.0010709485042338864
2019-04-30,2945.830078125,2.27,2.51,3.73,0.0009509646987914453,-2.9999999999999805,-3.000000000000025,0.0,-0.0009509646987914453
2019-05-01,2923.72998046875,2.31,2.52,3.71,-0.00753044585029134,4.0000000000000036,1.000000000000023,-2.0000000000000018,0.00753044585029134
2019-05-02,2917.52001953125,2.35,2.55,3.74,-0.0021262446486827887,4.0000000000000036,2.9999999999999805,3.000000000000025,0.0021262446486827887
2019-05-03,2945.639892578125,2.33,2.54,3.72,0.00959212747891747,-2.0000000000000018,-0.9999999999999787,-2.0000000000000018,-0.00959212747891747
2019-05-06,2932.469970703125,2.31,2.51,3.82,-0.004481013189072523,-2.0000000000000018,-3.000000000000025,9.999999999999964,0.004481013189072523
2019-05-07,2884.050048828125,2.28,2.45,3.89,-0.016649488088905522,-3.000000000000025,-5.999999999999961,7.000000000000028,0.016649488088905522
2019-05-08,2879.419921875,2.3,2.49,3.87,-0.0016067153894199682,2.0000000000000018,4.0000000000000036,-2.0000000000000018,0.0016067153894199682
2019-05-09,2870.719970703125,2.26,2.45,3.99,-0.0030259986619282898,-4.0000000000000036,-4.0000000000000036,12.00000000000001,0.0030259986619282898
2019-05-10,2881.39990234375,2.26,2.47,4.01,0.003713394069918638,0.0,2.0000000000000018,1.9999999999999574,-0.003713394069918638
2019-05-13,2811.8701171875,2.18,2.4,4.2,-0.024426469138497504,-7.999999999999963,-7.000000000000028,19.00000000000004,0.024426469138497504
2019-05-14,2834.409912109375,2.2,2.42,4.13,0.007983987523216093,2.0000000000000018,2.0000000000000018,-7.000000000000028,-0.007983987523216093
2019-05-15,2850.9599609375,2.16,2.37,4.17,0.005821994327723055,-4.0000000000000036,-4.999999999999982,4.0000000000000036,-0.005821994327723055
2019-05-16,2876.320068359375,2.2,2.4,4.06,0.008855957116499086,4.0000000000000036,2.9999999999999805,-11.000000000000032,-0.008855957116499086
2019-05-17,2859.530029296875,2.2,2.39,4.07,-0.005854437174043804,0.0,-0.9999999999999787,1.0000000000000675,0.005854437174043804
2019-05-20,2840.22998046875,2.21,2.41,4.06,-0.006772257975405369,0.9999999999999787,2.0000000000000018,-1.0000000000000675,0.006772257975405369
2019-05-21,2864.360107421875,2.26,2.43,3.99,0.008459949093190606,4.999999999999982,2.0000000000000018,-6.99999999999994,-0.008459949093190606
2019-05-22,2856.27001953125,2.23,2.39,4.03,-0.0028283923638994365,-2.9999999999999805,-4.0000000000000036,4.0000000000000036,0.0028283923638994365
2019-05-23,2822.239990234375,2.12,2.31,4.22,-0.01198569224128196,-10.999999999999988,-8.000000000000007,18.99999999999995,0.01198569224128196
2019-05-24,2826.06005859375,2.16,2.32,4.16,0.0013526437720373175,4.0000000000000036,0.9999999999999787,-5.999999999999961,-0.0013526437720373175
2019-05-28,2802.389892578125,2.12,2.26,4.19,-0.008410950000260244,-4.0000000000000036,-6.000000000000005,3.000000000000025,0.008410950000260244
2019-05-29,2783.02001953125,2.09,2.25,4.36,-0.00693591016723137,-3.000000000000025,-0.9999999999999787,16.999999999999993,0.00693591016723137
2019-05-30,2788.860107421875,2.06,2.22,4.33,0.002096272674997037,-2.9999999999999805,-2.9999999999999805,-3.000000000000025,-0.002096272674997037
2019-05-31,2752.06005859375,1.95,2.14,4.59,-0.013283205250452958,-11.00000000000001,-8.000000000000007,25.99999999999998,0.013283205250452958
2019-06-03,2744.449951171875,1.82,2.07,4.7,-0.002769070654307939,-12.99999999999999,-7.000000000000028,11.000000000000032,0.002769070654307939
2019-06-04,2803.27001953125,1.88,2.12,4.53,0.021205927081077776,5.999999999999983,5.000000000000027,-16.999999999999993,-0.021205927081077776
2019-06-05,2826.14990234375,1.83,2.12,4.48,0.008128726978813691,-4.999999999999982,0.0,-4.999999999999982,-0.008128726978813691
2019-06-06,2843.489990234375,1.88,2.12,4.42,0.006116840676004416,4.999999999999982,0.0,-6.00000000000005,-0.006116840676004416
2019-06-07,2873.340087890625,1.85,2.09,4.37,0.010442979247260026,-2.9999999999999805,-3.000000000000025,-4.999999999999982,-0.010442979247260026
2019-06-10,2886.72998046875,1.9,2.15,4.23,0.004649220074765499,4.999999999999982,6.000000000000005,-13.999999999999968,-0.004649220074765499
2019-06-11,2885.719970703125,1.93,2.15,4.2,-0.0003499414579512858,3.0000000000000027,0.0,-3.000000000000025,0.0003499414579512858
2019-06-12,2879.840087890625,1.88,2.13,4.22,-0.002039657827237423,-5.000000000000004,-2.0000000000000018,1.9999999999999574,0.002039657827237423
2019-06-13,2891.639892578125,1.83,2.1,4.24,0.004089010502850191,-4.999999999999982,-2.9999999999999805,2.000000000000046,-0.004089010502850191
2019-06-14,2886.97998046875,1.84,2.09,4.23,-0.0016128117861529605,1.0000000000000009,-1.000000000000023,-0.9999999999999787,0.0016128117861529605
2019-06-17,2889.669921875,1.86,2.09,4.23,0.0009313154323528439,2.0000000000000018,0.0,0.0,-0.0009313154323528439
2019-06-18,2917.75,1.86,2.06,4.14,0.009670489592970687,0.0,-2.9999999999999805,-9.000000000000075,-0.009670489592970687
2019-06-19,2926.4599609375,1.74,2.03,4.16,0.0029807167930238428,-12.00000000000001,-3.000000000000025,2.000000000000046,-0.0029807167930238428
2019-06-20,2954.179931640625,1.72,2.01,4.03,0.00942760533587314,-2.0000000000000018,-2.0000000000000018,-12.99999999999999,-0.00942760533587314
2019-06-21,2950.4599609375,1.77,2.07,3.95,-0.0012600162797279978,5.000000000000004,6.000000000000005,-8.000000000000007,0.0012600162797279978
2019-06-24,2945.35009765625,1.72,2.02,4.0,-0.0017333884605870258,-5.000000000000004,-4.999999999999982,4.999999999999982,0.0017333884605870258
2019-06-25,2917.3798828125,1.71,2.0,4.09,-0.009541775640387554,-1.0000000000000009,-2.0000000000000018,8.999999999999986,0.009541775640387554
2019-06-26,2913.780029296875,1.77,2.05,4.05,-0.0012346956788039985,6.000000000000005,4.999999999999982,-4.0000000000000036,0.0012346956788039985
2019-06-27,2924.919921875,1.74,2.01,4.09,0.0038158857925908473,-3.0000000000000027,-4.0000000000000036,4.0000000000000036,-0.0038158857925908473
2019-06-28,2941.760009765625,1.75,2.0,4.07,0.005740941840599626,1.0000000000000009,-0.9999999999999787,-1.9999999999999574,-0.005740941840599626
2019-07-01,2964.330078125,1.78,2.03,3.99,0.007643018610953927,3.0000000000000027,2.9999999999999805,-8.000000000000007,-0.007643018610953927
2019-07-02,2973.010009765625,1.77,1.98,4.04,0.002923847276988696,-1.0000000000000009,-4.999999999999982,4.999999999999982,-0.002923847276988696
2019-07-03,2995.820068359375,1.77,1.96,4.02,0.007643095660684157,0.0,-2.0000000000000018,-2.000000000000046,-0.007643095660684157
2019-07-05,2990.409912109375,1.87,2.04,3.98,-0.0018075342045486649,10.000000000000009,8.000000000000007,-3.999999999999959,0.0018075342045486649
2019-07-08,2975.949951171875,1.88,2.05,4.0,-0.004847173010123794,0.9999999999999787,0.9999999999999787,2.0000000000000018,0.004847173010123794
2019-07-09,2979.6298828125,1.92,2.07,4.03,0.0012357930584538906,4.0000000000000036,2.0000000000000018,3.000000000000025,-0.0012357930584538906
2019-07-10,2993.070068359375,1.82,2.07,4.01,0.004500546936082614,-9.999999999999986,0.0,-2.000000000000046,-0.004500546936082614
2019-07-11,2999.909912109375,1.85,2.13,4.0,0.002282619578948549,3.0000000000000027,6.000000000000005,-0.9999999999999787,-0.002282619578948549
2019-07-12,3013.77001953125,1.84,2.12,4.02,0.004609534302066538,-1.0000000000000009,-0.9999999999999787,1.9999999999999574,-0.004609534302066538
2019-07-15,3014.300048828125,1.83,2.09,4.0,0.00017585372838413283,-1.0000000000000009,-3.000000000000025,-1.9999999999999574,-0.00017585372838413283
2019-07-16,3004.0400390625,1.87,2.13,3.96,-0.003409584555010327,4.0000000000000036,4.0000000000000036,-4.0000000000000036,0.003409584555010327
2019-07-17,2984.419921875,1.83,2.06,4.01,-0.006552665466093182,-4.0000000000000036,-6.999999999999984,4.999999999999982,0.006552665466093182
2019-07-18,2995.110107421875,1.77,2.04,4.11,0.0035755977088190827,-6.000000000000005,-2.0000000000000018,10.000000000000053,-0.0035755977088190827
2019-07-19,2976.610107421875,1.8,2.05,4.07,-0.006195889464844692,3.0000000000000027,0.9999999999999787,-4.0000000000000036,0.006195889464844692
2019-07-22,2985.030029296875,1.8,2.05,4.06,0.002824701686250326,0.0,0.0,-1.0000000000000675,-0.002824701686250326
2019-07-23,3005.469970703125,1.83,2.08,3.99,0.00682414513927642,3.0000000000000027,3.000000000000025,-6.99999999999994,-0.00682414513927642
2019-07-24,3019.56005859375,1.83,2.05,3.98,0.004677192813475714,0.0,-3.000000000000025,-1.000000000000023,-0.004677192813475714
2019-07-25,3003.669921875,1.86,2.08,3.93,-0.005276296483599537,3.0000000000000027,3.000000000000025,-4.999999999999982,0.005276296483599537
2019-07-26,3025.860107421875,1.86,2.08,3.89,0.007360535770783042,0.0,0.0,-4.0000000000000036,-0.007360535770783042
2019-07-29,3020.969970703125,1.85,2.06,3.93,-0.0016174219290574364,-1.0000000000000009,-2.0000000000000018,4.0000000000000036,0.0016174219290574364
2019-07-30,3013.179931640625,1.85,2.06,3.97,-0.0025819853720443708,0.0,0.0,4.0000000000000036,0.0025819853720443708
2019-07-31,2980.3798828125,1.89,2.02,3.93,-0.01094520695213996,3.9999999999999813,-4.0000000000000036,-4.0000000000000036,0.01094520695213996
2019-08-01,2953.56005859375,1.73,1.9,4.1,-0.009039527568806017,-15.999999999999993,-12.00000000000001,16.99999999999995,0.009039527568806017
2019-08-02,2932.050048828125,1.72,1.86,4.19,-0.007309388539565105,-1.0000000000000009,-3.9999999999999813,9.000000000000075,0.007309388539565105
2019-08-05,2844.739990234375,1.59,1.75,4.53,-0.030230182169694777,-12.99999999999999,-11.00000000000001,33.999999999999986,0.030230182169694777
2019-08-06,2881.77001953125,1.6,1.73,4.46,0.012933023911166613,1.0000000000000009,-2.0000000000000018,-7.000000000000028,-0.012933023911166613
2019-08-07,2883.97998046875,1.59,1.71,4.52,0.0007665823338588767,-1.0000000000000009,-2.0000000000000018,5.999999999999961,-0.0007665823338588767
2019-08-08,2938.090087890625,1.62,1.72,4.31,0.018588462466865085,3.0000000000000027,1.0000000000000009,-20.999999999999996,-0.018588462466865085
2019-08-09,2918.64990234375,1.63,1.74,4.31,-0.006638593133657111,0.9999999999999787,2.0000000000000018,0.0,0.006638593133657111
2019-08-12,2882.699951171875,1.58,1.65,4.4,-0.012393809115915354,-4.999999999999982,-9.000000000000007,9.000000000000075,0.012393809115915354
2019-08-13,2926.320068359375,1.66,1.68,4.25,0.015018346267301863,7.999999999999985,3.0000000000000027,-15.000000000000036,-0.015018346267301863
2019-08-14,2840.60009765625,1.58,1.59,4.49,-0.02973035245453567,-7.999999999999985,-8.999999999999986,24.00000000000002,0.02973035245453567
2019-08-15,2847.60009765625,1.48,1.52,4.52,0.0024612366981802422,-10.000000000000009,-7.000000000000006,2.999999999999936,-0.0024612366981802422
2019-08-16,2888.679931640625,1.48,1.55,4.47,0.014323058172245003,0.0,3.0000000000000027,-4.999999999999982,-0.014323058172245003
2019-08-19,2923.64990234375,1.53,1.6,4.36,0.012033175564397505,5.000000000000004,5.000000000000004,-10.999999999999943,-0.012033175564397505
2019-08-20,2900.510009765625,1.5,1.55,4.35,-0.007946215312115467,-3.0000000000000027,-5.000000000000004,-1.0000000000000675,0.007946215312115467
2019-08-21,2924.429931640625,1.56,1.59,4.21,0.008212979557352937,6.000000000000005,4.0000000000000036,-13.999999999999968,-0.008212979557352937
2019-08-22,2922.949951171875,1.61,1.62,4.16,-0.00050620295927854,5.000000000000004,3.0000000000000027,-4.999999999999982,0.00050620295927854
2019-08-23,2847.110107421875,1.51,1.52,4.25,-0.02628888112283785,-10.000000000000009,-10.000000000000009,8.999999999999986,0.02628888112283785
2019-08-26,2878.3798828125,1.54,1.54,4.22,0.01092311273079789,3.0000000000000027,2.0000000000000018,-3.000000000000025,-0.01092311273079789
2019-08-27,2869.159912109375,1.53,1.49,4.19,-0.0032083218005562386,-1.0000000000000009,-5.000000000000004,-2.999999999999936,0.0032083218005562386
2019-08-28,2887.93994140625,1.5,1.47,4.17,0.006524151530562512,-3.0000000000000027,-2.0000000000000018,-2.000000000000046,-0.006524151530562512
2019-08-29,2924.580078125,1.53,1.5,4.08,0.012607482441094399,3.0000000000000027,3.0000000000000027,-8.999999999999986,-0.012607482441094399
2019-08-30,2926.4599609375,1.5,1.5,4.09,0.0006425807598767749,-3.0000000000000027,0.0,0.9999999999999787,-0.0006425807598767749
2019-09-03,2906.27001953125,1.47,1.47,4.23,-0.0069230093326854165,-3.0000000000000027,-3.0000000000000027,14.000000000000057,0.0069230093326854165
2019-09-04,2937.780029296875,1.43,1.47,4.23,0.010783725278421427,-4.0000000000000036,0.0,0.0,-0.010783725278421427
2019-09-05,2976.0,1.55,1.57,4.07,0.01292591292175976,12.00000000000001,10.000000000000009,-16.000000000000014,-0.01292591292175976
2019-09-06,2978.7099609375,1.53,1.55,4.05,0.0009101908043767861,-2.0000000000000018,-2.0000000000000018,-2.000000000000046,-0.0009101908043767861
2019-09-09,2978.429931640625,1.58,1.63,3.99,-9.401467889992668e-05,5.000000000000004,7.999999999999985,-5.999999999999961,9.401467889992668e-05
2019-09-10,2979.389892578125,1.67,1.72,3.9,0.0003222524259310153,8.999999999999986,9.000000000000007,-9.00000000000003,-0.0003222524259310153
2019-09-11,3000.929931640625,1.68,1.75,3.92,0.0072036723263872,1.0000000000000009,3.0000000000000027,2.0000000000000018,-0.0072036723263872
2019-09-12,3009.570068359375,1.72,1.79,3.85,0.0028750162782333164,4.0000000000000036,4.0000000000000036,-6.999999999999984,-0.0028750162782333164
2019-09-13,3007.389892578125,1.79,1.9,3.83,-0.0007246768769660504,7.000000000000006,10.999999999999988,-2.0000000000000018,0.0007246768769660504
2019-09-16,2997.9599609375,1.74,1.84,3.8,-0.0031405129163559896,-5.000000000000004,-5.999999999999983,-3.000000000000025,0.0031405129163559896
2019-09-17,3005.699951171875,1.72,1.81,3.81,0.0025784253724619854,-2.0000000000000018,-3.0000000000000027,1.000000000000023,-0.0025784253724619854
2019-09-18,3006.72998046875,1.77,1.8,3.82,0.00034263328426719085,5.000000000000004,-1.0000000000000009,0.9999999999999787,-0.00034263328426719085
2019-09-19,3006.7900390625,1.74,1.79,3.77,1.9974521929475905e-05,-3.0000000000000027,-1.0000000000000009,-4.999999999999982,-1.9974521929475905e-05
2019-09-20,2992.070068359375,1.69,1.74,3.81,-0.004907599104880387,-5.000000000000004,-5.000000000000004,4.0000000000000036,0.004907599104880387
2019-09-23,2991.780029296875,1.68,1.72,3.84,-9.694061782751375e-05,-1.0000000000000009,-2.0000000000000018,2.9999999999999805,9.694061782751375e-05
2019-09-24,2966.60009765625,1.6,1.64,3.9,-0.00845198896355148,-7.999999999999985,-8.000000000000007,6.000000000000005,0.00845198896355148
2019-09-25,2984.8701171875,1.68,1.73,3.91,0.0061396852419639035,7.999999999999985,9.000000000000007,1.000000000000023,-0.0061396852419639035
2019-09-26,2977.6201171875,1.66,1.7,3.95,-0.002431871009613191,-2.0000000000000018,-3.0000000000000027,4.0000000000000036,0.002431871009613191
2019-09-27,2961.7900390625,1.63,1.69,3.99,-0.005330534579128577,-3.0000000000000027,-1.0000000000000009,4.0000000000000036,0.005330534579128577
2019-09-30,2976.739990234375,1.63,1.68,4.02,0.005034910215248393,0.0,-1.0000000000000009,2.999999999999936,-0.005034910215248393
2019-10-01,2940.25,1.56,1.65,4.08,-0.012334126945412846,-6.999999999999984,-3.0000000000000027,6.00000000000005,0.012334126945412846
2019-10-02,2887.610107421875,1.48,1.6,4.28,-0.01806540418764383,-8.000000000000007,-4.999999999999982,20.000000000000018,0.01806540418764383
2019-10-03,2910.6298828125,1.39,1.54,4.4,0.007940304773866787,-9.000000000000007,-6.000000000000005,12.00000000000001,-0.007940304773866787
2019-10-04,2952.010009765625,1.4,1.52,4.38,0.014116785239259274,1.0000000000000009,-2.0000000000000018,-2.000000000000046,-0.014116785239259274
2019-10-07,2938.7900390625,1.46,1.56,4.31,-0.00448835227368152,6.000000000000005,4.0000000000000036,-7.000000000000028,0.00448835227368152
2019-10-08,2893.06005859375,1.42,1.54,4.39,-0.01568315955210993,-4.0000000000000036,-2.0000000000000018,8.000000000000007,0.01568315955210993
2019-10-09,2919.39990234375,1.47,1.59,4.32,0.009063296514845923,5.000000000000004,5.000000000000004,-6.99999999999994,-0.009063296514845923
2019-10-10,2938.1298828125,1.53,1.67,4.26,0.0063952024117826045,6.000000000000005,7.999999999999985,-6.00000000000005,-0.0063952024117826045
2019-10-11,2970.27001953125,1.63,1.76,4.1,0.010879579673789056,9.999999999999986,9.000000000000007,-16.000000000000014,-0.010879579673789056
2019-10-14,2966.14990234375,1.63,1.76,4.08,-0.0013880816732189801,0.0,0.0,-1.9999999999999574,0.0013880816732189801
2019-10-15,2995.679931640625,1.61,1.77,4.01,0.009906445376489171,-1.9999999999999796,1.0000000000000009,-7.000000000000028,-0.009906445376489171
2019-10-16,2989.68994140625,1.58,1.75,4.01,-0.002001544553193733,-3.0000000000000027,-2.0000000000000018,0.0,0.002001544553193733
2019-10-17,2997.949951171875,1.6,1.76,4.0,0.002759021969775287,2.0000000000000018,1.0000000000000009,-0.9999999999999787,-0.002759021969775287
2019-10-18,2986.199951171875,1.58,1.76,4.02,-0.003927045709799847,-2.0000000000000018,0.0,1.9999999999999574,0.003927045709799847
2019-10-21,3006.719970703125,1.62,1.8,3.98,0.006848114105333746,4.0000000000000036,4.0000000000000036,-3.999999999999959,-0.006848114105333746
2019-10-22,2995.989990234375,1.6,1.78,3.99,-0.003575049258376838,-2.0000000000000018,-2.0000000000000018,1.000000000000023,0.003575049258376838
2019-10-23,3004.52001953125,1.58,1.77,3.98,0.002843103345830729,-2.0000000000000018,-1.0000000000000009,-1.000000000000023,-0.002843103345830729
2019-10-24,3010.2900390625,1.58,1.77,3.96,0.0019186046591713529,0.0,0.0,-2.0000000000000018,-0.0019186046591713529
2019-10-25,3022.550048828125,1.63,1.8,3.89,0.004064429510656049,4.999999999999982,3.0000000000000027,-6.999999999999984,-0.004064429510656049
2019-10-28,3039.419921875,1.64,1.85,3.85,0.0055658199161177,1.0000000000000009,5.000000000000004,-4.0000000000000036,-0.0055658199161177
2019-10-29,3036.889892578125,1.64,1.84,3.86,-0.0008327519564807664,0.0,-1.0000000000000009,0.9999999999999787,0.0008327519564807664
2019-10-30,3046.77001953125,1.61,1.78,3.96,0.0032480894008573105,-2.9999999999999805,-6.000000000000005,10.000000000000009,-0.0032480894008573105
2019-10-31,3037.56005859375,1.52,1.69,4.15,-0.0030274386345390905,-9.000000000000007,-9.000000000000007,19.00000000000004,0.0030274386345390905
2019-11-01,3066.909912109375,1.56,1.73,4.09,0.009615930559647514,4.0000000000000036,4.0000000000000036,-6.00000000000005,-0.009615930559647514
2019-11-04,3078.27001953125,1.6,1.79,3.99,0.0036972458053124275,4.0000000000000036,6.000000000000005,-9.999999999999964,-0.0036972458053124275
2019-11-05,3074.6201171875,1.63,1.86,3.97,-0.0011864027118206639,2.9999999999999805,7.000000000000006,-2.0000000000000018,0.0011864027118206639
2019-11-06,3076.780029296875,1.61,1.81,4.02,0.0007022505922896238,-1.9999999999999796,-5.000000000000004,4.999999999999938,-0.0007022505922896238
2019-11-07,3085.179931640625,1.68,1.92,3.96,0.002726375244280665,6.999999999999984,10.999999999999988,-5.999999999999961,-0.002726375244280665
2019-11-08,3093.080078125,1.68,1.94,4.0,0.002557403145115828,0.0,2.0000000000000018,4.0000000000000036,-0.002557403145115828
2019-11-11,3087.010009765625,1.68,1.94,3.99,-0.0019643954133371925,0.0,0.0,-0.9999999999999787,0.0019643954133371925
2019-11-12,3091.840087890625,1.66,1.92,4.0,0.0015634233012630327,-2.0000000000000018,-2.0000000000000018,0.9999999999999787,-0.0015634233012630327
2019-11-13,3094.0400390625,1.63,1.88,4.05,0.0007112815701162954,-3.0000000000000027,-4.0000000000000036,4.999999999999982,-0.0007112815701162954
2019-11-14,3096.6298828125,1.58,1.82,4.08,0.0008366926144567594,-4.999999999999982,-5.999999999999983,3.000000000000025,-0.0008366926144567594
2019-11-15,3120.4599609375,1.61,1.84,4.06,0.007666028777973181,3.0000000000000027,2.0000000000000018,-2.000000000000046,-0.007666028777973181
2019-11-18,3122.030029296875,1.6,1.81,4.09,0.0005030263228096366,-1.0000000000000009,-3.0000000000000027,3.000000000000025,-0.0005030263228096366
2019-11-19,3120.179931640625,1.6,1.79,4.12,-0.0005927700996925261,0.0,-2.0000000000000018,3.000000000000025,0.0005927700996925261
2019-11-20,3108.4599609375,1.56,1.73,4.18,-0.0037632564209410676,-4.0000000000000036,-6.000000000000005,5.999999999999961,0.0037632564209410676
2019-11-21,3103.5400390625,1.6,1.77,4.17,-0.0015840060861895076,4.0000000000000036,4.0000000000000036,-0.9999999999999787,0.0015840060861895076
2019-11-22,3110.2900390625,1.61,1.77,4.13,0.002172573942375937,1.0000000000000009,0.0,-4.0000000000000036,-0.002172573942375937
2019-11-25,3133.639892578125,1.61,1.76,4.08,0.0074792518874672075,0.0,-1.0000000000000009,-4.999999999999982,-0.0074792518874672075
2019-11-26,3140.52001953125,1.58,1.74,4.05,0.0021931636449402277,-3.0000000000000027,-2.0000000000000018,-3.000000000000025,-0.0021931636449402277
2019-11-27,3153.6298828125,1.63,1.77,3.99,0.0041657356252997445,4.999999999999982,3.0000000000000027,-5.999999999999961,-0.0041657356252997445
2019-11-29,3140.97998046875,1.61,1.78,4.01,-0.004019286229989053,-1.9999999999999796,1.0000000000000009,1.9999999999999574,0.004019286229989053
2019-12-02,3113.8701171875,1.61,1.83,4.03,-0.008668483693963605,0.0,5.000000000000004,2.000000000000046,0.008668483693963605
2019-12-03,3093.199951171875,1.53,1.72,4.14,-0.006660225258045148,-8.000000000000007,-11.00000000000001,10.999999999999943,0.006660225258045148
2019-12-04,3112.760009765625,1.58,1.77,4.02,0.006303657608769993,5.000000000000004,5.000000000000004,-12.00000000000001,-0.006303657608769993
2019-12-05,3117.429931640625,1.58,1.8,4.0,0.0014991269266302707,0.0,3.0000000000000027,-1.9999999999999574,-0.0014991269266302707
2019-12-06,3145.909912109375,1.61,1.84,3.89,0.009094246030426013,3.0000000000000027,4.0000000000000036,-10.999999999999988,-0.009094246030426013
2019-12-09,3135.9599609375,1.63,1.83,3.88,-0.003167833684474369,1.9999999999999796,-1.0000000000000009,-1.000000000000023,0.003167833684474369
2019-12-10,3132.52001953125,1.65,1.85,3.84,-0.0010975361689841293,2.0000000000000018,2.0000000000000018,-4.0000000000000036,0.0010975361689841293
2019-12-11,3141.6298828125,1.61,1.79,3.83,0.0029039375293507703,-3.9999999999999813,-6.000000000000005,-0.9999999999999787,-0.0029039375293507703
2019-12-12,3168.570068359375,1.66,1.9,3.7,0.008538667375555057,4.999999999999982,10.999999999999988,-12.99999999999999,-0.008538667375555057
2019-12-13,3168.800048828125,1.61,1.82,3.71,7.25791502146863e-05,-4.999999999999982,-7.999999999999985,0.9999999999999787,-7.25791502146863e-05
2019-12-16,3191.449951171875,1.65,1.89,3.62,0.007122360942542787,3.9999999999999813,6.999999999999984,-8.999999999999986,-0.007122360942542787
2019-12-17,3192.52001953125,1.63,1.89,3.58,0.0003352360284609262,-2.0000000000000018,0.0,-4.0000000000000036,-0.0003352360284609262
2019-12-18,3191.139892578125,1.63,1.92,3.51,-0.0004323936405227425,0.0,3.0000000000000027,-7.000000000000028,0.0004323936405227425
2019-12-19,3205.3701171875,1.62,1.92,3.54,0.004449378821864254,-0.9999999999999787,0.0,3.000000000000025,-0.004449378821864254
2019-12-20,3221.219970703125,1.63,1.92,3.53,0.004932595804334098,0.9999999999999787,0.0,-1.000000000000023,-0.004932595804334098
2019-12-23,3224.010009765625,1.64,1.93,3.52,0.0008657687142985109,1.0000000000000009,1.0000000000000009,-0.9999999999999787,-0.0008657687142985109
2019-12-24,3223.3798828125,1.62,1.9,3.53,-0.00019546730246814044,-1.9999999999999796,-3.0000000000000027,0.9999999999999787,0.00019546730246814044
2019-12-26,3239.909912109375,1.64,1.9,3.53,0.005115062410053991,1.9999999999999796,0.0,0.0,-0.005115062410053991
2019-12-27,3240.02001953125,1.59,1.88,3.56,3.3984139657930306e-05,-4.999999999999982,-2.0000000000000018,3.000000000000025,-3.3984139657930306e-05
2019-12-30,3221.2900390625,1.58,1.9,3.6,-0.005797596079349905,-1.0000000000000009,2.0000000000000018,4.0000000000000036,0.005797596079349905
2019-12-31,3230.780029296875,1.58,1.92,3.6,0.002941690644190719,0.0,2.0000000000000018,0.0,-0.002941690644190719
2020-01-02,3257.85009765625,1.58,1.88,3.56,0.008343895362316707,0.0,-4.0000000000000036,-4.0000000000000036,-0.008343895362316707
2020-01-03,3234.85009765625,1.53,1.8,3.61,-0.007084909364954553,-5.000000000000004,-7.999999999999985,4.999999999999982,0.007084909364954553
2020-01-06,3246.280029296875,1.54,1.81,3.57,0.003527145194272564,1.0000000000000009,1.0000000000000009,-4.0000000000000036,-0.003527145194272564
2020-01-07,3237.179931640625,1.54,1.83,3.54,-0.0028071750845948405,0.0,2.0000000000000018,-2.9999999999999805,0.0028071750845948405
2020-01-08,3253.050048828125,1.58,1.87,3.5,0.004890473485641129,4.0000000000000036,4.0000000000000036,-4.0000000000000036,-0.004890473485641129
2020-01-09,3274.699951171875,1.58,1.85,3.49,0.006633214116906491,0.0,-2.0000000000000018,-0.9999999999999787,-0.006633214116906491
2020-01-10,3265.35009765625,1.56,1.83,3.48,-0.0028592624875049015,-2.0000000000000018,-2.0000000000000018,-1.000000000000023,0.0028592624875049015
2020-01-13,3288.1298828125,1.58,1.85,3.48,0.006951994045933256,2.0000000000000018,2.0000000000000018,0.0,-0.006951994045933256
2020-01-14,3283.14990234375,1.58,1.82,3.45,-0.0015156808368957204,0.0,-3.0000000000000027,-2.9999999999999805,0.0015156808368957204
2020-01-15,3289.2900390625,1.56,1.79,3.44,0.0018684502436879626,-2.0000000000000018,-3.0000000000000027,-1.000000000000023,-0.0018684502436879626
2020-01-16,3316.81005859375,1.58,1.81,3.42,0.008331747422232019,2.0000000000000018,2.0000000000000018,-2.0000000000000018,-0.008331747422232019
2020-01-17,3329.6201171875,1.58,1.84,3.39,0.003854723247485144,0.0,3.0000000000000027,-2.9999999999999805,-0.003854723247485144
2020-01-21,3320.7900390625,1.53,1.78,3.47,-0.002655500369585384,-5.000000000000004,-6.000000000000005,8.000000000000007,0.002655500369585384
2020-01-22,3321.75,1.53,1.77,3.49,0.00028903429668107475,0.0,-1.0000000000000009,2.0000000000000018,-0.00028903429668107475
2020-01-23,3325.5400390625,1.51,1.74,3.58,0.001140326193358241,-2.0000000000000018,-3.0000000000000027,8.999999999999986,-0.001140326193358241
2020-01-24,3295.469970703125,1.49,1.7,3.68,-0.009083289426193788,-2.0000000000000018,-4.0000000000000036,10.000000000000009,0.009083289426193788
2020-01-27,3243.6298828125,1.44,1.61,4.03,-0.015855752356844034,-5.000000000000004,-8.999999999999986,35.00000000000001,0.015855752356844034
2020-01-28,3276.239990234375,1.45,1.65,3.86,0.010003383500352516,1.0000000000000009,3.9999999999999813,-17.000000000000036,-0.010003383500352516
2020-01-29,3273.39990234375,1.42,1.6,3.83,-0.0008672501435846315,-3.0000000000000027,-4.999999999999982,-2.9999999999999805,0.0008672501435846315
2020-01-30,3283.659912109375,1.41,1.57,3.95,0.0031294569302110597,-1.0000000000000009,-3.0000000000000027,12.00000000000001,-0.0031294569302110597
2020-01-31,3225.52001953125,1.33,1.51,4.03,-0.01786444357136295,-7.999999999999985,-6.000000000000005,8.000000000000007,0.01786444357136295
2020-02-03,3248.919921875,1.36,1.54,3.97,0.007228425761232584,3.0000000000000027,3.0000000000000027,-6.000000000000005,-0.007228425761232584
2020-02-04,3297.590087890625,1.41,1.61,3.85,0.014869315917506062,4.999999999999982,7.000000000000006,-12.00000000000001,-0.014869315917506062
2020-02-05,3334.68994140625,1.44,1.66,3.75,0.011187778658972936,3.0000000000000027,4.999999999999982,-10.000000000000009,-0.011187778658972936
2020-02-06,3345.780029296875,1.44,1.65,3.7,0.003320155057001924,0.0,-1.0000000000000009,-4.999999999999982,-0.003320155057001924
2020-02-07,3327.7099609375,1.41,1.59,3.75,-0.005415491009458352,-3.0000000000000027,-5.999999999999983,4.999999999999982,0.005415491009458352
2020-02-10,3352.090087890625,1.37,1.56,3.75,0.007299690120573207,-3.9999999999999813,-3.0000000000000027,0.0,-0.007299690120573207
2020-02-11,3357.75,1.41,1.59,3.65,0.0016870486860021178,3.9999999999999813,3.0000000000000027,-10.000000000000009,-0.0016870486860021178
2020-02-12,3379.449951171875,1.44,1.62,3.59,0.006441853105203067,3.0000000000000027,3.0000000000000027,-6.000000000000005,-0.006441853105203067
2020-02-13,3373.93994140625,1.44,1.61,3.57,-0.0016317763599886593,0.0,-1.0000000000000009,-2.0000000000000018,0.0016317763599886593
2020-02-14,3380.159912109375,1.42,1.59,3.56,0.0018418360984854144,-2.0000000000000018,-2.0000000000000018,-0.9999999999999787,-0.0018418360984854144
2020-02-18,3370.2900390625,1.41,1.55,3.61,-0.0029242139861477136,-1.0000000000000009,-4.0000000000000036,4.999999999999982,0.0029242139861477136
2020-02-19,3386.14990234375,1.42,1.56,3.57,0.004694748284284925,1.0000000000000009,1.0000000000000009,-4.0000000000000036,-0.004694748284284925
2020-02-20,3373.22998046875,1.39,1.52,3.62,-0.0038228174279975285,-3.0000000000000027,-4.0000000000000036,5.000000000000027,0.0038228174279975285
2020-02-21,3337.75,1.34,1.46,3.66,-0.010573809232819777,-4.999999999999982,-6.000000000000005,4.0000000000000036,0.010573809232819777
2020-02-24,3225.889892578125,1.26,1.38,4.03,-0.03408807942044074,-8.000000000000007,-8.000000000000007,37.000000000000014,0.03408807942044074
2020-02-25,3128.2099609375,1.2,1.33,4.18,-0.030747904375353224,-6.000000000000005,-4.999999999999982,14.999999999999947,0.030747904375353224
2020-02-26,3116.389892578125,1.16,1.33,4.27,-0.00378569732353003,-4.0000000000000036,0.0,8.999999999999986,0.00378569732353003
2020-02-27,2978.760009765625,1.11,1.3,4.62,-0.045168136352261155,-4.999999999999982,-3.0000000000000027,35.00000000000006,0.045168136352261155
2020-02-28,2954.219970703125,0.86,1.13,5.04,-0.008272463109653077,-25.00000000000001,-17.000000000000014,41.99999999999999,0.008272463109653077
2020-03-02,3090.22998046875,0.84,1.1,4.97,0.0450108687694132,-2.0000000000000018,-2.9999999999999805,-7.000000000000028,-0.0450108687694132
2020-03-03,3003.3701171875,0.71,1.02,4.84,-0.02851048492291458,-13.0,-8.000000000000007,-12.99999999999999,0.02851048492291458
2020-03-04,3130.1201171875,0.67,1.02,4.75,0.041336349360633136,-3.9999999999999925,0.0,-8.999999999999986,-0.041336349360633136
2020-03-05,3023.93994140625,0.59,0.92,5.05,-0.034510782439981125,-8.000000000000007,-9.999999999999998,29.999999999999982,0.034510782439981125
2020-03-06,2972.3701171875,0.49,0.74,5.64,-0.01720094365238617,-9.999999999999998,-18.000000000000004,58.999999999999986,0.01720094365238617
2020-03-09,2746.56005859375,0.38,0.54,6.68,-0.07901041294037148,-10.999999999999998,-19.999999999999996,104.0,0.07901041294037148
2020-03-10,2882.22998046875,0.5,0.76,6.38,0.048215052425859106,12.0,21.999999999999996,-29.999999999999982,-0.048215052425859106
2020-03-11,2741.3798828125,0.5,0.82,6.61,-0.05010289280860541,0.0,5.999999999999995,23.000000000000043,0.05010289280860541
2020-03-12,2480.639892578125,0.5,0.88,7.42,-0.09994485240247351,0.0,6.000000000000005,80.99999999999996,0.09994485240247351
2020-03-13,2711.02001953125,0.49,0.94,7.31,0.08880840694923595,-1.0000000000000009,5.999999999999995,-11.000000000000032,-0.08880840694923595
2020-03-16,2386.1298828125,0.36,0.73,8.38,-0.12765219747281742,-13.0,-20.999999999999996,107.00000000000011,0.12765219747281742
2020-03-17,2529.18994140625,0.47,1.02,8.41,0.05822631263569171,10.999999999999998,29.000000000000004,2.999999999999936,-0.05822631263569171
2020-03-18,2398.10009765625,0.54,1.18,9.04,-0.053222272332080246,7.000000000000006,15.999999999999993,62.9999999999999,0.053222272332080246
2020-03-19,2409.389892578125,0.44,1.12,9.82,0.004696760970401053,-10.000000000000004,-5.999999999999983,78.00000000000011,-0.004696760970401053
2020-03-20,2304.919921875,0.37,0.92,10.09,-0.04432762405336681,-7.000000000000001,-20.000000000000007,26.999999999999957,0.04432762405336681
2020-03-23,2237.39990234375,0.28,0.76,10.87,-0.02973150100957679,-8.999999999999996,-16.000000000000004,77.99999999999994,0.02973150100957679
2020-03-24,2447.330078125,0.38,0.84,10.55,0.08968323251796326,9.999999999999998,7.9999999999999964,-31.99999999999985,-0.08968323251796326
2020-03-25,2475.56005859375,0.34,0.88,10.11,0.011468990420822226,-3.9999999999999982,4.0000000000000036,-44.00000000000013,-0.011468990420822226
2020-03-26,2630.070068359375,0.3,0.83,9.29,0.06054383107424656,-4.0000000000000036,-5.000000000000004,-82.00000000000003,-0.06054383107424656
2020-03-27,2541.469970703125,0.25,0.72,8.99,-0.0342678455416263,-4.999999999999999,-10.999999999999998,-29.999999999999893,0.0342678455416263
2020-03-30,2626.64990234375,0.23,0.7,8.82,0.032966590569974794,-1.9999999999999991,-2.0000000000000018,-16.999999999999993,-0.032966590569974794
2020-03-31,2584.590087890625,0.23,0.7,8.77,-0.016142310788415843,0.0,0.0,-5.000000000000071,0.016142310788415843
2020-04-01,2470.5,0.23,0.62,9.11,-0.04514636273278691,0.0,-7.9999999999999964,33.999999999999986,0.04514636273278691
2020-04-02,2526.89990234375,0.23,0.63,9.17,0.022572657056960366,0.0,1.0000000000000009,6.00000000000005,-0.022572657056960366
2020-04-03,2488.64990234375,0.23,0.62,9.43,-0.015252860825944299,0.0,-1.0000000000000009,25.99999999999998,0.015252860825944299
2020-04-06,2663.679931640625,0.27,0.67,9.26,0.06796824414483035,4.000000000000001,5.000000000000004,-16.999999999999993,-0.06796824414483035
2020-04-07,2659.409912109375,0.28,0.75,8.88,-0.001604339048362459,1.0000000000000009,7.9999999999999964,-37.9999999999999,0.001604339048362459
2020-04-08,2749.97998046875,0.27,0.77,8.81,0.033489371191284686,-1.0000000000000009,2.0000000000000018,-7.000000000000028,-0.033489371191284686
2020-04-09,2789.820068359375,0.23,0.73,7.96,0.014383470303699339,-4.000000000000001,-4.0000000000000036,-85.00000000000006,-0.014383470303699339
2020-04-13,2761.6298828125,0.25,0.76,7.7,-0.01015605944467711,1.9999999999999991,3.0000000000000027,-25.99999999999998,0.01015605944467711
2020-04-14,2846.06005859375,0.23,0.76,7.35,0.03011455957230757,-1.9999999999999991,0.0,-35.00000000000006,-0.03011455957230757
2020-04-15,2783.360107421875,0.2,0.63,7.64,-0.022276732672369248,-3.0,-13.0,29.000000000000004,0.022276732672369248
2020-04-16,2799.550048828125,0.2,0.61,7.58,0.0057998378395412884,0.0,-2.0000000000000018,-5.999999999999961,-0.0057998378395412884
2020-04-17,2874.56005859375,0.2,0.65,7.31,0.026440932021320578,0.0,4.0000000000000036,-27.000000000000046,-0.026440932021320578
2020-04-20,2823.159912109375,0.2,0.63,7.52,-0.018042845615347775,0.0,-2.0000000000000018,20.999999999999996,0.018042845615347775
2020-04-21,2736.56005859375,0.2,0.58,7.9,-0.031155115236330667,0.0,-5.000000000000004,38.00000000000008,0.031155115236330667
2020-04-22,2799.31005859375,0.22,0.63,7.85,0.02267130058213675,1.9999999999999991,5.000000000000004,-5.000000000000071,-0.02267130058213675
2020-04-23,2797.800048828125,0.22,0.61,7.87,-0.0005395676601955963,0.0,-2.0000000000000018,2.000000000000046,0.0005395676601955963
2020-04-24,2836.739990234375,0.22,0.6,8.03,0.013822090566839217,0.0,-1.0000000000000009,15.999999999999925,-0.013822090566839217
2020-04-27,2878.47998046875,0.24,0.67,8.01,0.014606868181735996,1.9999999999999991,7.000000000000006,-1.9999999999999574,-0.014606868181735996
2020-04-28,2863.389892578125,0.2,0.62,8.02,-0.005256170190483643,-3.9999999999999982,-5.000000000000004,0.9999999999999787,0.005256170190483643
2020-04-29,2939.510009765625,0.2,0.63,7.87,0.02623670404507307,0.0,1.0000000000000009,-14.999999999999947,-0.02623670404507307
2020-04-30,2912.429931640625,0.2,0.64,7.63,-0.009255143319054839,0.0,1.0000000000000009,-24.00000000000002,0.009255143319054839
2020-05-01,2830.7099609375,0.2,0.64,7.7,-0.028460211014775954,0.0,0.0,7.000000000000028,0.028460211014775954
2020-05-04,2842.739990234375,0.19,0.64,7.79,0.0042408225788494016,-1.0000000000000009,0.0,8.999999999999986,-0.0042408225788494016
2020-05-05,2868.43994140625,0.19,0.66,7.6,0.008999935197779802,0.0,2.0000000000000018,-19.00000000000004,-0.008999935197779802
2020-05-06,2848.419921875,0.17,0.72,7.6,-0.007003880399042588,-1.9999999999999991,5.999999999999995,0.0,0.007003880399042588
2020-05-07,2881.18994140625,0.13,0.63,7.6,0.011438955754890805,-4.000000000000001,-8.999999999999996,0.0,-0.011438955754890805
2020-05-08,2929.800048828125,0.16,0.69,7.52,0.016730795065226244,3.0,5.999999999999995,-8.000000000000007,-0.016730795065226244
2020-05-11,2930.18994140625,0.17,0.73,7.51,0.0001330693667907644,1.0000000000000009,4.0000000000000036,-0.9999999999999787,-0.0001330693667907644
2020-05-12,2870.1201171875,0.17,0.69,7.42,-0.020713365772047604,0.0,-4.0000000000000036,-8.999999999999986,0.020713365772047604
2020-05-13,2820.0,0.16,0.64,7.61,-0.017616996624280044,-1.0000000000000009,-4.999999999999993,19.00000000000004,0.017616996624280044
2020-05-14,2852.5,0.16,0.63,7.77,0.01145891780407149,0.0,-1.0000000000000009,15.999999999999925,-0.01145891780407149
2020-05-15,2863.699951171875,0.16,0.64,7.78,0.003918675203723029,0.0,1.0000000000000009,1.0000000000000675,-0.003918675203723029
2020-05-18,2953.909912109375,0.18,0.73,7.41,0.031015208770073424,1.9999999999999991,8.999999999999996,-37.000000000000014,-0.031015208770073424
2020-05-19,2922.93994140625,0.17,0.7,7.35,-0.010539747711599283,-0.9999999999999981,-3.0000000000000027,-6.00000000000005,0.010539747711599283
2020-05-20,2971.610107421875,0.16,0.68,7.16,0.0165139906134157,-1.0000000000000009,-1.9999999999999907,-18.99999999999995,-0.0165139906134157
2020-05-21,2948.510009765625,0.17,0.68,7.08,-0.007803968309953686,1.0000000000000009,0.0,-8.000000000000007,0.007803968309953686
2020-05-22,2955.449951171875,0.17,0.66,7.06,0.002350945686812366,0.0,-2.0000000000000018,-2.000000000000046,-0.002350945686812366
2020-05-26,2991.77001953125,0.18,0.69,6.75,0.01221428502146052,0.9999999999999981,2.9999999999999916,-30.99999999999996,-0.01221428502146052
2020-05-27,3036.1298828125,0.19,0.68,6.7,0.014718447490314346,1.0000000000000009,-0.9999999999999898,-4.999999999999982,-0.014718447490314346
2020-05-28,3029.72998046875,0.17,0.7,6.6,-0.0021101393249195488,-1.9999999999999991,1.9999999999999907,-10.000000000000053,0.0021101393249195488
2020-05-29,3044.31005859375,0.16,0.65,6.71,0.004800793552307952,-1.0000000000000009,-4.999999999999993,11.000000000000032,-0.004800793552307952
2020-06-01,3055.72998046875,0.14,0.66,6.43,0.003744216478364391,-1.9999999999999991,1.0000000000000009,-28.000000000000025,-0.003744216478364391
2020-06-02,3080.820068359375,0.17,0.68,6.18,0.008177307282398658,3.0,2.0000000000000018,-25.0,-0.008177307282398658
2020-06-03,3122.8701171875,0.19,0.77,5.8,0.01355667081256392,1.9999999999999991,8.999999999999996,-37.999999999999986,-0.01355667081256392
2020-06-04,3112.35009765625,0.19,0.82,5.83,-0.003374389083608904,0.0,4.999999999999993,3.000000000000025,0.003374389083608904
2020-06-05,3193.929931640625,0.22,0.91,5.5,0.025874012821635813,3.0,9.000000000000007,-33.00000000000001,-0.025874012821635813
2020-06-08,3232.389892578125,0.22,0.88,5.51,0.011969656405806002,0.0,-3.0000000000000027,0.9999999999999787,-0.011969656405806002
2020-06-09,3207.179931640625,0.2,0.84,5.75,-0.007829743419721978,-1.9999999999999991,-4.0000000000000036,24.00000000000002,0.007829743419721978
2020-06-10,3190.139892578125,0.17,0.75,5.92,-0.005327255735182077,-3.0,-8.999999999999996,16.999999999999993,0.005327255735182077
2020-06-11,3002.10009765625,0.19,0.66,6.4,-0.06075269299628893,1.9999999999999991,-8.999999999999996,48.00000000000004,0.06075269299628893
2020-06-12,3041.31005859375,0.19,0.71,6.28,0.012976286605211731,0.0,4.999999999999993,-12.00000000000001,-0.012976286605211731
2020-06-15,3066.590087890625,0.19,0.71,6.25,0.00827786081817526,0.0,0.0,-3.000000000000025,-0.00827786081817526
2020-06-16,3124.739990234375,0.21,0.75,5.78,0.018784852866710527,1.9999999999999991,4.0000000000000036,-46.99999999999997,-0.018784852866710527
2020-06-17,3113.489990234375,0.19,0.74,5.85,-0.0036067962326294138,-1.9999999999999991,-1.0000000000000009,6.99999999999994,0.0036067962326294138
2020-06-18,3115.340087890625,0.19,0.71,6.01,0.0005940434038017573,0.0,-3.0000000000000027,16.000000000000014,-0.0005940434038017573
2020-06-19,3097.739990234375,0.19,0.7,6.02,-0.005665513565673728,0.0,-1.0000000000000009,0.9999999999999787,0.005665513565673728
2020-06-22,3117.860107421875,0.19,0.71,6.03,0.006474093296658384,0.0,1.0000000000000009,1.0000000000000675,-0.006474093296658384
2020-06-23,3131.2900390625,0.18,0.72,6.02,0.004298169191483789,-1.0000000000000009,1.0000000000000009,-1.0000000000000675,-0.004298169191483789
2020-06-24,3050.330078125,0.19,0.69,6.23,-0.0261952655956623,1.0000000000000009,-3.0000000000000027,21.000000000000085,0.0261952655956623
2020-06-25,3083.760009765625,0.17,0.68,6.3,0.01089982772821816,-1.9999999999999991,-0.9999999999999898,6.99999999999994,-0.01089982772821816
2020-06-26,3009.050048828125,0.17,0.64,6.41,-0.024525204274831163,0.0,-4.0000000000000036,11.000000000000032,0.024525204274831163
2020-06-29,3053.239990234375,0.16,0.64,6.52,0.01457888811353358,-1.0000000000000009,0.0,10.999999999999943,-0.01457888811353358
2020-06-30,3100.2900390625,0.16,0.66,6.44,0.015292349435755562,0.0,2.0000000000000018,-7.999999999999918,-0.015292349435755562
2020-07-01,3115.860107421875,0.17,0.69,6.33,0.005009563975870565,1.0000000000000009,2.9999999999999916,-11.000000000000032,-0.005009563975870565
2020-07-02,3130.010009765625,0.16,0.68,6.17,0.0045309704768169146,-1.0000000000000009,-0.9999999999999898,-16.000000000000014,-0.0045309704768169146
2020-07-06,3179.719970703125,0.16,0.69,6.03,0.01575693083216329,0.0,0.9999999999999898,-13.999999999999968,-0.01575693083216329
2020-07-07,3145.320068359375,0.16,0.65,6.04,-0.010877477869643567,0.0,-3.9999999999999925,0.9999999999999787,0.010877477869643567
2020-07-08,3169.93994140625,0.16,0.67,6.06,0.007796986263430269,0.0,2.0000000000000018,1.9999999999999574,-0.007796986263430269
2020-07-09,3152.050048828125,0.16,0.62,6.14,-0.005659591476194623,0.0,-5.000000000000004,8.000000000000007,0.005659591476194623
2020-07-10,3185.0400390625,0.16,0.65,6.14,0.010411809774443004,0.0,3.0000000000000027,0.0,-0.010411809774443004
2020-07-13,3155.219970703125,0.16,0.64,6.01,-0.009406645216058874,0.0,-1.0000000000000009,-12.99999999999999,0.009406645216058874
2020-07-14,3197.52001953125,0.14,0.63,6.03,0.01331730058290395,-1.9999999999999991,-1.0000000000000009,2.000000000000046,-0.01331730058290395
2020-07-15,3226.56005859375,0.16,0.64,5.81,0.009041056936355048,1.9999999999999991,1.0000000000000009,-22.000000000000064,-0.009041056936355048
2020-07-16,3215.570068359375,0.16,0.62,5.76,-0.0034119152141152374,0.0,-2.0000000000000018,-4.999999999999982,0.0034119152141152374
2020-07-17,3224.72998046875,0.14,0.64,5.74,0.0028445625875835605,-1.9999999999999991,2.0000000000000018,-1.9999999999999574,-0.0028445625875835605
2020-07-20,3251.840087890625,0.16,0.62,5.54,0.008371797255140334,1.9999999999999991,-2.0000000000000018,-20.000000000000018,-0.008371797255140334
2020-07-21,3257.300048828125,0.14,0.61,5.33,0.0016776293345600682,-1.9999999999999991,-1.0000000000000009,-20.999999999999996,-0.0016776293345600682
2020-07-22,3276.02001953125,0.14,0.6,5.28,0.005730630594473862,0.0,-1.0000000000000009,-4.999999999999982,-0.005730630594473862
2020-07-23,3235.659912109375,0.16,0.59,5.26,-0.012396378412246847,1.9999999999999991,-1.0000000000000009,-2.000000000000046,0.012396378412246847
2020-07-24,3215.6298828125,0.14,0.59,5.29,-0.006209640024276134,-1.9999999999999991,0.0,3.000000000000025,0.006209640024276134
2020-07-27,3239.409912109375,0.15,0.62,5.24,0.007367928821482373,0.9999999999999981,3.0000000000000027,-4.999999999999982,-0.007367928821482373
2020-07-28,3218.43994140625,0.14,0.59,5.27,-0.006494435418646306,-0.9999999999999981,-3.0000000000000027,2.999999999999936,0.006494435418646306
2020-07-29,3258.43994140625,0.12,0.58,5.15,0.012351783351742583,-2.0000000000000018,-1.0000000000000009,-11.999999999999922,-0.012351783351742583
2020-07-30,3246.219970703125,0.11,0.55,5.14,-0.0037573017634548516,-0.9999999999999996,-2.9999999999999916,-1.0000000000000675,0.0037573017634548516
2020-07-31,3271.1201171875,0.11,0.55,5.16,0.0076412362421762695,0.0,0.0,2.000000000000046,-0.0076412362421762695
2020-08-03,3294.610107421875,0.11,0.56,5.08,0.007155362664358673,0.0,1.0000000000000009,-8.000000000000007,-0.007155362664358673
2020-08-04,3306.510009765625,0.11,0.52,5.13,0.003605423026133557,0.0,-4.0000000000000036,4.999999999999982,-0.003605423026133557
2020-08-05,3327.77001953125,0.11,0.55,5.04,0.006409160435517922,0.0,3.0000000000000027,-8.999999999999986,-0.006409160435517922
2020-08-06,3349.159912109375,0.11,0.55,5.06,0.006407126020664802,0.0,0.0,1.9999999999999574,-0.006407126020664802
2020-08-07,3351.280029296875,0.13,0.57,5.06,0.0006328292699566697,2.0000000000000004,1.9999999999999907,0.0,-0.0006328292699566697
2020-08-10,3360.469970703125,0.14,0.59,5.09,0.0027384652733919213,1.0000000000000009,2.0000000000000018,3.000000000000025,-0.0027384652733919213
2020-08-11,3333.68994140625,0.16,0.64,5.03,-0.008001055401377298,1.9999999999999991,5.000000000000004,-5.999999999999961,0.008001055401377298
2020-08-12,3380.35009765625,0.16,0.69,5.1,0.013899502293613534,0.0,4.999999999999993,6.99999999999994,-0.013899502293613534
2020-08-13,3373.429931640625,0.16,0.71,5.16,-0.002049272676156681,0.0,2.0000000000000018,6.00000000000005,0.002049272676156681
2020-08-14,3372.85009765625,0.14,0.71,5.26,-0.00017189739627902921,-1.9999999999999991,0.0,9.999999999999964,0.00017189739627902921
2020-08-17,3381.989990234375,0.14,0.69,5.29,0.002706177507423456,0.0,-2.0000000000000018,3.000000000000025,-0.002706177507423456
2020-08-18,3389.780029296875,0.14,0.67,5.26,0.0023007404198168474,0.0,-1.9999999999999907,-3.000000000000025,-0.0023007404198168474
2020-08-19,3374.85009765625,0.14,0.68,5.25,-0.004414123345182018,0.0,1.0000000000000009,-0.9999999999999787,0.004414123345182018
2020-08-20,3385.510009765625,0.13,0.65,5.28,0.0031536547683461333,-1.0000000000000009,-3.0000000000000027,3.000000000000025,-0.0031536547683461333
2020-08-21,3397.159912109375,0.16,0.64,5.25,0.0034351999829724668,3.0,-1.0000000000000009,-3.000000000000025,-0.0034351999829724668
2020-08-24,3431.280029296875,0.14,0.65,5.17,0.009993615364903508,-1.9999999999999991,1.0000000000000009,-8.000000000000007,-0.009993615364903508
2020-08-25,3443.6201171875,0.15,0.69,5.07,0.003589899745540117,0.9999999999999981,3.9999999999999925,-9.999999999999964,-0.003589899745540117
2020-08-26,3478.72998046875,0.16,0.69,5.02,0.010144001344841499,1.0000000000000009,0.0,-5.000000000000071,-0.010144001344841499
2020-08-27,3484.550048828125,0.16,0.74,4.98,0.0016716460318091384,0.0,5.000000000000004,-3.9999999999999147,-0.0016716460318091384
2020-08-28,3508.010009765625,0.14,0.74,5.0,0.006710002849570254,-1.9999999999999991,0.0,1.9999999999999574,-0.006710002849570254
2020-08-31,3500.31005859375,0.14,0.72,5.02,-0.002197375175508541,0.0,-2.0000000000000018,1.9999999999999574,0.002197375175508541
2020-09-01,3526.64990234375,0.13,0.68,4.97,0.007496831420705943,-1.0000000000000009,-3.9999999999999925,-4.999999999999982,-0.007496831420705943
2020-09-02,3580.840087890625,0.14,0.66,4.93,0.01524905014386973,1.0000000000000009,-2.0000000000000018,-4.0000000000000036,-0.01524905014386973
2020-09-03,3455.06005859375,0.13,0.63,5.04,-0.0357575941421853,-1.0000000000000009,-3.0000000000000027,11.000000000000032,0.0357575941421853
2020-09-04,3426.9599609375,0.14,0.72,5.13,-0.008166280754275102,1.0000000000000009,8.999999999999996,8.999999999999986,0.008166280754275102
2020-09-08,3331.840087890625,0.14,0.69,5.25,-0.02814882908646679,0.0,-3.0000000000000027,12.00000000000001,0.02814882908646679
2020-09-09,3398.9599609375,0.14,0.71,5.16,0.019944760662180386,0.0,2.0000000000000018,-8.999999999999986,-0.019944760662180386
2020-09-10,3339.18994140625,0.14,0.68,5.16,-0.017741245925395586,0.0,-2.9999999999999916,0.0,0.017741245925395586
2020-09-11,3340.969970703125,0.13,0.67,5.21,0.0005329301580873496,-1.0000000000000009,-1.0000000000000009,4.999999999999982,-0.0005329301580873496
2020-09-14,3383.5400390625,0.14,0.68,5.18,0.012661335025022992,1.0000000000000009,1.0000000000000009,-3.000000000000025,-0.012661335025022992
2020-09-15,3401.199951171875,0.14,0.68,5.14,0.005205785930499657,0.0,0.0,-4.0000000000000036,-0.005205785930499657
2020-09-16,3385.489990234375,0.14,0.69,5.07,-0.0046296468921518345,0.0,0.9999999999999898,-6.99999999999994,0.0046296468921518345
2020-09-17,3357.010009765625,0.13,0.69,5.14,-0.008447949528552457,-1.0000000000000009,0.0,6.99999999999994,0.008447949528552457
2020-09-18,3319.469970703125,0.14,0.7,5.16,-0.011245576947828505,1.0000000000000009,1.0000000000000009,2.000000000000046,0.011245576947828505
2020-09-21,3281.06005859375,0.14,0.68,5.42,-0.011638564027297718,0.0,-1.9999999999999907,25.99999999999998,0.011638564027297718
2020-09-22,3315.570068359375,0.13,0.68,5.45,0.010463016398376152,-1.0000000000000009,0.0,3.000000000000025,-0.010463016398376152
2020-09-23,3236.919921875,0.14,0.68,5.47,-0.02400733891437413,1.0000000000000009,0.0,1.9999999999999574,0.02400733891437413
2020-09-24,3246.590087890625,0.14,0.67,5.64,0.0029830055546290505,0.0,-1.0000000000000009,16.999999999999993,-0.0029830055546290505
2020-09-25,3298.4599609375,0.12,0.66,5.64,0.015850439224188495,-2.0000000000000018,-1.0000000000000009,0.0,-0.015850439224188495
2020-09-28,3351.60009765625,0.14,0.67,5.52,0.0159821918538544,2.0000000000000018,1.0000000000000009,-12.00000000000001,-0.0159821918538544
2020-09-29,3335.469970703125,0.11,0.66,5.5,-0.004824282704443997,-3.0000000000000013,-1.0000000000000009,-1.9999999999999574,0.004824282704443997
2020-09-30,3363.0,0.13,0.69,5.41,0.00821984256837961,2.0000000000000004,2.9999999999999916,-8.999999999999986,-0.00821984256837961
2020-10-01,3380.800048828125,0.14,0.68,5.36,0.0052789495642950775,1.0000000000000009,-0.9999999999999898,-4.999999999999982,-0.0052789495642950775
2020-10-02,3348.419921875,0.13,0.7,5.38,-0.009623812866370861,-1.0000000000000009,1.9999999999999907,1.9999999999999574,0.009623812866370861
2020-10-05,3408.60009765625,0.14,0.78,5.18,0.017813109002900934,1.0000000000000009,8.000000000000007,-20.000000000000018,-0.017813109002900934
2020-10-06,3360.969970703125,0.14,0.76,5.06,-0.014072064387523205,0.0,-2.0000000000000018,-12.00000000000001,0.014072064387523205
2020-10-07,3419.43994140625,0.16,0.81,5.02,0.017247163770241564,1.9999999999999991,5.000000000000004,-4.0000000000000036,-0.017247163770241564
2020-10-08,3446.830078125,0.13,0.78,4.97,0.007978212894869286,-3.0,-3.0000000000000027,-4.999999999999982,-0.007978212894869286
2020-10-09,3477.139892578125,0.16,0.79,4.92,0.008755095180752877,3.0,1.0000000000000009,-4.999999999999982,-0.008755095180752877
2020-10-12,3534.219970703125,0.16,0.79,4.92,0.01628253015832422,0.0,0.0,0.0,-0.01628253015832422
2020-10-13,3511.929931640625,0.16,0.74,4.88,-0.006326891629163268,0.0,-5.000000000000004,-4.0000000000000036,0.006326891629163268
2020-10-14,3488.669921875,0.14,0.73,4.89,-0.0066451720840594065,-1.9999999999999991,-1.0000000000000009,0.9999999999999787,0.0066451720840594065
2020-10-15,3483.340087890625,0.14,0.74,5.01,-0.001528923514213078,0.0,1.0000000000000009,12.00000000000001,0.001528923514213078
2020-10-16,3483.81005859375,0.14,0.76,4.94,0.00013491045663045577,0.0,2.0000000000000018,-6.99999999999994,-0.00013491045663045577
2020-10-19,3426.919921875,0.16,0.78,4.91,-0.016464663514942676,1.9999999999999991,2.0000000000000018,-3.000000000000025,0.016464663514942676
2020-10-20,3443.1201171875,0.14,0.81,4.9,0.0047161953200011274,-1.9999999999999991,3.0000000000000027,-0.9999999999999787,-0.0047161953200011274
2020-10-21,3435.56005859375,0.14,0.83,4.91,-0.0021981140115702774,0.0,1.9999999999999907,0.9999999999999787,0.0021981140115702774
2020-10-22,3453.489990234375,0.16,0.87,4.88,0.0052053540034913415,1.9999999999999991,4.0000000000000036,-3.000000000000025,-0.0052053540034913415
2020-10-23,3465.389892578125,0.18,0.85,4.87,0.003439838320389479,1.9999999999999991,-2.0000000000000018,-0.9999999999999787,-0.003439838320389479
2020-10-26,3400.969970703125,0.16,0.81,5.03,-0.018764472985322012,-1.9999999999999991,-3.9999999999999925,16.000000000000014,0.018764472985322012
2020-10-27,3390.679931640625,0.16,0.79,5.06,-0.003030205350445511,0.0,-2.0000000000000018,2.999999999999936,0.003030205350445511
2020-10-28,3271.030029296875,0.16,0.79,5.29,-0.03592554210857772,0.0,0.0,23.000000000000043,0.03592554210857772
2020-10-29,3310.110107421875,0.16,0.85,5.25,0.01187652493999744,0.0,5.999999999999995,-4.0000000000000036,-0.01187652493999744
2020-10-30,3269.9599609375,0.14,0.88,5.25,-0.012203713445259962,-1.9999999999999991,3.0000000000000027,0.0,0.012203713445259962
2020-11-02,3310.239990234375,0.16,0.87,5.25,0.012242950890591667,1.9999999999999991,-1.0000000000000009,0.0,-0.012242950890591667
2020-11-03,3369.159912109375,0.17,0.9,5.07,0.01764273768407783,1.0000000000000009,3.0000000000000027,-17.99999999999997,-0.01764273768407783
2020-11-04,3443.43994140625,0.14,0.78,4.79,0.021807525655091704,-3.0,-12.0,-28.000000000000025,-0.021807525655091704
2020-11-05,3510.449951171875,0.14,0.79,4.59,0.01927326577670128,0.0,1.0000000000000009,-20.000000000000018,-0.01927326577670128
2020-11-06,3509.43994140625,0.16,0.83,4.67,-0.00028775658537381985,1.9999999999999991,3.9999999999999925,8.000000000000007,0.00028775658537381985
2020-11-09,3550.5,0.17,0.96,4.22,0.011631974746344153,1.0000000000000009,13.0,-45.000000000000014,-0.011631974746344153
2020-11-10,3545.530029296875,0.19,0.98,4.37,-0.001400775220867666,1.9999999999999991,2.0000000000000018,15.000000000000036,0.001400775220867666
2020-11-11,3572.659912109375,0.19,0.98,4.37,0.007622728362991461,0.0,0.0,0.0,-0.007622728362991461
2020-11-12,3537.010009765625,0.17,0.88,4.62,-0.01002865154706935,-1.9999999999999991,-9.999999999999998,25.0,0.01002865154706935
2020-11-13,3585.14990234375,0.17,0.89,4.63,0.013518546706294007,0.0,1.0000000000000009,0.9999999999999787,-0.013518546706294007
2020-11-16,3626.909912109375,0.19,0.91,4.5,0.011580734922832603,1.9999999999999991,2.0000000000000018,-12.99999999999999,-0.011580734922832603
2020-11-17,3609.530029296875,0.18,0.87,4.48,-0.004803443784647531,-1.0000000000000009,-4.0000000000000036,-1.9999999999999574,0.004803443784647531
2020-11-18,3567.7900390625,0.16,0.88,4.42,-0.011631210647481315,-1.9999999999999991,1.0000000000000009,-6.00000000000005,0.011631210647481315
2020-11-19,3581.8701171875,0.18,0.86,4.48,0.003938675690732779,1.9999999999999991,-2.0000000000000018,6.00000000000005,-0.003938675690732779
2020-11-20,3557.5400390625,0.16,0.83,4.49,-0.006815737372918576,-1.9999999999999991,-3.0000000000000027,0.9999999999999787,0.006815737372918576
2020-11-23,3577.590087890625,0.16,0.86,4.43,0.005620108181849693,0.0,3.0000000000000027,-6.00000000000005,-0.005620108181849693
2020-11-24,3635.409912109375,0.16,0.88,4.31,0.016032458814031775,0.0,2.0000000000000018,-12.00000000000001,-0.016032458814031775
2020-11-25,3629.64990234375,0.17,0.88,4.33,-0.0015856747555094064,1.0000000000000009,0.0,2.000000000000046,0.0015856747555094064
2020-11-27,3638.35009765625,0.16,0.84,4.35,0.0023941110259011363,-1.0000000000000009,-4.0000000000000036,1.9999999999999574,-0.0023941110259011363
2020-11-30,3621.6298828125,0.16,0.84,4.33,-0.004606140636972006,0.0,0.0,-1.9999999999999574,0.004606140636972006
2020-12-01,3662.449951171875,0.17,0.92,4.21,0.011208140661592923,1.0000000000000009,8.000000000000007,-12.00000000000001,-0.011208140661592923
2020-12-02,3669.010009765625,0.16,0.95,4.17,0.0017895645286042845,-1.0000000000000009,2.9999999999999916,-4.0000000000000036,-0.0017895645286042845
2020-12-03,3666.719970703125,0.16,0.92,4.1,-0.0006243520802942291,0.0,-2.9999999999999916,-7.000000000000028,0.0006243520802942291
2020-12-04,3699.1201171875,0.16,0.97,4.03,0.00879746371518688,0.0,4.999999999999993,-6.99999999999994,-0.00879746371518688
2020-12-07,3691.9599609375,0.14,0.94,4.03,-0.001937513438963252,-1.9999999999999991,-3.0000000000000027,0.0,0.001937513438963252
2020-12-08,3702.25,0.14,0.92,4.03,0.002783271170170473,0.0,-1.9999999999999907,0.0,-0.002783271170170473
2020-12-09,3672.820068359375,0.16,0.95,4.04,-0.00798096494847171,1.9999999999999991,2.9999999999999916,0.9999999999999787,0.00798096494847171
2020-12-10,3668.10009765625,0.14,0.92,4.08,-0.0012859345277717227,-1.9999999999999991,-2.9999999999999916,4.0000000000000036,0.0012859345277717227
2020-12-11,3663.4599609375,0.11,0.9,4.13,-0.0012657980842328352,-3.0000000000000013,-2.0000000000000018,4.999999999999982,0.0012657980842328352
2020-12-14,3647.489990234375,0.13,0.9,4.07,-0.0043687882451469585,2.0000000000000004,0.0,-5.999999999999961,0.0043687882451469585
2020-12-15,3694.6201171875,0.11,0.92,4.06,0.012838482022218645,-2.0000000000000004,2.0000000000000018,-1.0000000000000675,-0.012838482022218645
2020-12-16,3701.169921875,0.13,0.92,4.06,0.0017712256203230642,2.0000000000000004,0.0,0.0,-0.0017712256203230642
2020-12-17,3722.47998046875,0.13,0.94,4.05,0.0057411428089832834,0.0,1.9999999999999907,-0.9999999999999787,-0.0057411428089832834
2020-12-18,3709.409912109375,0.13,0.95,4.03,-0.003517296952148704,0.0,1.0000000000000009,-1.9999999999999574,0.003517296952148704
2020-12-21,3694.919921875,0.13,0.95,4.18,-0.003913928486909485,0.0,0.0,14.999999999999947,0.003913928486909485
2020-12-22,3687.260009765625,0.13,0.93,4.12,-0.0020752446917703606,0.0,-1.9999999999999907,-5.999999999999961,0.0020752446917703606
2020-12-23,3690.010009765625,0.13,0.96,4.07,0.0007455332718186887,0.0,2.9999999999999916,-4.999999999999982,-0.0007455332718186887
2020-12-24,3703.06005859375,0.13,0.94,4.05,0.0035303499794869524,0.0,-2.0000000000000018,-2.000000000000046,-0.0035303499794869524
2020-12-28,3735.360107421875,0.13,0.94,3.89,0.0086847075384115,0.0,0.0,-15.99999999999997,-0.0086847075384115
2020-12-29,3727.0400390625,0.12,0.94,3.85,-0.002229864827278697,-1.0000000000000009,0.0,-4.0000000000000036,0.002229864827278697
2020-12-30,3732.0400390625,0.12,0.93,3.87,0.0013406480950792154,0.0,-0.9999999999999898,2.0000000000000018,-0.0013406480950792154
2020-12-31,3756.070068359375,0.13,0.93,3.86,0.006418204711703793,1.0000000000000009,0.0,-1.000000000000023,-0.006418204711703793
2021-01-04,3700.64990234375,0.11,0.93,3.93,-0.014864762712025787,-2.0000000000000004,0.0,7.000000000000028,0.014864762712025787
2021-01-05,3726.860107421875,0.13,0.96,3.92,0.007057631383362026,2.0000000000000004,2.9999999999999916,-1.000000000000023,-0.007057631383362026
2021-01-06,3748.139892578125,0.14,1.04,3.8,0.005693603382474094,1.0000000000000009,8.000000000000007,-12.00000000000001,-0.005693603382474094
2021-01-07,3803.7900390625,0.14,1.08,3.78,0.014738260107752971,0.0,4.0000000000000036,-2.0000000000000018,-0.014738260107752971
2021-01-08,3824.679931640625,0.14,1.13,3.76,0.00547683739351537,0.0,4.999999999999982,-2.0000000000000018,-0.00547683739351537
2021-01-11,3799.610107421875,0.14,1.15,3.82,-0.006576327616621317,0.0,2.0000000000000018,6.000000000000005,0.006576327616621317
2021-01-12,3801.18994140625,0.14,1.15,3.85,0.000415702030569564,0.0,0.0,3.000000000000025,-0.000415702030569564
2021-01-13,3809.840087890625,0.14,1.1,3.82,0.0022730563867261076,0.0,-4.999999999999982,-3.000000000000025,-0.0022730563867261076
2021-01-14,3795.5400390625,0.16,1.15,3.73,-0.003760513068743101,1.9999999999999991,4.999999999999982,-8.999999999999986,0.003760513068743101
2021-01-15,3768.25,0.13,1.11,3.74,-0.007216000798278504,-3.0,-3.9999999999999813,1.000000000000023,0.007216000798278504
2021-01-19,3798.909912109375,0.14,1.1,3.71,0.008103457635761657,1.0000000000000009,-1.0000000000000009,-3.000000000000025,-0.008103457635761657
2021-01-20,3851.85009765625,0.13,1.1,3.67,0.013839417376510862,-1.0000000000000009,0.0,-4.0000000000000036,-0.013839417376510862
2021-01-21,3853.070068359375,0.13,1.12,3.65,0.00031667316131354906,0.0,2.0000000000000018,-2.0000000000000018,-0.00031667316131354906
2021-01-22,3841.469970703125,0.13,1.1,3.75,-0.0030151526629377105,0.0,-2.0000000000000018,10.000000000000009,0.0030151526629377105
2021-01-25,3855.360107421875,0.13,1.05,3.75,0.0036093175130174657,0.0,-5.000000000000004,0.0,-0.0036093175130174657
2021-01-26,3849.6201171875,0.11,1.05,3.74,-0.001489943161153501,-2.0000000000000004,0.0,-0.9999999999999787,0.001489943161153501
2021-01-27,3750.77001953125,0.12,1.04,3.85,-0.02601331512610035,0.9999999999999996,-1.0000000000000009,10.999999999999988,0.02601331512610035
2021-01-28,3787.3798828125,0.12,1.07,3.76,0.009713298778760395,0.0,3.0000000000000027,-9.00000000000003,-0.009713298778760395
2021-01-29,3714.239990234375,0.11,1.11,3.79,-0.019500377654792,-0.9999999999999996,4.0000000000000036,3.000000000000025,0.019500377654792
2021-02-01,3773.860107421875,0.11,1.09,3.83,0.015924300234678626,0.0,-2.0000000000000018,4.0000000000000036,-0.015924300234678626
2021-02-02,3826.31005859375,0.11,1.12,3.75,0.013802528814310624,0.0,3.0000000000000027,-8.000000000000007,-0.013802528814310624
2021-02-03,3830.169921875,0.11,1.15,3.68,0.0010082606153447803,0.0,2.9999999999999805,-6.999999999999984,-0.0010082606153447803
2021-02-04,3871.739990234375,0.11,1.15,3.64,0.010794847643921975,0.0,0.0,-4.0000000000000036,-0.010794847643921975
2021-02-05,3886.830078125,0.09,1.19,3.58,0.003889919607763825,-2.0000000000000004,4.0000000000000036,-6.000000000000005,-0.003889919607763825
2021-02-08,3915.590087890625,0.11,1.19,3.54,0.007372107476289037,2.0000000000000004,0.0,-4.0000000000000036,-0.007372107476289037
2021-02-09,3911.22998046875,0.11,1.18,3.51,-0.0011141454217211749,0.0,-1.0000000000000009,-3.000000000000025,0.0011141454217211749
2021-02-10,3909.8798828125,0.11,1.15,3.51,-0.0003452445223915674,0.0,-3.0000000000000027,0.0,0.0003452445223915674
2021-02-11,3916.3798828125,0.11,1.16,3.5,0.0016610748145877074,0.0,1.0000000000000009,-0.9999999999999787,-0.0016610748145877074
2021-02-12,3934.830078125,0.11,1.2,3.48,0.004699970926162608,0.0,4.0000000000000036,-2.0000000000000018,-0.004699970926162608
2021-02-16,3932.590087890625,0.13,1.3,3.41,-0.0005694345154154666,2.0000000000000004,10.000000000000009,-6.999999999999984,0.0005694345154154666
2021-02-17,3931.330078125,0.11,1.29,3.44,-0.0003204533489169501,-2.0000000000000004,-1.0000000000000009,2.9999999999999805,0.0003204533489169501
2021-02-18,3913.969970703125,0.11,1.29,3.46,-0.004425614227243303,0.0,0.0,2.0000000000000018,0.004425614227243303
2021-02-19,3906.7099609375,0.11,1.34,3.41,-0.0018566190956649255,0.0,5.000000000000004,-4.999999999999982,0.0018566190956649255
2021-02-22,3876.5,0.11,1.37,3.44,-0.007762892893710863,0.0,3.0000000000000027,2.9999999999999805,0.007762892893710863
2021-02-23,3881.3701171875,0.11,1.37,3.47,0.0012555296115265332,0.0,0.0,3.000000000000025,-0.0012555296115265332
2021-02-24,3925.429931640625,0.12,1.38,3.42,0.011287667670985945,0.9999999999999996,0.9999999999999787,-5.000000000000027,-0.011287667670985945
2021-02-25,3829.340087890625,0.17,1.54,3.42,-0.02478339442417185,5.000000000000002,16.000000000000014,0.0,0.02478339442417185
2021-02-26,3811.14990234375,0.14,1.44,3.52,-0.004761532293798778,-3.0,-10.000000000000009,10.000000000000009,0.004761532293798778
2021-03-01,3901.820068359375,0.13,1.45,3.54,0.02351217322569352,-1.0000000000000009,1.0000000000000009,2.0000000000000018,-0.02351217322569352
2021-03-02,3870.2900390625,0.13,1.42,3.53,-0.00811367873950876,0.0,-3.0000000000000027,-1.000000000000023,0.00811367873950876
2021-03-03,3819.719970703125,0.14,1.47,3.51,-0.01315233589480116,1.0000000000000009,5.000000000000004,-2.0000000000000018,0.01315233589480116
2021-03-04,3768.469970703125,0.14,1.54,3.54,-0.013508038064390469,0.0,7.000000000000006,3.000000000000025,0.013508038064390469
2021-03-05,3841.93994140625,0.14,1.56,3.6,0.019308356338709188,0.0,2.0000000000000018,6.000000000000005,-0.019308356338709188
2021-03-08,3821.35009765625,0.17,1.59,3.57,-0.005373643224025429,3.0,3.0000000000000027,-3.000000000000025,0.005373643224025429
2021-03-09,3875.43994140625,0.17,1.55,3.62,0.014055400743930569,0.0,-4.0000000000000036,5.000000000000027,-0.014055400743930569
2021-03-10,3898.81005859375,0.16,1.53,3.63,0.006012203770988197,-1.0000000000000009,-2.0000000000000018,0.9999999999999787,-0.006012203770988197
2021-03-11,3939.340087890625,0.14,1.54,3.52,0.010341825500657608,-1.9999999999999991,1.0000000000000009,-10.999999999999988,-0.010341825500657608
2021-03-12,3943.340087890625,0.14,1.64,3.55,0.0010148833275308508,0.0,9.999999999999986,2.9999999999999805,-0.0010148833275308508
2021-03-15,3968.93994140625,0.14,1.62,3.55,0.006470939539413048,0.0,-1.9999999999999796,0.0,-0.006470939539413048
2021-03-16,3962.7099609375,0.15,1.62,3.55,-0.0015709169785959108,0.9999999999999981,0.0,0.0,0.0015709169785959108
2021-03-17,3974.1201171875,0.13,1.63,3.65,0.0028752446501592592,-1.9999999999999991,0.9999999999999787,10.000000000000009,-0.0028752446501592592
2021-03-18,3915.4599609375,0.16,1.71,3.66,-0.014870560065947797,3.0,8.000000000000007,1.000000000000023,0.014870560065947797
2021-03-19,3913.10009765625,0.16,1.74,3.67,-0.0006028856737550234,0.0,3.0000000000000027,0.9999999999999787,0.0006028856737550234
2021-03-22,3940.590087890625,0.15,1.69,3.58,0.007000556898342752,-1.0000000000000009,-5.000000000000004,-8.999999999999986,-0.007000556898342752
2021-03-23,3910.52001953125,0.15,1.63,3.57,-0.007660118119334028,0.0,-6.000000000000005,-1.000000000000023,0.007660118119334028
2021-03-24,3889.139892578125,0.14,1.62,3.51,-0.00548233660034883,-0.9999999999999981,-0.9999999999999787,-6.000000000000005,0.00548233660034883
2021-03-25,3909.52001953125,0.14,1.63,3.53,0.005226583432729291,0.0,0.9999999999999787,2.0000000000000018,-0.005226583432729291
2021-03-26,3974.5400390625,0.14,1.67,3.48,0.016494418658716575,0.0,4.0000000000000036,-4.999999999999982,-0.016494418658716575
2021-03-29,3971.090087890625,0.14,1.73,3.43,-0.0008683896263867381,0.0,6.000000000000005,-4.999999999999982,0.0008683896263867381
2021-03-30,3958.550048828125,0.16,1.73,3.44,-0.0031628294096500294,1.9999999999999991,0.0,0.9999999999999787,0.0031628294096500294
2021-03-31,3972.889892578125,0.16,1.74,3.36,0.003615953592419885,0.0,1.0000000000000009,-8.000000000000007,-0.003615953592419885
2021-04-01,4019.8701171875,0.17,1.69,3.33,0.011755830427674127,1.0000000000000009,-5.000000000000004,-2.9999999999999805,-0.011755830427674127
2021-04-05,4077.909912109375,0.17,1.73,3.25,0.0143349877622439,0.0,4.0000000000000036,-8.000000000000007,-0.0143349877622439
2021-04-06,4073.93994140625,0.16,1.67,3.25,-0.0009740049407969285,-1.0000000000000009,-6.000000000000005,0.0,0.0009740049407969285
2021-04-07,4079.949951171875,0.16,1.68,3.22,0.0014741456981068137,0.0,1.0000000000000009,-2.9999999999999805,-0.0014741456981068137
2021-04-08,4097.169921875,0.14,1.64,3.21,0.004211750940591775,-1.9999999999999991,-4.0000000000000036,-1.000000000000023,-0.004211750940591775
2021-04-09,4128.7998046875,0.16,1.67,3.24,0.007690288135687276,1.9999999999999991,3.0000000000000027,3.000000000000025,-0.007690288135687276
2021-04-12,4127.990234375,0.18,1.69,3.24,-0.0001960980747395339,1.9999999999999991,2.0000000000000018,0.0,0.0001960980747395339
2021-04-13,4141.58984375,0.16,1.64,3.32,0.0032890718770625686,-1.9999999999999991,-5.000000000000004,7.999999999999963,-0.0032890718770625686
2021-04-14,4124.66015625,0.16,1.64,3.25,-0.004096104320730151,0.0,0.0,-6.999999999999984,0.004096104320730151
2021-04-15,4170.419921875,0.16,1.56,3.25,0.011033101401119478,0.0,-7.999999999999985,0.0,-0.011033101401119478
2021-04-16,4185.47021484375,0.16,1.59,3.22,0.0036023233905179666,0.0,3.0000000000000027,-2.9999999999999805,-0.0036023233905179666
2021-04-19,4163.259765625,0.16,1.61,3.25,-0.005320689893757947,0.0,2.0000000000000018,2.9999999999999805,0.005320689893757947
2021-04-20,4134.93994140625,0.15,1.58,3.35,-0.006825561005077803,-1.0000000000000009,-3.0000000000000027,10.000000000000009,0.006825561005077803
2021-04-21,4173.419921875,0.15,1.57,3.34,0.009263020919853236,0.0,-1.0000000000000009,-1.000000000000023,-0.009263020919853236
2021-04-22,4134.97998046875,0.16,1.57,3.34,-0.009253337860554323,1.0000000000000009,0.0,0.0,0.009253337860554323
2021-04-23,4180.169921875,0.16,1.58,3.29,0.01086940989553096,0.0,1.0000000000000009,-4.999999999999982,-0.01086940989553096
2021-04-26,4187.6201171875,0.18,1.58,3.26,0.001780684564582624,1.9999999999999991,0.0,-3.000000000000025,-0.001780684564582624
2021-04-27,4186.72021484375,0.17,1.63,3.24,-0.0002149189814442344,-0.9999999999999981,4.999999999999982,-1.9999999999999574,0.0002149189814442344
2021-04-28,4183.18017578125,0.17,1.63,3.26,-0.0008458975873960478,0.0,0.0,1.9999999999999574,0.0008458975873960478
2021-04-29,4211.47021484375,0.16,1.65,3.24,0.0067400415367024095,-1.0000000000000009,2.0000000000000018,-1.9999999999999574,-0.0067400415367024095
2021-04-30,4181.169921875,0.16,1.65,3.28,-0.0072207134171198275,0.0,0.0,3.999999999999959,0.0072207134171198275
2021-05-03,4192.66015625,0.16,1.63,3.27,0.002744321649512167,0.0,-2.0000000000000018,-0.9999999999999787,-0.002744321649512167
2021-05-04,4164.66015625,0.16,1.61,3.32,-0.0067007374898472305,0.0,-1.9999999999999796,4.999999999999982,0.0067007374898472305
2021-05-05,4167.58984375,0.16,1.59,3.29,0.0007032164471135163,0.0,-2.0000000000000018,-2.9999999999999805,-0.0007032164471135163
2021-05-06,4201.6201171875,0.16,1.58,3.3,0.008132299498632055,0.0,-1.0000000000000009,0.9999999999999787,-0.008132299498632055
2021-05-07,4232.60009765625,0.14,1.6,3.27,0.007346291419186351,-1.9999999999999991,2.0000000000000018,-2.9999999999999805,-0.007346291419186351
2021-05-10,4188.43017578125,0.16,1.63,3.26,-0.010490480503138024,1.9999999999999991,2.9999999999999805,-1.000000000000023,0.010490480503138024
2021-05-11,4152.10009765625,0.16,1.64,3.36,-0.008711750141781542,0.0,1.0000000000000009,10.000000000000009,0.008711750141781542
2021-05-12,4063.0400390625,0.16,1.69,3.34,-0.021682782358302413,0.0,5.000000000000004,-2.0000000000000018,0.021682782358302413
2021-05-13,4112.5,0.16,1.66,3.37,0.012099644578094055,0.0,-3.0000000000000027,3.000000000000025,-0.012099644578094055
2021-05-14,4173.85009765625,0.16,1.63,3.35,0.014807778563623631,0.0,-3.0000000000000027,-2.0000000000000018,-0.014807778563623631
2021-05-17,4163.2900390625,0.16,1.64,3.35,-0.002533258183961915,0.0,1.0000000000000009,0.0,0.002533258183961915
2021-05-18,4127.830078125,0.16,1.64,3.35,-0.0085537723840327,0.0,0.0,0.0,0.0085537723840327
2021-05-19,4115.68017578125,0.16,1.68,3.4,-0.002947751811378411,0.0,4.0000000000000036,4.999999999999982,0.002947751811378411
2021-05-20,4159.1201171875,0.15,1.63,3.42,0.01049942933450842,-1.0000000000000009,-5.000000000000004,2.0000000000000018,-0.01049942933450842
2021-05-21,4155.85986328125,0.17,1.63,3.37,-0.0007841880752528091,2.0000000000000018,0.0,-4.999999999999982,0.0007841880752528091
2021-05-24,4197.0498046875,0.15,1.61,3.37,0.009862497481216075,-2.0000000000000018,-1.9999999999999796,0.0,-0.009862497481216075
2021-05-25,4188.1298828125,0.15,1.56,3.34,-0.002127545400828599,0.0,-5.000000000000004,-3.000000000000025,0.002127545400828599
2021-05-26,4195.990234375,0.14,1.58,3.35,0.0018750575506104544,-0.9999999999999981,2.0000000000000018,1.000000000000023,-0.0018750575506104544
2021-05-27,4200.8798828125,0.14,1.61,3.3,0.001164636089862995,0.0,3.0000000000000027,-5.000000000000027,-0.001164636089862995
2021-05-28,4204.10986328125,0.14,1.58,3.29,0.000768586452887337,0.0,-3.0000000000000027,-0.9999999999999787,-0.000768586452887337
2021-06-01,4202.0400390625,0.16,1.62,3.33,-0.0004924547586291649,1.9999999999999991,4.0000000000000036,4.0000000000000036,0.0004924547586291649
2021-06-02,4208.1201171875,0.13,1.59,3.31,0.0014458890369002922,-3.0,-3.0000000000000027,-2.0000000000000018,-0.0014458890369002922
2021-06-03,4192.85009765625,0.16,1.63,3.28,-0.003635303056049319,3.0,3.9999999999999813,-3.000000000000025,0.003635303056049319
2021-06-04,4229.89013671875,0.14,1.56,3.28,0.008795303383016323,-1.9999999999999991,-6.999999999999984,0.0,-0.008795303383016323
2021-06-07,4226.52001953125,0.16,1.57,3.27,-0.0007970562694215079,1.9999999999999991,1.0000000000000009,-0.9999999999999787,0.0007970562694215079
2021-06-08,4227.259765625,0.14,1.53,3.26,0.00017500954944121158,-1.9999999999999991,-4.0000000000000036,-1.000000000000023,-0.00017500954944121158
2021-06-09,4219.5498046875,0.16,1.5,3.22,-0.0018255325906156837,1.9999999999999991,-3.0000000000000027,-3.999999999999959,0.0018255325906156837
2021-06-10,4239.18017578125,0.14,1.45,3.23,0.004641454776462911,-1.9999999999999991,-5.000000000000004,0.9999999999999787,-0.004641454776462911
2021-06-11,4247.43994140625,0.16,1.47,3.21,0.0019465389328083601,1.9999999999999991,2.0000000000000018,-2.0000000000000018,-0.0019465389328083601
2021-06-14,4255.14990234375,0.16,1.51,3.17,0.0018135563851361702,0.0,4.0000000000000036,-4.0000000000000036,-0.0018135563851361702
2021-06-15,4246.58984375,0.16,1.51,3.17,-0.00201371995427588,0.0,0.0,0.0,0.00201371995427588
2021-06-16,4223.7001953125,0.21,1.57,3.12,-0.005404703747026491,4.999999999999999,6.000000000000005,-4.999999999999982,0.005404703747026491
2021-06-17,4221.85986328125,0.23,1.52,3.15,-0.00043581054367264766,2.0000000000000018,-5.000000000000004,2.9999999999999805,0.00043581054367264766
2021-06-18,4166.4501953125,0.26,1.45,3.18,-0.013211355687284158,3.0,-7.000000000000006,3.000000000000025,0.013211355687284158
2021-06-21,4224.7900390625,0.27,1.5,3.14,0.013905163512319857,1.0000000000000009,5.000000000000004,-4.0000000000000036,-0.013905163512319857
2021-06-22,4246.43994140625,0.25,1.48,3.15,0.005111406378990611,-2.0000000000000018,-2.0000000000000018,0.9999999999999787,-0.005111406378990611
2021-06-23,4241.83984375,0.26,1.5,3.13,-0.0010838705186495853,1.0000000000000009,2.0000000000000018,-2.0000000000000018,0.0010838705186495853
2021-06-24,4266.490234375,0.26,1.49,3.08,0.005794429545916893,0.0,-1.0000000000000009,-4.999999999999982,-0.005794429545916893
2021-06-25,4280.7001953125,0.28,1.54,3.04,0.003325063164687565,2.0000000000000018,5.000000000000004,-4.0000000000000036,-0.003325063164687565
2021-06-28,4290.60986328125,0.25,1.49,3.05,0.0023122888604717494,-3.0000000000000027,-5.000000000000004,0.9999999999999787,-0.0023122888604717494
2021-06-29,4291.7998046875,0.27,1.49,3.03,0.0002772977426878152,2.0000000000000018,0.0,-2.0000000000000018,-0.0002772977426878152
2021-06-30,4297.5,0.25,1.45,3.04,0.0013272784229071918,-2.0000000000000018,-4.0000000000000036,1.000000000000023,-0.0013272784229071918
2021-07-01,4319.93994140625,0.25,1.48,3.02,0.005208041432254744,0.0,3.0000000000000027,-2.0000000000000018,-0.005208041432254744
2021-07-02,4352.33984375,0.24,1.44,3.04,0.007472095894691671,-1.0000000000000009,-4.0000000000000036,2.0000000000000018,-0.007472095894691671
2021-07-06,4343.5400390625,0.22,1.37,3.05,-0.0020239027700217787,-1.9999999999999991,-6.999999999999984,0.9999999999999787,0.0020239027700217787
2021-07-07,4358.1298828125,0.22,1.33,3.05,0.0033533465536629346,0.0,-4.0000000000000036,0.0,-0.0033533465536629346
2021-07-08,4320.81982421875,0.19,1.3,3.14,-0.008597881009556396,-3.0,-3.0000000000000027,9.00000000000003,0.008597881009556396
2021-07-09,4369.5498046875,0.23,1.37,3.07,0.011214825902413766,4.000000000000001,7.000000000000006,-7.000000000000028,-0.011214825902413766
2021-07-12,4384.6298828125,0.23,1.38,3.05,0.0034452326955940497,0.0,0.9999999999999787,-2.0000000000000018,-0.0034452326955940497
2021-07-13,4369.2099609375,0.26,1.42,3.04,-0.0035230111811655838,3.0,4.0000000000000036,-0.9999999999999787,0.0035230111811655838
2021-07-14,4374.2998046875,0.23,1.37,3.1,0.0011642565654693257,-3.0,-4.999999999999982,6.000000000000005,-0.0011642565654693257
2021-07-15,4360.02978515625,0.23,1.31,3.14,-0.0032675735627459117,0.0,-6.000000000000005,4.0000000000000036,0.0032675735627459117
2021-07-16,4327.16015625,0.25,1.31,3.18,-0.007567415006813217,1.9999999999999991,0.0,4.0000000000000036,0.007567415006813217
2021-07-19,4258.490234375,0.21,1.19,3.44,-0.015996781399983978,-4.000000000000001,-12.00000000000001,25.99999999999998,0.015996781399983978
2021-07-20,4323.06005859375,0.2,1.23,3.38,0.0150488060047999,-0.9999999999999981,4.0000000000000036,-6.000000000000005,-0.0150488060047999
2021-07-21,4358.68994140625,0.22,1.3,3.24,0.008208041662144044,1.9999999999999991,7.000000000000006,-13.999999999999968,-0.008208041662144044
2021-07-22,4367.47998046875,0.2,1.27,3.24,0.0020146392092429753,-1.9999999999999991,-3.0000000000000027,0.0,-0.0020146392092429753
2021-07-23,4411.7900390625,0.22,1.3,3.22,0.010094332386254415,1.9999999999999991,3.0000000000000027,-2.0000000000000018,-0.010094332386254415
2021-07-26,4422.2998046875,0.22,1.29,3.21,0.0023793669227295928,0.0,-1.0000000000000009,-1.000000000000023,-0.0023793669227295928
2021-07-27,4401.4599609375,0.2,1.25,3.27,-0.004723583382178003,-1.9999999999999991,-4.0000000000000036,6.000000000000005,0.004723583382178003
2021-07-28,4400.64013671875,0.2,1.26,3.26,-0.000186279231552706,0.0,1.0000000000000009,-1.000000000000023,0.000186279231552706
2021-07-29,4419.14990234375,0.2,1.28,3.23,0.004197331845272641,0.0,2.0000000000000018,-2.9999999999999805,-0.004197331845272641
2021-07-30,4395.259765625,0.19,1.24,3.26,-0.005420713608261166,-1.0000000000000009,-4.0000000000000036,2.9999999999999805,0.005420713608261166
2021-08-02,4387.16015625,0.17,1.2,3.36,-0.001844505670060361,-1.9999999999999991,-4.0000000000000036,10.000000000000009,0.001844505670060361
2021-08-03,4423.14990234375,0.17,1.19,3.42,0.008169961338918062,0.0,-1.0000000000000009,6.000000000000005,-0.008169961338918062
2021-08-04,4402.66015625,0.17,1.19,3.42,-0.004643150661295458,0.0,0.0,0.0,0.004643150661295458
2021-08-05,4429.10009765625,0.21,1.23,3.37,0.005987485990419113,3.9999999999999982,4.0000000000000036,-4.999999999999982,-0.005987485990419113
2021-08-06,4436.52001953125,0.21,1.31,3.32,0.0016738645485288822,0.0,8.000000000000007,-5.000000000000027,-0.0016738645485288822
2021-08-09,4432.35009765625,0.23,1.33,3.34,-0.0009403502649549345,2.0000000000000018,2.0000000000000018,2.0000000000000018,0.0009403502649549345
2021-08-10,4436.75,0.24,1.36,3.32,0.0009921869538634502,0.9999999999999981,3.0000000000000027,-2.0000000000000018,-0.0009921869538634502
2021-08-11,4442.41015625,0.23,1.35,3.37,0.0012749307180154837,-0.9999999999999981,-1.0000000000000009,5.000000000000027,-0.0012749307180154837
2021-08-12,4460.830078125,0.23,1.36,3.34,0.00413780773547866,0.0,1.0000000000000009,-3.000000000000025,-0.00413780773547866
2021-08-13,4468.0,0.23,1.29,3.36,0.0016060163209228441,0.0,-7.000000000000006,2.0000000000000018,-0.0016060163209228441
2021-08-16,4479.7099609375,0.21,1.26,3.38,0.0026174222619943593,-2.0000000000000018,-3.0000000000000027,2.0000000000000018,-0.0026174222619943593
2021-08-17,4448.080078125,0.23,1.26,3.37,-0.007085743507137991,2.0000000000000018,0.0,-0.9999999999999787,0.007085743507137991
2021-08-18,4400.27001953125,0.23,1.27,3.35,-0.01080665284525433,0.0,1.0000000000000009,-2.0000000000000018,0.01080665284525433
2021-08-19,4405.7998046875,0.22,1.24,3.42,0.001255903256156918,-1.0000000000000009,-3.0000000000000027,6.999999999999984,-0.001255903256156918
2021-08-20,4441.669921875,0.23,1.26,3.37,0.00810860389074176,1.0000000000000009,2.0000000000000018,-4.999999999999982,-0.00810860389074176
2021-08-23,4479.52978515625,0.23,1.25,3.34,0.008487667984412181,0.0,-1.0000000000000009,-3.000000000000025,-0.008487667984412181
2021-08-24,4486.22998046875,0.24,1.29,3.26,0.0014946188019620721,0.9999999999999981,4.0000000000000036,-8.000000000000007,-0.0014946188019620721
2021-08-25,4496.18994140625,0.23,1.35,3.22,0.00221765740325088,-0.9999999999999981,6.000000000000005,-3.999999999999959,-0.00221765740325088
2021-08-26,4470.0,0.25,1.34,3.2,-0.0058419498276026565,1.9999999999999991,-1.0000000000000009,-2.0000000000000018,0.0058419498276026565
2021-08-27,4509.3701171875,0.22,1.31,3.17,0.008769071540452218,-3.0,-3.0000000000000027,-3.000000000000025,-0.008769071540452218
2021-08-30,4528.7900390625,0.2,1.29,3.16,0.0042973241068746,-1.9999999999999991,-2.0000000000000018,-0.9999999999999787,-0.0042973241068746
2021-08-31,4522.68017578125,0.2,1.3,3.21,-0.0013500269158932096,0.0,1.0000000000000009,4.999999999999982,0.0013500269158932096
2021-09-01,4524.08984375,0.2,1.31,3.19,0.00031164006095334113,0.0,1.0000000000000009,-2.0000000000000018,-0.00031164006095334113
2021-09-02,4536.9501953125,0.2,1.29,3.16,0.002838605754404257,0.0,-2.0000000000000018,-2.9999999999999805,-0.002838605754404257
2021-09-03,4535.43017578125,0.21,1.33,3.14,-0.0003350872611813474,0.9999999999999981,4.0000000000000036,-2.0000000000000018,0.0003350872611813474
2021-09-07,4520.02978515625,0.22,1.38,3.16,-0.0034013524523203464,1.0000000000000009,4.999999999999982,2.0000000000000018,0.0034013524523203464
2021-09-08,4514.06982421875,0.22,1.35,3.16,-0.001319436813816666,0.0,-2.9999999999999805,0.0,0.001319436813816666
2021-09-09,4493.27978515625,0.23,1.3,3.15,-0.004616247150002522,1.0000000000000009,-5.000000000000004,-1.000000000000023,0.004616247150002522
2021-09-10,4458.580078125,0.23,1.35,3.11,-0.0077525522862761,0.0,5.000000000000004,-4.0000000000000036,0.0077525522862761
2021-09-13,4468.72998046875,0.21,1.33,3.09,0.002273900346369644,-2.0000000000000018,-2.0000000000000018,-2.0000000000000018,-0.002273900346369644
2021-09-14,4443.0498046875,0.21,1.28,3.11,-0.005763213966258604,0.0,-5.000000000000004,2.0000000000000018,0.005763213966258604
2021-09-15,4480.7001953125,0.21,1.31,3.08,0.008438294222079725,0.0,3.0000000000000027,-2.9999999999999805,-0.008438294222079725
2021-09-16,4473.75,0.23,1.34,3.06,-0.0015523447127638308,2.0000000000000018,3.0000000000000027,-2.0000000000000018,0.0015523447127638308
2021-09-17,4432.990234375,0.23,1.37,3.04,-0.0091526302757993,0.0,3.0000000000000027,-2.0000000000000018,0.0091526302757993
2021-09-20,4357.72998046875,0.23,1.31,3.23,-0.017123077726381844,0.0,-6.000000000000005,18.999999999999993,0.017123077726381844
2021-09-21,4354.18994140625,0.22,1.33,3.17,-0.0008126886585469564,-1.0000000000000009,2.0000000000000018,-6.000000000000005,0.0008126886585469564
2021-09-22,4395.64013671875,0.25,1.32,3.09,0.009474585224220084,3.0,-1.0000000000000009,-8.000000000000007,-0.009474585224220084
2021-09-23,4448.97998046875,0.27,1.41,3.03,0.012061680369935969,2.0000000000000018,8.999999999999986,-6.000000000000005,-0.012061680369935969
2021-09-24,4455.47998046875,0.29,1.47,3.05,0.0014599428113642636,1.9999999999999962,6.000000000000005,2.0000000000000018,-0.0014599428113642636
2021-09-27,4443.10986328125,0.31,1.48,3.06,-0.002780243920187674,2.0000000000000018,1.0000000000000009,1.000000000000023,0.002780243920187674
2021-09-28,4352.6298828125,0.31,1.54,3.13,-0.020574317739894057,0.0,6.000000000000005,6.999999999999984,0.020574317739894057
2021-09-29,4359.4599609375,0.3,1.55,3.09,0.0015679543362838073,-1.0000000000000009,1.0000000000000009,-4.0000000000000036,-0.0015679543362838073
2021-09-30,4307.5400390625,0.28,1.52,3.15,-0.011981202945014901,-1.9999999999999962,-3.0000000000000027,6.000000000000005,0.011981202945014901
2021-10-01,4357.0400390625,0.27,1.48,3.2,0.011425952113334161,-1.0000000000000009,-4.0000000000000036,5.000000000000027,-0.011425952113334161
2021-10-04,4300.4599609375,0.27,1.49,3.21,-0.013070952048643704,0.0,1.0000000000000009,0.9999999999999787,0.013070952048643704
2021-10-05,4345.72021484375,0.28,1.54,3.17,0.010469517498601526,1.0000000000000009,5.000000000000004,-4.0000000000000036,-0.010469517498601526
2021-10-06,4363.5498046875,0.3,1.53,3.29,0.004094399349624824,1.9999999999999962,-1.0000000000000009,12.00000000000001,-0.004094399349624824
2021-10-07,4399.759765625,0.32,1.58,3.19,0.008264039225065405,2.0000000000000018,5.000000000000004,-10.000000000000009,-0.008264039225065405
2021-10-08,4391.33984375,0.32,1.61,3.2,-0.0019155566024214522,0.0,3.0000000000000027,1.000000000000023,0.0019155566024214522
2021-10-11,4361.18994140625,0.32,1.61,3.2,-0.006889441644339833,0.0,0.0,0.0,0.006889441644339833
2021-10-12,4350.64990234375,0.35,1.59,3.28,-0.0024197056865549256,2.9999999999999973,-2.0000000000000018,7.999999999999963,0.0024197056865549256
2021-10-13,4363.7998046875,0.37,1.56,3.25,0.0030179558702319183,2.0000000000000018,-3.0000000000000027,-2.9999999999999805,-0.0030179558702319183
2021-10-14,4438.259765625,0.36,1.52,3.18,0.016919162285711567,-1.0000000000000009,-4.0000000000000036,-6.999999999999984,-0.016919162285711567
2021-10-15,4471.3701171875,0.41,1.59,3.12,0.007432520637190081,4.999999999999999,7.000000000000006,-6.000000000000005,-0.007432520637190081
2021-10-18,4486.4599609375,0.44,1.59,3.11,0.0033690878018038262,3.0000000000000027,0.0,-1.000000000000023,-0.0033690878018038262
2021-10-19,4519.6298828125,0.41,1.65,3.09,0.007366142784235753,-3.0000000000000027,5.999999999999983,-2.0000000000000018,-0.007366142784235753
2021-10-20,4536.18994140625,0.4,1.65,3.07,0.003657333598560689,-0.9999999999999953,0.0,-2.0000000000000018,-0.003657333598560689
2021-10-21,4549.77978515625,0.45,1.68,3.03,0.002991393168360022,4.999999999999999,3.0000000000000027,-4.0000000000000036,-0.002991393168360022
2021-10-22,4544.89990234375,0.48,1.66,3.07,-0.0010731292246643565,2.9999999999999973,-2.0000000000000018,4.0000000000000036,0.0010731292246643565
2021-10-25,4566.47998046875,0.47,1.64,3.11,0.004736959440853509,-1.0000000000000009,-2.0000000000000018,4.0000000000000036,-0.004736959440853509
2021-10-26,4574.7900390625,0.47,1.63,3.09,0.0018181414322441137,0.0,-1.0000000000000009,-2.0000000000000018,-0.0018181414322441137
2021-10-27,4551.68017578125,0.5,1.54,3.11,-0.0050643703711055294,3.0000000000000027,-8.999999999999986,2.0000000000000018,0.0050643703711055294
2021-10-28,4596.419921875,0.5,1.57,3.08,0.009781288424184026,0.0,3.0000000000000027,-2.9999999999999805,-0.009781288424184026
2021-10-29,4605.3798828125,0.48,1.55,3.08,0.0019474372317175562,-2.0000000000000018,-2.0000000000000018,0.0,-0.0019474372317175562
2021-11-01,4613.669921875,0.5,1.58,3.16,0.0017984589459023885,2.0000000000000018,3.0000000000000027,8.000000000000007,-0.0017984589459023885
2021-11-02,4630.64990234375,0.46,1.56,3.21,0.003673607120388547,-3.9999999999999982,-2.0000000000000018,4.999999999999982,-0.003673607120388547
2021-11-03,4660.56982421875,0.47,1.6,3.18,0.00644049461289024,0.9999999999999953,4.0000000000000036,-2.9999999999999805,-0.00644049461289024
2021-11-04,4680.06005859375,0.41,1.53,3.19,0.004173222342817036,-6.0,-7.000000000000006,0.9999999999999787,-0.004173222342817036
2021-11-05,4697.52978515625,0.39,1.45,3.12,0.003725850045284445,-1.9999999999999962,-8.000000000000007,-6.999999999999984,-0.003725850045284445
2021-11-08,4701.7001953125,0.45,1.51,3.03,0.0008873940607025194,6.0,6.000000000000005,-9.00000000000003,-0.0008873940607025194
2021-11-09,4685.25,0.41,1.46,3.08,-0.0035049109264001276,-4.0000000000000036,-5.000000000000004,5.000000000000027,0.0035049109264001276
2021-11-10,4646.7099609375,0.51,1.56,3.06,-0.008259842163861058,10.000000000000004,10.000000000000009,-2.0000000000000018,0.008259842163861058
2021-11-11,4649.27001953125,0.51,1.56,3.06,0.0005507883329889288,0.0,0.0,0.0,-0.0005507883329889288
2021-11-12,4682.85009765625,0.53,1.58,3.09,0.007196697564130407,2.0000000000000018,2.0000000000000018,2.9999999999999805,-0.007196697564130407
2021-11-15,4682.7998046875,0.53,1.63,3.1,-1.0739878017001878e-05,0.0,4.999999999999982,1.000000000000023,1.0739878017001878e-05
2021-11-16,4700.89990234375,0.54,1.63,3.12,0.0038577790571266367,1.0000000000000009,0.0,2.0000000000000018,-0.0038577790571266367
2021-11-17,4688.669921875,0.52,1.6,3.17,-0.0026050154828958787,-2.0000000000000018,-2.9999999999999805,4.999999999999982,0.0026050154828958787
2021-11-18,4704.5400390625,0.52,1.59,3.19,0.0033790647401719144,0.0,-1.0000000000000009,2.0000000000000018,-0.0033790647401719144
2021-11-19,4697.9599609375,0.52,1.54,3.24,-0.001399644604988097,0.0,-5.000000000000004,5.000000000000027,0.001399644604988097
2021-11-22,4682.93994140625,0.63,1.63,3.18,-0.003202258316960725,10.999999999999998,8.999999999999986,-6.000000000000005,0.003202258316960725
2021-11-23,4690.7001953125,0.6,1.67,3.3,0.001655761383195201,-3.0000000000000027,4.0000000000000036,11.999999999999966,-0.001655761383195201
2021-11-24,4701.4599609375,0.64,1.64,3.32,0.0022912237766672798,4.0000000000000036,-3.0000000000000027,2.0000000000000018,-0.0022912237766672798
2021-11-26,4594.6201171875,0.5,1.48,3.62,-0.022987011159321162,-14.000000000000002,-15.999999999999993,30.00000000000003,0.022987011159321162
2021-11-29,4655.27001953125,0.51,1.52,3.53,0.013113836082824229,1.0000000000000009,4.0000000000000036,-9.00000000000003,-0.013113836082824229
2021-11-30,4567.0,0.52,1.43,3.67,-0.019143381187850562,1.0000000000000009,-9.000000000000007,14.000000000000012,0.019143381187850562
2021-12-01,4513.0400390625,0.56,1.43,3.58,-0.011885541457955926,4.0000000000000036,0.0,-8.999999999999986,0.011885541457955926
2021-12-02,4577.10009765625,0.63,1.44,3.54,0.014094638396057768,6.999999999999995,1.0000000000000009,-4.0000000000000036,-0.014094638396057768
2021-12-03,4538.43017578125,0.6,1.35,3.56,-0.00848445514173865,-3.0000000000000027,-8.999999999999986,2.0000000000000018,0.00848445514173865
2021-12-06,4591.669921875,0.65,1.43,3.41,0.011662599309686139,5.000000000000004,7.999999999999985,-14.999999999999991,-0.011662599309686139
2021-12-07,4686.75,0.7,1.48,3.16,0.020495603186252546,4.999999999999993,5.000000000000004,-25.0,-0.020495603186252546
2021-12-08,4701.2099609375,0.68,1.52,3.21,0.003080535586585806,-1.9999999999999907,4.0000000000000036,4.999999999999982,-0.003080535586585806
2021-12-09,4667.4501953125,0.7,1.49,3.25,-0.007206988232523656,1.9999999999999907,-3.0000000000000027,4.0000000000000036,0.007206988232523656
2021-12-10,4712.02001953125,0.67,1.48,3.29,0.009503769118209724,-2.9999999999999916,-1.0000000000000009,4.0000000000000036,-0.009503769118209724
2021-12-13,4668.97021484375,0.66,1.42,3.33,-0.009178158342793815,-1.0000000000000009,-6.000000000000005,4.0000000000000036,0.009178158342793815
2021-12-14,4634.08984375,0.67,1.44,3.35,-0.0074987228546236715,1.0000000000000009,2.0000000000000018,2.0000000000000018,0.0074987228546236715
2021-12-15,4709.85009765625,0.69,1.47,3.33,0.016216267351890877,1.9999999999999907,3.0000000000000027,-2.0000000000000018,-0.016216267351890877
2021-12-16,4668.669921875,0.64,1.44,3.32,-0.008781863311112446,-4.999999999999993,-3.0000000000000027,-1.000000000000023,0.008781863311112446
2021-12-17,4620.64013671875,0.66,1.41,3.36,-0.01034096458405368,2.0000000000000018,-3.0000000000000027,4.0000000000000036,0.01034096458405368
2021-12-20,4568.02001953125,0.65,1.43,3.41,-0.01145339832325659,-1.0000000000000009,2.0000000000000018,5.000000000000027,0.01145339832325659
2021-12-21,4649.22998046875,0.7,1.48,3.25,0.017621755385195486,4.999999999999993,5.000000000000004,-16.000000000000014,-0.017621755385195486
2021-12-22,4696.56005859375,0.68,1.46,3.21,0.010128728029127596,-1.9999999999999907,-2.0000000000000018,-4.0000000000000036,-0.010128728029127596
2021-12-23,4725.7900390625,0.71,1.5,3.12,0.006204412685251626,2.9999999999999916,4.0000000000000036,-8.999999999999986,-0.006204412685251626
2021-12-27,4791.18994140625,0.76,1.48,3.02,0.013744051573605864,5.000000000000004,-2.0000000000000018,-10.000000000000009,-0.013744051573605864
2021-12-28,4786.35009765625,0.74,1.49,3.01,-0.0010106653988873737,-2.0000000000000018,1.0000000000000009,-1.000000000000023,0.0010106653988873737
2021-12-29,4793.06005859375,0.75,1.55,3.03,0.0014009134018576786,1.0000000000000009,6.000000000000005,2.0000000000000018,-0.0014009134018576786
2021-12-30,4778.72998046875,0.73,1.52,3.09,-0.002994233841904309,-2.0000000000000018,-3.0000000000000027,6.000000000000005,0.002994233841904309
2021-12-31,4766.18017578125,0.73,1.52,3.1,-0.0026296343734744394,0.0,0.0,1.000000000000023,0.0026296343734744394
2022-01-03,4796.56005859375,0.78,1.63,3.05,0.006353824170388397,5.000000000000004,10.999999999999988,-5.000000000000027,-0.006353824170388397
2022-01-04,4793.5400390625,0.77,1.66,3.09,-0.0006298202522032699,-1.0000000000000009,3.0000000000000027,4.0000000000000036,0.0006298202522032699
2022-01-05,4700.580078125,0.83,1.71,3.07,-0.019583264304501073,5.999999999999995,5.000000000000004,-2.0000000000000018,0.019583264304501073
2022-01-06,4696.0498046875,0.88,1.73,3.15,-0.0009642337401809882,5.000000000000004,2.0000000000000018,8.000000000000007,0.0009642337401809882
2022-01-07,4677.02978515625,0.87,1.76,3.2,-0.004058441082336512,-1.0000000000000009,3.0000000000000027,5.000000000000027,0.004058441082336512
2022-01-10,4670.2900390625,0.92,1.78,3.24,-0.0014420705375388979,5.000000000000004,2.0000000000000018,4.0000000000000036,0.0014420705375388979
2022-01-11,4713.06982421875,0.9,1.75,3.18,0.009118286452399373,-2.0000000000000018,-3.0000000000000027,-6.000000000000005,-0.009118286452399373
2022-01-12,4726.35009765625,0.92,1.74,3.06,0.0028137920146670695,2.0000000000000018,-1.0000000000000009,-12.00000000000001,-0.0028137920146670695
2022-01-13,4659.02978515625,0.91,1.7,3.1,-0.014346029234400533,-1.0000000000000009,-4.0000000000000036,4.0000000000000036,0.014346029234400533
2022-01-14,4662.85009765625,0.99,1.78,3.09,0.0008196442695905652,7.9999999999999964,8.000000000000007,-1.000000000000023,-0.0008196442695905652
2022-01-18,4577.10986328125,1.06,1.87,3.12,-0.0185591053980085,7.000000000000006,9.000000000000007,3.000000000000025,0.0185591053980085
2022-01-19,4532.759765625,1.04,1.83,3.11,-0.009736790941460195,-2.0000000000000018,-4.0000000000000036,-1.000000000000023,0.009736790941460195
2022-01-20,4482.72998046875,1.08,1.83,3.1,-0.011098742304330734,4.0000000000000036,0.0,-0.9999999999999787,0.011098742304330734
2022-01-21,4397.93994140625,1.01,1.75,3.29,-0.019095995324635427,-7.000000000000006,-8.000000000000007,18.999999999999993,0.019095995324635427
2022-01-24,4410.1298828125,0.99,1.75,3.44,0.0027679047582695165,-2.0000000000000018,0.0,14.999999999999991,-0.0027679047582695165
2022-01-25,4356.4501953125,1.02,1.78,3.39,-0.012246590556866267,3.0000000000000027,3.0000000000000027,-4.999999999999982,0.012246590556866267
2022-01-26,4349.93017578125,1.13,1.85,3.25,-0.0014977569258856588,10.999999999999988,7.000000000000006,-14.000000000000012,0.0014977569258856588
2022-01-27,4326.509765625,1.18,1.81,3.46,-0.005398635199970923,5.000000000000004,-4.0000000000000036,20.999999999999996,0.005398635199970923
2022-01-28,4431.85009765625,1.15,1.78,3.61,0.024055967914736694,-3.0000000000000027,-3.0000000000000027,14.999999999999991,-0.024055967914736694
2022-01-31,4515.5498046875,1.18,1.79,3.63,0.018709826222984446,3.0000000000000027,1.0000000000000009,2.0000000000000018,-0.018709826222984446
2022-02-01,4546.5400390625,1.18,1.81,3.51,0.006839560348317067,0.0,2.0000000000000018,-12.00000000000001,-0.006839560348317067
2022-02-02,4589.3798828125,1.16,1.78,3.45,0.009378400448324454,-2.0000000000000018,-3.0000000000000027,-5.999999999999961,-0.009378400448324454
2022-02-03,4477.43994140625,1.19,1.82,3.51,-0.024693471720120656,3.0000000000000027,4.0000000000000036,5.999999999999961,0.024693471720120656
2022-02-04,4500.52978515625,1.31,1.93,3.56,0.005143678439863626,12.00000000000001,10.999999999999988,5.000000000000027,-0.005143678439863626
2022-02-07,4483.8701171875,1.3,1.92,3.6,-0.003708580927828488,-1.0000000000000009,-1.0000000000000009,4.0000000000000036,0.003708580927828488
2022-02-08,4521.5400390625,1.35,1.96,3.55,0.00836611346663433,5.000000000000004,4.0000000000000036,-5.000000000000027,-0.00836611346663433
2022-02-09,4587.18017578125,1.36,1.94,3.46,0.014412842079264784,1.0000000000000009,-2.0000000000000018,-8.999999999999986,-0.014412842079264784
2022-02-10,4504.080078125,1.61,2.03,3.44,-0.01828182448505601,25.0,8.999999999999986,-2.0000000000000018,0.01828182448505601
2022-02-11,4418.64013671875,1.5,1.92,3.66,-0.019151682638086528,-11.00000000000001,-10.999999999999988,22.00000000000002,0.019151682638086528
2022-02-14,4401.669921875,1.58,1.98,3.74,-0.0038479907556283146,8.000000000000007,6.000000000000005,8.000000000000007,0.0038479907556283146
2022-02-15,4471.06982421875,1.58,2.05,3.67,0.015643717646064172,0.0,6.999999999999984,-7.000000000000028,-0.015643717646064172
2022-02-16,4475.009765625,1.52,2.03,3.68,0.0008808197202838003,-6.000000000000005,-2.0000000000000018,1.000000000000023,-0.0008808197202838003
2022-02-17,4380.259765625,1.49,1.97,3.74,-0.021400504136936647,-3.0000000000000027,-5.999999999999983,6.000000000000005,0.021400504136936647
2022-02-18,4348.8701171875,1.47,1.92,3.78,-0.007191961663866342,-2.0000000000000018,-5.000000000000004,3.999999999999959,0.007191961663866342
2022-02-22,4304.759765625,1.56,1.94,3.75,-0.010194735435016016,9.000000000000007,2.0000000000000018,-2.9999999999999805,0.010194735435016016
2022-02-23,4225.5,1.58,1.99,3.72,-0.018583735748788438,2.0000000000000018,5.000000000000004,-2.9999999999999805,0.018583735748788438
2022-02-24,4288.7001953125,1.54,1.96,3.93,0.014846105252724002,-4.0000000000000036,-3.0000000000000027,20.999999999999996,-0.014846105252724002
2022-02-25,4384.64990234375,1.55,1.97,3.62,0.022126080551265786,1.0000000000000009,1.0000000000000009,-31.000000000000007,-0.022126080551265786
2022-02-28,4373.93994140625,1.44,1.83,3.77,-0.0024455914631261143,-11.00000000000001,-13.99999999999999,14.999999999999991,0.0024455914631261143
2022-03-01,4306.259765625,1.31,1.72,3.89,-0.015594467786613053,-12.99999999999999,-11.00000000000001,12.00000000000001,0.015594467786613053
2022-03-02,4386.5400390625,1.5,1.86,3.71,0.018471046780652183,18.999999999999993,14.000000000000012,-18.000000000000014,-0.018471046780652183
2022-03-03,4363.490234375,1.53,1.86,3.71,-0.005268520744245652,3.0000000000000027,0.0,0.0,0.005268520744245652
2022-03-04,4328.8701171875,1.5,1.74,3.9,-0.007965684543001903,-3.0000000000000027,-12.00000000000001,18.999999999999993,0.007965684543001903
2022-03-07,4201.08984375,1.55,1.78,4.01,-0.029962586814416495,5.000000000000004,4.0000000000000036,10.999999999999988,0.029962586814416495
2022-03-08,4170.7001953125,1.63,1.86,4.03,-0.007260043975698096,7.999999999999985,8.000000000000007,2.000000000000046,0.007260043975698096
2022-03-09,4277.8798828125,1.68,1.94,3.94,0.025373598122141117,5.000000000000004,7.999999999999985,-9.00000000000003,-0.025373598122141117
2022-03-10,4259.52001953125,1.72,1.98,4.0,-0.004301049920247209,4.0000000000000036,4.0000000000000036,6.000000000000005,0.004301049920247209
2022-03-11,4204.31005859375,1.75,2.0,4.05,-0.013046278933238144,3.0000000000000027,2.0000000000000018,4.999999999999982,0.013046278933238144
2022-03-14,4173.10986328125,1.87,2.14,4.16,-0.007448675095533314,12.00000000000001,14.000000000000012,11.000000000000032,0.007448675095533314
2022-03-15,4262.4501953125,1.85,2.15,4.21,0.021182629724144964,-2.0000000000000018,0.9999999999999787,4.999999999999982,-0.021182629724144964
2022-03-16,4357.85986328125,1.95,2.19,3.96,0.022136921648393443,9.999999999999986,4.0000000000000036,-25.0,-0.022136921648393443
2022-03-17,4411.669921875,1.94,2.2,3.81,0.012272205068700267,-1.0000000000000009,1.000000000000023,-14.999999999999991,-0.012272205068700267
2022-03-18,4463.1201171875,1.97,2.14,3.81,0.011594814411888112,3.0000000000000027,-6.000000000000005,0.0,-0.011594814411888112
2022-03-21,4461.18017578125,2.14,2.32,3.67,-0.0004347548543014596,17.000000000000014,17.99999999999997,-14.000000000000012,0.0004347548543014596
2022-03-22,4511.60986328125,2.18,2.38,3.7,0.011240699554074212,4.0000000000000036,6.000000000000005,3.000000000000025,-0.011240699554074212
2022-03-23,4456.240234375,2.13,2.32,3.72,-0.012348630252495208,-5.000000000000027,-6.000000000000005,2.0000000000000018,0.012348630252495208
2022-03-24,4520.16015625,2.13,2.34,3.67,0.014242012281618024,0.0,2.0000000000000018,-5.000000000000027,-0.014242012281618024
2022-03-25,4543.06005859375,2.3,2.48,3.51,0.005053380704237665,16.999999999999993,14.000000000000012,-16.000000000000014,-0.005053380704237665
2022-03-28,4575.52001953125,2.35,2.46,3.54,0.007119551020042568,5.000000000000027,-2.0000000000000018,3.000000000000025,-0.007119551020042568
2022-03-29,4631.60009765625,2.35,2.41,3.38,0.01218204410139109,0.0,-4.999999999999982,-16.000000000000014,-0.01218204410139109
2022-03-30,4602.4501953125,2.31,2.35,3.33,-0.006313588999088777,-4.0000000000000036,-6.000000000000005,-4.999999999999982,0.006313588999088777
2022-03-31,4530.41015625,2.28,2.32,3.43,-0.015776335226881762,-3.000000000000025,-3.000000000000025,10.000000000000009,0.015776335226881762
2022-04-01,4545.85986328125,2.44,2.39,3.4,0.0034044209614630277,16.000000000000014,7.000000000000028,-3.000000000000025,-0.0034044209614630277
2022-04-04,4582.64013671875,2.43,2.42,3.33,0.008058382532133647,-0.9999999999999787,2.9999999999999805,-6.999999999999984,-0.008058382532133647
2022-04-05,4525.1201171875,2.51,2.54,3.27,-0.01263115907400537,7.999999999999963,12.00000000000001,-6.000000000000005,0.01263115907400537
2022-04-06,4481.14990234375,2.5,2.61,3.48,-0.009764433912479721,-0.9999999999999787,6.999999999999984,20.999999999999996,0.009764433912479721
2022-04-07,4500.2099609375,2.47,2.66,3.54,0.004244365552037262,-2.9999999999999805,5.000000000000027,6.000000000000005,-0.004244365552037262
2022-04-08,4488.27978515625,2.53,2.72,3.57,-0.0026545466755523947,5.999999999999961,6.000000000000005,2.9999999999999805,0.0026545466755523947
2022-04-11,4412.52978515625,2.5,2.79,3.73,-0.017021334584696127,-2.9999999999999805,6.999999999999984,16.000000000000014,0.017021334584696127
2022-04-12,4397.4501953125,2.39,2.72,3.75,-0.0034233005304522353,-10.999999999999988,-6.999999999999984,2.0000000000000018,0.0034233005304522353
2022-04-13,4446.58984375,2.37,2.7,3.77,0.011112603268901934,-2.0000000000000018,-2.0000000000000018,2.0000000000000018,-0.011112603268901934
2022-04-14,4392.58984375,2.47,2.83,3.68,-0.012218480383508163,10.000000000000009,12.99999999999999,-8.999999999999986,0.012218480383508163
2022-04-18,4391.68994140625,2.46,2.85,3.64,-0.0002048892724065068,-1.000000000000023,2.0000000000000018,-4.0000000000000036,0.0002048892724065068
2022-04-19,4462.2099609375,2.61,2.93,3.58,0.01593004474938665,14.999999999999991,8.000000000000007,-6.000000000000005,-0.01593004474938665
2022-04-20,4459.4501953125,2.6,2.85,3.56,-0.0006186664061825758,-0.9999999999999787,-8.000000000000007,-2.0000000000000018,0.0006186664061825758
2022-04-21,4393.66015625,2.68,2.9,3.5,-0.014862855551311067,8.000000000000007,4.999999999999982,-6.000000000000005,0.014862855551311067
2022-04-22,4271.77978515625,2.72,2.9,3.65,-0.028132076377366966,4.0000000000000036,0.0,14.999999999999991,0.028132076377366966
2022-04-25,4296.1201171875,2.63,2.81,3.8,0.0056817651441118085,-9.00000000000003,-8.999999999999986,14.999999999999991,-0.0056817651441118085
2022-04-26,4175.2001953125,2.54,2.77,3.83,-0.028550008928597752,-8.999999999999986,-4.0000000000000036,3.000000000000025,0.028550008928597752
2022-04-27,4183.9599609375,2.58,2.82,3.89,0.0020958490249645954,4.0000000000000036,4.999999999999982,6.000000000000005,-0.0020958490249645954
2022-04-28,4287.5,2.63,2.85,3.83,0.024445655340832175,4.999999999999982,3.000000000000025,-6.000000000000005,-0.024445655340832175
2022-04-29,4131.93017578125,2.7,2.89,3.93,-0.03695915978469415,7.000000000000028,4.0000000000000036,10.000000000000009,0.03695915978469415
2022-05-02,4155.3798828125,2.73,2.99,4.05,0.005659199293818601,2.9999999999999805,10.000000000000009,11.999999999999966,-0.005659199293818601
2022-05-03,4175.47998046875,2.78,2.97,3.97,0.004825465075359521,4.999999999999982,-2.0000000000000018,-7.999999999999963,-0.004825465075359521
2022-05-04,4300.169921875,2.66,2.93,4.1,0.029425221557325833,-11.999999999999966,-4.0000000000000036,12.999999999999945,-0.029425221557325833
2022-05-05,4146.8701171875,2.71,3.05,4.03,-0.03630067756409906,4.999999999999982,11.999999999999966,-6.99999999999994,0.03630067756409906
2022-05-06,4123.33984375,2.72,3.12,4.18,-0.00569038441395277,1.000000000000023,7.000000000000028,14.999999999999947,0.00569038441395277
2022-05-09,3991.239990234375,2.61,3.05,4.47,-0.03256151953960419,-11.000000000000032,-7.000000000000028,29.000000000000004,0.03256151953960419
2022-05-10,4001.050048828125,2.62,2.99,4.52,0.002454881760409255,1.000000000000023,-5.999999999999961,4.999999999999982,-0.002454881760409255
2022-05-11,3935.179931640625,2.66,2.91,4.55,-0.016600232095697796,4.0000000000000036,-8.000000000000007,3.000000000000025,0.016600232095697796
2022-05-12,3930.080078125,2.56,2.84,4.77,-0.0012968049941124407,-10.000000000000009,-7.000000000000028,21.999999999999975,0.0012968049941124407
2022-05-13,4023.889892578125,2.61,2.93,4.63,0.023589267956869442,4.999999999999982,9.00000000000003,-13.999999999999968,-0.023589267956869442
2022-05-16,4008.010009765625,2.58,2.88,4.71,-0.003954208517722458,-2.9999999999999805,-5.000000000000027,8.000000000000007,0.003954208517722458
2022-05-17,4088.85009765625,2.71,2.98,4.6,0.01996891958146264,12.99999999999999,10.000000000000009,-11.000000000000032,-0.01996891958146264
2022-05-18,3923.679931640625,2.68,2.89,4.84,-0.041233809291248875,-2.9999999999999805,-8.999999999999986,24.00000000000002,0.041233809291248875
2022-05-19,3900.7900390625,2.63,2.84,4.92,-0.005850864777347809,-5.000000000000027,-5.000000000000027,8.000000000000007,0.005850864777347809
2022-05-20,3901.360107421875,2.6,2.78,4.91,0.0001461310919903067,-2.9999999999999805,-6.000000000000005,-0.9999999999999787,-0.0001461310919903067
2022-05-23,3973.75,2.65,2.86,4.82,0.018384995412060758,4.999999999999982,8.000000000000007,-8.999999999999986,-0.018384995412060758
2022-05-24,3941.47998046875,2.5,2.76,4.94,-0.008153950903558081,-14.999999999999991,-10.000000000000009,12.00000000000001,0.008153950903558081
2022-05-25,3978.72998046875,2.48,2.75,4.74,0.009406385648931585,-2.0000000000000018,-0.9999999999999787,-20.000000000000018,-0.009406385648931585
2022-05-26,4057.840087890625,2.46,2.75,4.38,0.019688166007720866,-2.0000000000000018,0.0,-36.00000000000003,-0.019688166007720866
2022-05-27,4158.240234375,2.47,2.74,4.19,0.024441130195822013,1.000000000000023,-0.9999999999999787,-18.99999999999995,-0.024441130195822013
2022-05-31,4132.14990234375,2.53,2.85,4.22,-0.006294135193666945,5.999999999999961,10.999999999999988,2.999999999999936,0.006294135193666945
2022-06-01,4101.22998046875,2.66,2.94,4.13,-0.007510905041155451,13.000000000000034,8.999999999999986,-8.999999999999986,0.007510905041155451
2022-06-02,4176.81982421875,2.65,2.92,4.15,0.018263225415545106,-1.000000000000023,-2.0000000000000018,2.000000000000046,-0.018263225415545106
2022-06-03,4108.5400390625,2.66,2.96,4.21,-0.016482405609817057,1.000000000000023,4.0000000000000036,5.999999999999961,0.016482405609817057
2022-06-06,4121.43017578125,2.73,3.04,4.19,0.003132489407036025,6.999999999999984,8.000000000000007,-1.9999999999999574,-0.003132489407036025
2022-06-07,4160.68017578125,2.75,2.98,4.34,0.00947833153171984,2.0000000000000018,-6.000000000000005,14.999999999999947,-0.00947833153171984
2022-06-08,4115.77001953125,2.78,3.03,4.34,-0.010852623040155319,2.9999999999999805,4.999999999999982,0.0,0.010852623040155319
2022-06-09,4017.820068359375,2.83,3.04,4.42,-0.02408645766515553,5.000000000000027,1.000000000000023,8.000000000000007,0.02408645766515553
2022-06-10,3900.860107421875,3.06,3.15,4.51,-0.029542414811409477,23.0,10.999999999999988,8.999999999999986,0.029542414811409477
2022-06-13,3749.6298828125,3.4,3.43,4.87,-0.03953993199003993,33.999999999999986,28.000000000000025,36.00000000000003,0.03953993199003993
2022-06-14,3735.47998046875,3.45,3.49,4.9,-0.003780818039489633,5.000000000000027,6.000000000000005,3.000000000000025,0.003780818039489633
2022-06-15,3789.989990234375,3.2,3.33,4.82,0.014487058836534478,-25.0,-16.000000000000014,-8.000000000000007,-0.014487058836534478
2022-06-16,3666.77001953125,3.14,3.28,5.17,-0.033052207113840666,-6.000000000000005,-5.000000000000027,34.999999999999964,0.033052207113840666
2022-06-17,3674.840087890625,3.17,3.25,5.15,0.0021984473410133873,2.9999999999999805,-2.9999999999999805,-1.9999999999999574,-0.0021984473410133873
2022-06-21,3764.7900390625,3.21,3.31,5.05,0.024182474960671992,4.0000000000000036,6.000000000000005,-10.000000000000053,-0.024182474960671992
2022-06-22,3759.889892578125,3.06,3.16,5.32,-0.0013024200953574458,-14.999999999999991,-14.999999999999991,27.000000000000046,0.0013024200953574458
2022-06-23,3795.72998046875,3.01,3.09,5.38,0.00948707248555652,-5.000000000000027,-7.000000000000028,5.999999999999961,-0.00948707248555652
2022-06-24,3911.739990234375,3.04,3.13,5.18,0.030105539729901033,3.000000000000025,4.0000000000000036,-20.000000000000018,-0.030105539729901033
2022-06-27,3900.110107421875,3.08,3.2,5.11,-0.0029774998903406716,4.0000000000000036,7.000000000000028,-6.99999999999994,0.0029774998903406716
2022-06-28,3821.550048828125,3.1,3.2,5.26,-0.0203486731494949,2.0000000000000018,0.0,14.999999999999947,0.0203486731494949
2022-06-29,3818.830078125,3.06,3.1,5.62,-0.0007119988201726959,-4.0000000000000036,-10.000000000000009,36.00000000000003,0.0007119988201726959
2022-06-30,3785.3798828125,2.92,2.98,5.87,-0.008797866246367652,-14.000000000000012,-12.00000000000001,25.0,0.008797866246367652
2022-07-01,3825.330078125,2.84,2.88,5.92,0.010498511296639174,-8.000000000000007,-10.000000000000009,4.999999999999982,-0.010498511296639174
2022-07-05,3831.389892578125,2.82,2.82,5.99,0.0015828751061934918,-2.0000000000000018,-6.000000000000005,7.000000000000028,-0.0015828751061934918
2022-07-06,3845.080078125,2.97,2.93,5.8,0.003566795705066178,15.000000000000036,11.000000000000032,-19.00000000000004,-0.003566795705066178
2022-07-07,3902.6201171875,3.03,3.01,5.5,0.014853723180930391,5.999999999999961,7.999999999999963,-29.999999999999982,-0.014853723180930391
2022-07-08,3899.3798828125,3.12,3.09,5.36,-0.00083061639612735,9.00000000000003,8.000000000000007,-13.999999999999968,0.00083061639612735
2022-07-11,3854.429931640625,3.07,2.99,5.44,-0.011594417660525545,-5.000000000000027,-9.999999999999964,8.000000000000007,0.011594417660525545
2022-07-12,3818.800048828125,3.03,2.96,5.43,-0.00928686849749371,-4.0000000000000036,-3.000000000000025,-1.0000000000000675,0.00928686849749371
2022-07-13,3801.780029296875,3.13,2.91,5.47,-0.00446686411181668,10.000000000000009,-4.999999999999982,4.0000000000000036,0.00446686411181668
2022-07-14,3790.3798828125,3.15,2.96,5.53,-0.003003138812764307,2.0000000000000018,4.999999999999982,6.00000000000005,0.003003138812764307
2022-07-15,3863.159912109375,3.13,2.93,5.39,0.01901923165863364,-2.0000000000000018,-2.9999999999999805,-14.000000000000057,-0.01901923165863364
2022-07-18,3830.85009765625,3.15,2.96,5.25,-0.008398742485835936,2.0000000000000018,2.9999999999999805,-13.999999999999968,0.008398742485835936
2022-07-19,3936.68994140625,3.23,3.01,5.1,0.02725351764373082,8.000000000000007,4.999999999999982,-15.000000000000036,-0.02725351764373082
2022-07-20,3959.89990234375,3.25,3.04,4.9,0.0058784939410571665,2.0000000000000018,3.000000000000025,-19.99999999999993,-0.0058784939410571665
2022-07-21,3998.949951171875,3.1,2.91,4.99,0.00981306668950467,-14.999999999999991,-12.99999999999999,8.999999999999986,-0.00981306668950467
2022-07-22,3961.6298828125,2.98,2.77,4.96,-0.009376287293813849,-12.00000000000001,-14.000000000000012,-3.000000000000025,0.009376287293813849
2022-07-25,3966.840087890625,3.0,2.81,4.95,0.001314302973305868,2.0000000000000018,4.0000000000000036,-0.9999999999999787,-0.001314302973305868
2022-07-26,3921.050048828125,3.02,2.81,5.06,-0.011610342599263359,2.0000000000000018,0.0,10.999999999999943,0.011610342599263359
2022-07-27,4023.610107421875,2.96,2.78,5.07,0.025820048778629066,-6.000000000000005,-3.000000000000025,1.0000000000000675,-0.025820048778629066
2022-07-28,4072.429931640625,2.85,2.68,4.98,0.012060319791912806,-10.999999999999988,-9.999999999999964,-8.999999999999986,-0.012060319791912806
2022-07-29,4130.2900390625,2.89,2.67,4.77,0.014107775781753557,4.0000000000000036,-1.000000000000023,-21.000000000000085,-0.014107775781753557
2022-08-01,4118.6298828125,2.9,2.6,4.8,-0.002827076544916728,0.9999999999999787,-6.999999999999984,3.000000000000025,0.002827076544916728
2022-08-02,4091.18994140625,3.06,2.75,4.61,-0.00668468837887098,16.000000000000014,14.999999999999991,-18.99999999999995,0.00668468837887098
2022-08-03,4155.169921875,3.1,2.73,4.54,0.015517456270090707,4.0000000000000036,-2.0000000000000018,-7.000000000000028,-0.015517456270090707
2022-08-04,4151.93994140625,3.03,2.68,4.55,-0.0007776424495837734,-7.000000000000028,-4.999999999999982,0.9999999999999787,0.0007776424495837734
2022-08-05,4145.18994140625,3.24,2.83,4.44,-0.0016270690189191196,21.000000000000043,14.999999999999991,-10.999999999999943,0.0016270690189191196
2022-08-08,4140.06005859375,3.21,2.77,4.41,-0.0012383171221209141,-3.000000000000025,-6.000000000000005,-3.000000000000025,0.0012383171221209141
2022-08-09,4122.47021484375,3.28,2.8,4.46,-0.004257744235926498,6.999999999999984,2.9999999999999805,4.999999999999982,0.004257744235926498
2022-08-10,4210.240234375,3.23,2.78,4.33,0.021067158460407496,-4.999999999999982,-2.0000000000000018,-12.99999999999999,-0.021067158460407496
2022-08-11,4207.27001953125,3.23,2.87,4.21,-0.0007057229222018175,0.0,9.00000000000003,-12.00000000000001,0.0007057229222018175
2022-08-12,4280.14990234375,3.25,2.84,4.25,0.017174046951492668,2.0000000000000018,-3.000000000000025,4.0000000000000036,-0.017174046951492668
2022-08-15,4297.14013671875,3.2,2.79,4.24,0.003961684056233163,-4.999999999999982,-4.999999999999982,-0.9999999999999787,-0.003961684056233163
2022-08-16,4305.2001953125,3.25,2.82,4.25,0.0018739228259478625,4.999999999999982,2.9999999999999805,0.9999999999999787,-0.0018739228259478625
2022-08-17,4274.0400390625,3.28,2.89,4.33,-0.007264114867648021,2.9999999999999805,7.000000000000028,8.000000000000007,0.007264114867648021
2022-08-18,4283.740234375,3.22,2.88,4.37,0.0022669896063847975,-5.999999999999961,-1.000000000000023,4.0000000000000036,-0.0022669896063847975
2022-08-19,4228.47998046875,3.25,2.98,4.45,-0.012983928713038868,2.9999999999999805,10.000000000000009,8.000000000000007,0.012983928713038868
2022-08-22,4137.990234375,3.32,3.03,4.62,-0.021632366466494565,6.999999999999984,4.999999999999982,16.999999999999993,0.021632366466494565
2022-08-23,4128.72998046875,3.29,3.05,4.68,-0.002240370434437464,-2.9999999999999805,2.0000000000000018,5.999999999999961,0.002240370434437464
2022-08-24,4140.77001953125,3.36,3.11,4.61,0.002911916698724165,6.999999999999984,6.000000000000005,-6.99999999999994,-0.002911916698724165
2022-08-25,4199.1201171875,3.35,3.03,4.6,0.013993241836107048,-0.9999999999999787,-8.000000000000007,-1.0000000000000675,-0.013993241836107048
2022-08-26,4057.659912109375,3.37,3.04,4.65,-0.03426857631703952,2.0000000000000018,1.000000000000023,5.000000000000071,0.03426857631703952
2022-08-29,4030.610107421875,3.42,3.12,4.78,-0.0066886751973248065,4.999999999999982,8.000000000000007,12.99999999999999,0.0066886751973248065
2022-08-30,3986.159912109375,3.46,3.11,4.9,-0.011089416492117008,4.0000000000000036,-1.000000000000023,12.00000000000001,0.011089416492117008
2022-08-31,3955.0,3.45,3.15,5.03,-0.007847738208153028,-0.9999999999999787,4.0000000000000036,12.99999999999999,0.007847738208153028
2022-09-01,3966.85009765625,3.51,3.26,5.08,0.0029917522671948716,5.999999999999961,10.999999999999988,4.999999999999982,-0.0029917522671948716
2022-09-02,3924.260009765625,3.4,3.2,5.06,-0.010794552570724387,-10.999999999999988,-5.999999999999961,-2.000000000000046,0.010794552570724387
2022-09-06,3908.18994140625,3.5,3.33,4.98,-0.004103464690895143,10.000000000000009,12.99999999999999,-7.999999999999918,0.004103464690895143
2022-09-07,3979.8701171875,3.45,3.27,4.97,0.018174848666169877,-4.999999999999982,-6.000000000000005,-1.0000000000000675,-0.018174848666169877
2022-09-08,4006.179931640625,3.48,3.29,4.8,0.006588966880442448,2.9999999999999805,2.0000000000000018,-16.999999999999993,-0.006588966880442448
2022-09-09,4067.360107421875,3.56,3.33,4.57,0.01515601498121106,8.000000000000007,4.0000000000000036,-22.999999999999954,-0.01515601498121106
2022-09-12,4110.41015625,3.58,3.37,4.5,0.010528651483995635,2.0000000000000018,4.0000000000000036,-7.000000000000028,-0.010528651483995635
2022-09-13,3932.68994140625,3.75,3.42,4.68,-0.04419916303197406,16.999999999999993,4.999999999999982,17.99999999999997,0.04419916303197406
2022-09-14,3946.010009765625,3.78,3.41,4.74,0.003381289078844715,2.9999999999999805,-0.9999999999999787,6.00000000000005,-0.003381289078844715
2022-09-15,3901.35009765625,3.87,3.45,4.77,-0.011382272168149512,9.00000000000003,4.0000000000000036,2.999999999999936,0.011382272168149512
2022-09-16,3873.330078125,3.85,3.45,5.0,-0.007208049775663175,-2.0000000000000018,0.0,23.000000000000043,0.007208049775663175
2022-09-19,3899.889892578125,3.95,3.49,4.88,0.006833697724705768,10.000000000000009,4.0000000000000036,-12.00000000000001,-0.006833697724705768
2022-09-20,3855.929931640625,3.96,3.57,4.88,-0.011336114736600402,0.9999999999999787,7.999999999999963,0.0,0.011336114736600402
2022-09-21,3789.929931640625,4.02,3.51,4.87,-0.01726467409850635,5.999999999999961,-6.000000000000005,-0.9999999999999787,0.01726467409850635
2022-09-22,3757.989990234375,4.11,3.7,4.91,-0.008463293830453985,9.000000000000075,19.00000000000004,4.0000000000000036,0.008463293830453985
2022-09-23,3693.22998046875,4.2,3.69,5.12,-0.017382828767330778,8.999999999999986,-1.000000000000023,20.999999999999996,0.017382828767330778
2022-09-26,3655.0400390625,4.27,3.88,5.18,-0.010394360890280502,6.99999999999994,18.999999999999993,5.999999999999961,0.010394360890280502
2022-09-27,3647.2900390625,4.3,3.97,5.22,-0.0021226109548247284,3.000000000000025,9.00000000000003,4.0000000000000036,0.0021226109548247284
2022-09-28,3719.0400390625,4.07,3.72,5.47,0.019481144181152356,-22.999999999999954,-25.0,25.0,-0.019481144181152356
2022-09-29,3640.469970703125,4.16,3.76,5.5,-0.0213527948230975,8.999999999999986,3.999999999999959,3.000000000000025,0.0213527948230975
2022-09-30,3585.6201171875,4.22,3.83,5.43,-0.0151813515462093,5.999999999999961,7.000000000000028,-7.000000000000028,0.0151813515462093
2022-10-03,3678.429931640625,4.12,3.67,5.43,0.02555457753093017,-9.999999999999964,-16.000000000000014,0.0,-0.02555457753093017
2022-10-04,3790.929931640625,4.1,3.62,5.12,0.030125341416799834,-2.000000000000046,-4.999999999999982,-30.99999999999996,-0.030125341416799834
2022-10-05,3783.280029296875,4.15,3.76,5.09,-0.0020199875589381176,5.000000000000071,13.999999999999968,-3.000000000000025,0.0020199875589381176
2022-10-06,3744.52001953125,4.23,3.83,4.95,-0.010297922911395202,8.000000000000007,7.000000000000028,-13.999999999999968,0.010297922911395202
2022-10-07,3639.659912109375,4.3,3.89,5.02,-0.028403196531478058,6.99999999999994,6.000000000000005,6.99999999999994,0.028403196531478058
2022-10-10,3612.389892578125,4.3,3.89,5.03,-0.007520673133652772,0.0,0.0,1.0000000000000675,0.007520673133652772
2022-10-11,3588.840087890625,4.3,3.93,5.25,-0.006540518412323781,0.0,4.0000000000000036,21.999999999999975,0.006540518412323781
2022-10-12,3577.030029296875,4.28,3.91,5.31,-0.0032961996501662937,-1.9999999999999574,-2.0000000000000018,5.999999999999961,0.0032961996501662937
2022-10-13,3669.909912109375,4.47,3.97,5.25,0.025634259307631132,18.99999999999995,6.000000000000005,-5.999999999999961,-0.025634259307631132
2022-10-14,3583.070068359375,4.48,4.0,5.15,-0.023947120744528417,1.0000000000000675,2.9999999999999805,-9.999999999999964,0.023947120744528417
2022-10-17,3677.949951171875,4.45,4.02,5.04,0.026135524557561848,-3.000000000000025,1.9999999999999574,-11.000000000000032,-0.026135524557561848
2022-10-18,3719.97998046875,4.43,4.01,4.95,0.011362768207087462,-2.000000000000046,-0.9999999999999787,-8.999999999999986,-0.011362768207087462
2022-10-19,3695.159912109375,4.55,4.14,4.97,-0.006694455239684375,12.00000000000001,12.99999999999999,1.9999999999999574,0.006694455239684375
2022-10-20,3665.780029296875,4.62,4.24,4.89,-0.007982686738766696,7.000000000000028,10.000000000000053,-8.000000000000007,0.007982686738766696
2022-10-21,3752.75,4.49,4.21,4.99,0.023447759860447268,-12.99999999999999,-3.000000000000025,10.000000000000053,-0.023447759860447268
2022-10-24,3797.340087890625,4.5,4.25,4.91,0.011811940205111494,0.9999999999999787,4.0000000000000036,-8.000000000000007,-0.011811940205111494
2022-10-25,3859.110107421875,4.42,4.1,4.88,0.01613577001587496,-8.000000000000007,-15.000000000000036,-3.000000000000025,-0.01613577001587496
2022-10-26,3830.60009765625,4.39,4.04,4.8,-0.007415140398989885,-3.000000000000025,-5.999999999999961,-8.000000000000007,0.007415140398989885
2022-10-27,3807.300048828125,4.3,3.96,4.76,-0.006101185053184453,-8.999999999999986,-8.000000000000007,-4.0000000000000036,0.006101185053184453
2022-10-28,3901.06005859375,4.41,4.02,4.54,0.024328036770856338,11.000000000000032,5.999999999999961,-21.999999999999975,-0.024328036770856338
2022-10-31,3871.97998046875,4.51,4.1,4.63,-0.007482327030336412,9.999999999999964,8.000000000000007,8.999999999999986,0.007482327030336412
2022-11-01,3856.10009765625,4.54,4.07,4.61,-0.0041096637203590055,3.000000000000025,-2.999999999999936,-1.9999999999999574,0.0041096637203590055
2022-11-02,3759.68994140625,4.61,4.1,4.62,-0.025319843737482882,7.000000000000028,2.999999999999936,0.9999999999999787,0.025319843737482882
2022-11-03,3719.889892578125,4.71,4.14,4.81,-0.010642422531956597,9.999999999999964,4.0000000000000036,18.99999999999995,0.010642422531956597
2022-11-04,3770.550048828125,4.66,4.17,4.77,0.013526823285563951,-4.999999999999982,3.000000000000025,-4.0000000000000036,-0.013526823285563951
2022-11-07,3806.800048828125,4.72,4.22,4.71,0.00956806167935914,5.999999999999961,4.999999999999982,-5.999999999999961,-0.00956806167935914
2022-11-08,3828.110107421875,4.67,4.14,4.79,0.005582282828760321,-4.999999999999982,-8.000000000000007,8.000000000000007,-0.005582282828760321
2022-11-09,3748.570068359375,4.61,4.12,4.99,-0.020996784712303443,-5.999999999999961,-1.9999999999999574,20.000000000000018,0.020996784712303443
2022-11-10,3956.3701171875,4.34,3.82,4.8,0.05395251566479769,-27.000000000000046,-30.00000000000003,-19.00000000000004,-0.05395251566479769
2022-11-11,3992.929931640625,4.34,3.82,4.81,0.009198312304769028,0.0,0.0,0.9999999999999787,-0.009198312304769028
2022-11-14,3957.25,4.4,3.88,4.67,-0.008975940544918012,6.00000000000005,6.000000000000005,-13.999999999999968,0.008975940544918012
2022-11-15,3991.72998046875,4.37,3.8,4.64,0.008675376414669186,-3.000000000000025,-8.000000000000007,-3.000000000000025,-0.008675376414669186
2022-11-16,3958.7900390625,4.35,3.67,4.71,-0.008286283111873759,-2.000000000000046,-12.99999999999999,7.000000000000028,0.008286283111873759
2022-11-17,3946.56005859375,4.43,3.77,4.75,-0.0030941046442292835,8.000000000000007,10.000000000000009,4.0000000000000036,0.0030941046442292835
2022-11-18,3965.340087890625,4.51,3.82,4.65,0.00474729564815821,8.000000000000007,4.999999999999982,-9.999999999999964,-0.00474729564815821
2022-11-21,3949.93994140625,4.48,3.83,4.64,-0.003891249800275618,-2.999999999999936,1.000000000000023,-1.0000000000000675,0.003891249800275618
2022-11-22,4003.580078125,4.47,3.76,4.57,0.01348860626982839,-1.0000000000000675,-7.000000000000028,-6.99999999999994,-0.01348860626982839
2022-11-23,4027.260009765625,4.46,3.71,4.51,0.0058972660417383116,-0.9999999999999787,-4.999999999999982,-6.00000000000005,-0.0058972660417383116
2022-11-25,4026.1201171875,4.42,3.68,4.52,-0.0002830842622024787,-4.0000000000000036,-2.9999999999999805,0.9999999999999787,0.0002830842622024787
2022-11-28,3963.93994140625,4.46,3.69,4.63,-0.015564696794064813,4.0000000000000036,0.9999999999999787,11.000000000000032,0.015564696794064813
2022-11-29,3957.6298828125,4.48,3.75,4.63,-0.0015931337016243704,2.000000000000046,6.000000000000005,0.0,0.0015931337016243704
2022-11-30,4080.110107421875,4.38,3.68,4.55,0.030478643521294944,-10.000000000000053,-6.999999999999984,-8.000000000000007,-0.030478643521294944
2022-12-01,4076.570068359375,4.25,3.53,4.48,-0.0008680098296065889,-12.99999999999999,-15.000000000000036,-6.99999999999994,0.0008680098296065889
2022-12-02,4071.699951171875,4.28,3.51,4.5,-0.001195374663761461,3.000000000000025,-2.0000000000000018,1.9999999999999574,0.001195374663761461
2022-12-05,3998.840087890625,4.41,3.6,4.43,-0.01805624963097222,12.99999999999999,9.00000000000003,-7.000000000000028,0.01805624963097222
2022-12-06,3941.260009765625,4.34,3.51,4.57,-0.014503869422986057,-7.000000000000028,-9.00000000000003,14.000000000000057,0.014503869422986057
2022-12-07,3933.919921875,4.26,3.42,4.68,-0.001864107253381664,-8.000000000000007,-8.999999999999986,10.999999999999943,0.001864107253381664
2022-12-08,3963.510009765625,4.31,3.48,4.55,0.007493634413933237,4.999999999999982,6.000000000000005,-12.99999999999999,-0.007493634413933237
2022-12-09,3934.3798828125,4.33,3.57,4.46,-0.0073767194642132125,2.000000000000046,8.999999999999986,-8.999999999999986,0.0073767194642132125
2022-12-12,3990.56005859375,4.39,3.61,4.4,0.01417830729965003,5.999999999999961,4.0000000000000036,-5.999999999999961,-0.01417830729965003
2022-12-13,4019.64990234375,4.22,3.51,4.34,0.007263223255457212,-16.999999999999993,-10.000000000000009,-6.00000000000005,-0.007263223255457212
2022-12-14,3995.320068359375,4.23,3.49,4.37,-0.006071116623835963,1.0000000000000675,-1.9999999999999574,3.000000000000025,0.006071116623835963
2022-12-15,3895.75,4.23,3.44,4.54,-0.02523747790182607,0.0,-5.000000000000027,16.999999999999993,0.02523747790182607
2022-12-16,3852.360107421875,4.17,3.48,4.67,-0.011200239946011676,-6.00000000000005,4.0000000000000036,12.99999999999999,0.011200239946011676
2022-12-19,3817.659912109375,4.25,3.57,4.67,-0.0090483289411038,8.000000000000007,8.999999999999986,0.0,0.0090483289411038
2022-12-20,3821.6201171875,4.25,3.69,4.68,0.001036800697890769,0.0,12.00000000000001,0.9999999999999787,-0.001036800697890769
2022-12-21,3878.43994140625,4.21,3.68,4.56,0.014758548669054294,-4.0000000000000036,-0.9999999999999787,-12.00000000000001,-0.014758548669054294
2022-12-22,3822.389892578125,4.24,3.67,4.61,-0.014557142498145655,3.000000000000025,-1.000000000000023,5.000000000000071,0.014557142498145655
2022-12-23,3844.820068359375,4.31,3.75,4.59,0.005850952271915072,6.99999999999994,8.000000000000007,-2.000000000000046,-0.005850952271915072
2022-12-27,3829.25,4.32,3.84,4.55,-0.004057844034659477,1.0000000000000675,8.999999999999986,-4.0000000000000036,0.004057844034659477
2022-12-28,3783.219970703125,4.31,3.88,4.77,-0.012093470442948605,-1.0000000000000675,4.0000000000000036,21.999999999999975,0.012093470442948605
2022-12-29,3849.280029296875,4.34,3.83,4.81,0.01731063431499432,3.000000000000025,-4.999999999999982,4.0000000000000036,-0.01731063431499432
2022-12-30,3839.5,4.41,3.88,4.79,-0.002543975646110833,7.000000000000028,4.999999999999982,-1.9999999999999574,0.002543975646110833
2023-01-03,3824.139892578125,4.4,3.79,4.7,-0.004008572481273608,-0.9999999999999787,-8.999999999999986,-8.999999999999986,0.004008572481273608
2023-01-04,3852.969970703125,4.36,3.69,4.62,0.007510694562138916,-4.0000000000000036,-10.000000000000009,-8.000000000000007,-0.007510694562138916
2023-01-05,3808.10009765625,4.45,3.71,4.58,-0.011713869136457158,8.999999999999986,2.0000000000000018,-4.0000000000000036,0.011713869136457158
2023-01-06,3895.080078125,4.24,3.55,4.47,0.02258383558903089,-20.999999999999996,-16.000000000000014,-11.000000000000032,-0.02258383558903089
2023-01-09,3892.090087890625,4.19,3.53,4.37,-0.0007679273259905782,-4.999999999999982,-2.0000000000000018,-9.999999999999964,0.0007679273259905782
2023-01-10,3919.25,4.24,3.61,4.33,0.006953997970593733,4.999999999999982,8.000000000000007,-4.0000000000000036,-0.006953997970593733
2023-01-11,3969.610107421875,4.2,3.54,4.3,0.012767571192293676,-4.0000000000000036,-6.999999999999984,-3.000000000000025,-0.012767571192293676
2023-01-12,3983.169921875,4.12,3.43,4.29,0.0034100849120427303,-8.000000000000007,-10.999999999999988,-0.9999999999999787,-0.0034100849120427303
2023-01-13,3999.090087890625,4.22,3.49,4.21,0.003988892144656051,9.999999999999964,6.000000000000005,-8.000000000000007,-0.003988892144656051
2023-01-17,3990.969970703125,4.18,3.53,4.19,-0.002032555430996314,-4.0000000000000036,3.999999999999959,-1.9999999999999574,0.002032555430996314
2023-01-18,3928.860107421875,4.06,3.37,4.25,-0.015684966977744675,-12.00000000000001,-15.99999999999997,5.999999999999961,0.015684966977744675
2023-01-19,3898.85009765625,4.09,3.39,4.39,-0.007667671901812428,3.000000000000025,2.0000000000000018,13.999999999999968,0.007667671901812428
2023-01-20,3972.610107421875,4.14,3.48,4.35,0.01874167355235196,4.999999999999982,8.999999999999986,-4.0000000000000036,-0.01874167355235196
2023-01-23,4019.81005859375,4.21,3.52,4.27,0.011811315951328555,7.000000000000028,4.0000000000000036,-8.000000000000007,-0.011811315951328555
2023-01-24,4016.949951171875,4.12,3.46,4.33,-0.0007117563642918193,-8.999999999999986,-6.000000000000005,6.00000000000005,0.0007117563642918193
2023-01-25,4016.219970703125,4.11,3.46,4.35,-0.00018174157346566321,-0.9999999999999787,0.0,1.9999999999999574,0.00018174157346566321
2023-01-26,4060.429931640625,4.17,3.49,4.24,0.010947708029114303,5.999999999999961,3.000000000000025,-10.999999999999943,-0.010947708029114303
2023-01-27,4070.56005859375,4.19,3.52,4.23,0.002491734021703855,2.000000000000046,2.9999999999999805,-0.9999999999999787,-0.002491734021703855
2023-01-30,4017.77001953125,4.25,3.55,4.26,-0.013053569315292663,5.999999999999961,2.9999999999999805,2.999999999999936,0.013053569315292663
2023-01-31,4076.60009765625,4.21,3.52,4.3,0.014536304416419527,-4.0000000000000036,-2.9999999999999805,4.0000000000000036,-0.014536304416419527
2023-02-01,4119.2099609375,4.09,3.39,4.31,0.01039805629688473,-12.00000000000001,-12.99999999999999,0.9999999999999787,-0.01039805629688473
2023-02-02,4179.759765625,4.09,3.4,3.94,0.014592384626854379,0.0,0.9999999999999787,-36.999999999999964,-0.014592384626854379
2023-02-03,4136.47998046875,4.3,3.53,3.95,-0.010408592637285455,20.999999999999996,12.99999999999999,1.000000000000023,0.010408592637285455
2023-02-06,4111.080078125,4.44,3.63,3.99,-0.006159393193939262,14.000000000000057,10.000000000000009,4.0000000000000036,0.006159393193939262
2023-02-07,4164.0,4.47,3.67,3.99,0.012790364037397075,2.999999999999936,4.0000000000000036,0.0,-0.012790364037397075
2023-02-08,4117.85986328125,4.45,3.63,4.07,-0.011142573012411353,-1.9999999999999574,-4.0000000000000036,8.000000000000007,0.011142573012411353
2023-02-09,4081.5,4.48,3.67,4.05,-0.008869009831037385,3.000000000000025,4.0000000000000036,-2.000000000000046,0.008869009831037385
2023-02-10,4090.4599609375,4.5,3.74,4.24,0.0021928557092171274,1.9999999999999574,7.000000000000028,19.00000000000004,-0.0021928557092171274
2023-02-13,4137.2900390625,4.52,3.72,4.23,0.011383569951155146,1.9999999999999574,-2.0000000000000018,-0.9999999999999787,-0.011383569951155146
2023-02-14,4136.1298828125,4.6,3.77,4.15,-0.0002804538554937624,8.000000000000007,4.999999999999982,-8.000000000000007,0.0002804538554937624
2023-02-15,4147.60009765625,4.62,3.81,4.18,0.002769337533076689,2.000000000000046,4.0000000000000036,2.999999999999936,-0.002769337533076689
2023-02-16,4090.409912109375,4.62,3.86,4.24,-0.013884689204881605,0.0,4.999999999999982,6.00000000000005,0.013884689204881605
2023-02-17,4079.090087890625,4.6,3.82,4.38,-0.0027712421722827342,-2.000000000000046,-4.0000000000000036,13.999999999999968,0.0027712421722827342
2023-02-21,3997.340087890625,4.67,3.95,4.49,-0.020244783973471698,7.000000000000028,13.000000000000034,11.000000000000032,0.020244783973471698
2023-02-22,3991.050048828125,4.66,3.93,4.41,-0.0015747954856433837,-0.9999999999999787,-2.0000000000000018,-8.000000000000007,0.0015747954856433837
2023-02-23,4012.320068359375,4.66,3.88,4.3,0.005315278263237728,0.0,-5.000000000000027,-11.000000000000032,-0.005315278263237728
2023-02-24,3970.0400390625,4.78,3.95,4.28,-0.010593464619774184,12.00000000000001,7.000000000000028,-1.9999999999999574,0.010593464619774184
2023-02-27,3982.239990234375,4.78,3.92,4.21,0.0030682925395522777,0.0,-3.000000000000025,-7.000000000000028,-0.0030682925395522777
2023-02-28,3970.14990234375,4.81,3.92,4.22,-0.0030406198309477117,2.999999999999936,0.0,0.9999999999999787,0.0030406198309477117
2023-03-01,3951.389892578125,4.89,4.01,4.17,-0.004736464203492832,8.000000000000007,8.999999999999986,-4.999999999999982,0.004736464203492832
2023-03-02,3981.35009765625,4.89,4.08,4.18,0.0075535937311959735,0.0,7.000000000000028,0.9999999999999787,-0.0075535937311959735
2023-03-03,4045.639892578125,4.86,3.97,4.05,0.01601874917648306,-2.999999999999936,-10.999999999999988,-12.99999999999999,-0.01601874917648306
2023-03-06,4048.419921875,4.89,3.98,3.97,0.0006869307788483012,2.999999999999936,0.9999999999999787,-7.999999999999963,-0.0006869307788483012
2023-03-07,3986.3701171875,5.0,3.97,3.98,-0.015445590479262547,11.000000000000032,-0.9999999999999787,0.9999999999999787,0.015445590479262547
2023-03-08,3992.010009765625,5.05,3.98,4.09,0.0014137941356032722,4.999999999999982,0.9999999999999787,10.999999999999988,-0.0014137941356032722
2023-03-09,3918.320068359375,4.9,3.93,4.27,-0.018631857945482354,-14.999999999999947,-4.999999999999982,17.99999999999997,0.018631857945482354
2023-03-10,3861.590087890625,4.6,3.7,4.61,-0.01458396943606664,-30.00000000000007,-23.0,34.00000000000007,0.01458396943606664
2023-03-13,3855.760009765625,4.03,3.55,5.03,-0.001510901840738768,-56.99999999999994,-15.000000000000036,41.99999999999999,0.001510901840738768
2023-03-14,3919.2900390625,4.2,3.64,4.74,0.016342388235363665,16.999999999999993,9.00000000000003,-29.000000000000004,-0.016342388235363665
2023-03-15,3891.929931640625,3.93,3.51,5.2,-0.007005363929353597,-27.0,-13.000000000000034,46.0,0.007005363929353597
2023-03-16,3960.280029296875,4.14,3.56,4.93,0.017409576249031722,20.99999999999995,5.000000000000027,-27.000000000000046,-0.017409576249031722
2023-03-17,3916.639892578125,3.81,3.39,5.17,-0.011080621273953702,-32.999999999999964,-16.999999999999993,24.00000000000002,0.011080621273953702
2023-03-20,3951.570068359375,3.92,3.47,5.15,0.008878869635940853,10.999999999999988,8.000000000000007,-1.9999999999999574,-0.008878869635940853
2023-03-21,4002.8701171875,4.17,3.59,4.85,0.012898647518559103,25.0,11.999999999999966,-30.00000000000007,-0.012898647518559103
2023-03-22,3936.969970703125,3.96,3.48,5.0,-0.016600248639842885,-20.999999999999996,-10.999999999999988,15.000000000000036,0.016600248639842885
2023-03-23,3948.719970703125,3.76,3.38,5.1,0.0029800838691824228,-20.000000000000018,-10.000000000000009,9.999999999999964,-0.0029800838691824228
2023-03-24,3970.989990234375,3.76,3.38,5.22,0.005623963084303207,0.0,0.0,12.00000000000001,-0.005623963084303207
2023-03-27,3977.530029296875,3.94,3.53,5.03,0.0016455995637670831,18.000000000000014,14.999999999999991,-18.99999999999995,-0.0016455995637670831
2023-03-28,3971.27001953125,4.02,3.55,5.01,-0.0015750832883878866,7.999999999999963,2.0000000000000018,-2.000000000000046,0.0015750832883878866
2023-03-29,4027.81005859375,4.08,3.57,4.83,0.014136870775046802,6.00000000000005,2.0000000000000018,-17.99999999999997,-0.014136870775046802
2023-03-30,4050.830078125,4.1,3.55,4.74,0.005698999199482652,1.9999999999999574,-2.0000000000000018,-8.999999999999986,-0.005698999199482652
2023-03-31,4109.31005859375,4.06,3.48,4.58,0.014333327782036555,-4.0000000000000036,-6.999999999999984,-16.000000000000014,-0.014333327782036555
2023-04-03,4124.509765625,3.97,3.43,4.58,0.003692022565802823,-8.999999999999941,-4.999999999999982,0.0,-0.003692022565802823
2023-04-04,4100.60009765625,3.84,3.35,4.73,-0.005813839745162529,-13.000000000000034,-8.000000000000007,15.000000000000036,0.005813839745162529
2023-04-05,4090.3798828125,3.79,3.3,4.84,-0.002495481657121423,-4.999999999999982,-5.000000000000027,10.999999999999943,0.002495481657121423
2023-04-06,4105.02001953125,3.82,3.3,4.84,0.0035727731328032467,2.9999999999999805,0.0,0.0,-0.0035727731328032467
2023-04-10,4109.10986328125,4.0,3.41,4.7,0.0009958070170100843,18.000000000000014,11.000000000000032,-13.999999999999968,-0.0009958070170100843
2023-04-11,4108.93994140625,4.03,3.43,4.63,-4.135333298352082e-05,3.000000000000025,2.0000000000000018,-7.000000000000028,4.135333298352082e-05
2023-04-12,4091.949951171875,3.95,3.41,4.62,-0.0041434563234613855,-8.000000000000007,-2.0000000000000018,-0.9999999999999787,0.0041434563234613855
2023-04-13,4146.22021484375,3.96,3.45,4.49,0.013175510497831548,0.9999999999999787,4.0000000000000036,-12.99999999999999,-0.013175510497831548
2023-04-14,4137.64013671875,4.08,3.52,4.43,-0.0020715175845779886,12.00000000000001,6.999999999999984,-6.00000000000005,0.0020715175845779886
2023-04-17,4151.31982421875,4.18,3.6,4.41,0.0033007035826147536,9.999999999999964,8.000000000000007,-1.9999999999999574,-0.0033007035826147536
2023-04-18,4154.8701171875,4.19,3.58,4.37,0.0008548548034659753,1.0000000000000675,-2.0000000000000018,-4.0000000000000036,-0.0008548548034659753
2023-04-19,4154.52001953125,4.24,3.6,4.41,-8.426554793962826e-05,4.999999999999982,2.0000000000000018,4.0000000000000036,8.426554793962826e-05
2023-04-20,4129.7900390625,4.14,3.54,4.54,-0.005970335188311131,-10.000000000000053,-6.000000000000005,12.99999999999999,0.005970335188311131
2023-04-21,4133.52001953125,4.17,3.57,4.46,0.0009027812573008861,3.000000000000025,2.9999999999999805,-8.000000000000007,-0.0009027812573008861
2023-04-24,4137.0400390625,4.12,3.52,4.48,0.0008512167782723126,-4.999999999999982,-4.999999999999982,2.000000000000046,-0.0008512167782723126
2023-04-25,4071.6298828125,3.86,3.4,4.64,-0.01593718381857645,-26.00000000000002,-12.00000000000001,15.999999999999925,0.01593718381857645
2023-04-26,4055.989990234375,3.9,3.43,4.63,-0.0038485835033448754,4.0000000000000036,3.000000000000025,-0.9999999999999787,0.0038485835033448754
2023-04-27,4135.35009765625,4.07,3.53,4.48,0.019377193402696356,17.000000000000036,9.999999999999964,-14.999999999999947,-0.019377193402696356
2023-04-28,4169.47998046875,4.04,3.44,4.5,0.008219331313243467,-3.000000000000025,-8.999999999999986,1.9999999999999574,-0.008219331313243467
2023-05-01,4167.8701171875,4.14,3.59,4.45,-0.0003861810485107871,9.999999999999964,14.999999999999991,-4.999999999999982,0.0003861810485107871
2023-05-02,4119.580078125,3.97,3.44,4.7,-0.011653906680571788,-16.99999999999995,-14.999999999999991,25.0,0.011653906680571788
2023-05-03,4090.75,3.89,3.38,4.79,-0.007022908054892971,-8.000000000000007,-6.000000000000005,8.999999999999986,0.007022908054892971
2023-05-04,4061.219970703125,3.75,3.37,4.95,-0.007244913455062742,-14.000000000000012,-0.9999999999999787,16.000000000000014,0.007244913455062742
2023-05-05,4136.25,3.92,3.44,4.77,0.018306166381879797,16.999999999999993,6.999999999999984,-18.00000000000006,-0.018306166381879797
2023-05-08,4138.1201171875,4.0,3.52,4.72,0.0004520264848820656,8.000000000000007,8.000000000000007,-4.999999999999982,-0.0004520264848820656
2023-05-09,4119.169921875,4.01,3.53,4.74,-0.004589938949059595,0.9999999999999787,0.9999999999999787,2.000000000000046,0.004589938949059595
2023-05-10,4137.64013671875,3.9,3.43,4.78,0.004473942241914432,-10.999999999999988,-9.999999999999964,4.0000000000000036,-0.004473942241914432
2023-05-11,4130.6201171875,3.89,3.39,4.81,-0.0016980648897067581,-0.9999999999999787,-4.0000000000000036,2.999999999999936,0.0016980648897067581
2023-05-12,4124.080078125,3.98,3.46,4.76,-0.0015845615894390477,8.999999999999986,6.999999999999984,-4.999999999999982,0.0015845615894390477
2023-05-15,4136.27978515625,3.99,3.5,4.77,0.002953797680316935,1.000000000000023,4.0000000000000036,0.9999999999999787,-0.002953797680316935
2023-05-16,4109.89990234375,4.06,3.54,4.79,-0.006398107681917463,6.99999999999994,4.0000000000000036,2.000000000000046,0.006398107681917463
2023-05-17,4158.77001953125,4.12,3.57,4.75,0.011820688622071574,6.00000000000005,2.9999999999999805,-4.0000000000000036,-0.011820688622071574
2023-05-18,4198.0498046875,4.24,3.65,4.69,0.009400723063727155,12.00000000000001,8.000000000000007,-5.999999999999961,-0.009400723063727155
2023-05-19,4191.97998046875,4.28,3.7,4.62,-0.0014469138806754414,4.0000000000000036,5.000000000000027,-7.000000000000028,0.0014469138806754414
2023-05-22,4192.6298828125,4.29,3.72,4.54,0.00015502267980239146,0.9999999999999787,2.0000000000000018,-8.000000000000007,-0.00015502267980239146
2023-05-23,4145.580078125,4.26,3.7,4.6,-0.011285468768284297,-3.000000000000025,-2.0000000000000018,5.999999999999961,0.011285468768284297
2023-05-24,4115.240234375,4.31,3.73,4.68,-0.007345512678305211,4.999999999999982,2.9999999999999805,8.000000000000007,0.007345512678305211
2023-05-25,4151.27978515625,4.5,3.83,4.58,0.008719456079011883,19.00000000000004,10.000000000000009,-9.999999999999964,-0.008719456079011883
2023-05-26,4205.4501953125,4.54,3.8,4.53,0.012964680931640788,4.0000000000000036,-3.000000000000025,-4.999999999999982,-0.012964680931640788
2023-05-30,4205.52001953125,4.46,3.69,4.58,1.660313066576836e-05,-8.000000000000007,-10.999999999999988,4.999999999999982,-1.660313066576836e-05
2023-05-31,4179.830078125,4.4,3.64,4.69,-0.006127358186214099,-5.999999999999961,-4.999999999999982,11.000000000000032,0.006127358186214099
2023-06-01,4221.02001953125,4.33,3.61,4.65,0.009806215085853812,-7.000000000000028,-3.000000000000025,-4.0000000000000036,-0.009806215085853812
2023-06-02,4282.3701171875,4.5,3.69,4.37,0.014429812390107408,16.999999999999993,8.000000000000007,-28.000000000000025,-0.014429812390107408
2023-06-05,4273.7900390625,4.46,3.69,4.39,-0.002005591490657713,-4.0000000000000036,0.0,1.9999999999999574,0.002005591490657713
2023-06-06,4283.85009765625,4.51,3.7,4.39,0.002351130233850576,4.999999999999982,1.000000000000023,0.0,-0.002351130233850576
2023-06-07,4267.52001953125,4.56,3.79,4.33,-0.003819293926420617,4.999999999999982,8.999999999999986,-5.999999999999961,0.003819293926420617
2023-06-08,4293.93017578125,4.52,3.73,4.39,0.00616957160752325,-4.0000000000000036,-6.000000000000005,5.999999999999961,-0.00616957160752325
2023-06-09,4298.85986328125,4.59,3.75,4.29,0.0011474010230505239,7.000000000000028,2.0000000000000018,-9.999999999999964,-0.0011474010230505239
2023-06-12,4338.93017578125,4.55,3.73,4.34,0.00927797498175416,-4.0000000000000036,-2.0000000000000018,4.999999999999982,-0.00927797498175416
2023-06-13,4369.009765625,4.67,3.84,4.18,0.006908570725908897,12.00000000000001,10.999999999999988,-16.000000000000014,-0.006908570725908897
2023-06-14,4372.58984375,4.74,3.83,4.18,0.0008190899801265841,7.000000000000028,-0.9999999999999787,0.0,-0.0008190899801265841
2023-06-15,4425.83984375,4.62,3.72,4.21,0.012104580493589997,-12.00000000000001,-10.999999999999988,3.000000000000025,-0.012104580493589997
2023-06-16,4409.58984375,4.7,3.77,4.15,-0.0036783764677510893,8.000000000000007,4.999999999999982,-5.999999999999961,0.0036783764677510893
2023-06-20,4388.7099609375,4.68,3.74,4.22,-0.004746353835236048,-2.000000000000046,-2.9999999999999805,6.99999999999994,0.004746353835236048
2023-06-21,4365.68994140625,4.68,3.72,4.32,-0.005259086366925201,0.0,-2.0000000000000018,10.000000000000053,0.005259086366925201
2023-06-22,4381.89013671875,4.77,3.8,4.3,0.0037039303873345254,8.999999999999986,7.999999999999963,-2.000000000000046,-0.0037039303873345254
2023-06-23,4348.330078125,4.71,3.74,4.4,-0.007688288056502158,-5.999999999999961,-5.999999999999961,10.000000000000053,0.007688288056502158
2023-06-26,4328.81982421875,4.65,3.72,4.45,-0.004496934363132171,-5.999999999999961,-2.0000000000000018,4.999999999999982,0.004496934363132171
2023-06-27,4378.41015625,4.74,3.77,4.3,0.01139073352418076,8.999999999999986,4.999999999999982,-15.000000000000036,-0.01139073352418076
2023-06-28,4376.85986328125,4.71,3.71,4.27,-0.0003541393883898215,-3.000000000000025,-6.000000000000005,-3.000000000000025,0.0003541393883898215
2023-06-29,4396.43994140625,4.87,3.85,4.14,0.00446356811449,16.000000000000014,14.000000000000012,-12.99999999999999,-0.00446356811449
2023-06-30,4450.3798828125,4.87,3.81,4.05,0.0121943502618858,0.0,-4.0000000000000036,-8.999999999999986,-0.0121943502618858
2023-07-03,4455.58984375,4.94,3.86,3.99,0.0011699930926736418,7.000000000000028,4.999999999999982,-5.999999999999961,-0.0011699930926736418
2023-07-05,4446.81982421875,4.94,3.95,4.01,-0.0019702580976127164,0.0,9.00000000000003,1.9999999999999574,0.0019702580976127164
2023-07-06,4411.58984375,4.99,4.05,4.1,-0.007954061175894762,4.999999999999982,9.999999999999964,8.999999999999986,0.007954061175894762
2023-07-07,4398.9501953125,4.94,4.06,4.08,-0.002869212795733482,-4.999999999999982,0.9999999999999787,-1.9999999999999574,0.002869212795733482
2023-07-10,4409.52978515625,4.85,4.01,4.13,0.002402138610626312,-9.000000000000075,-4.999999999999982,4.999999999999982,-0.002402138610626312
2023-07-11,4439.259765625,4.88,3.99,4.05,0.006719583998254874,3.000000000000025,-1.9999999999999574,-8.000000000000007,-0.006719583998254874
2023-07-12,4472.16015625,4.72,3.86,3.95,0.007383905235389679,-16.000000000000014,-13.000000000000034,-9.999999999999964,-0.007383905235389679
2023-07-13,4510.0400390625,4.59,3.76,3.97,0.008434482989627111,-12.99999999999999,-10.000000000000009,2.0000000000000018,-0.008434482989627111
2023-07-14,4505.419921875,4.74,3.83,3.9,-0.001024932196907484,15.000000000000036,7.000000000000028,-7.000000000000028,0.001024932196907484
2023-07-17,4522.7900390625,4.74,3.81,3.97,0.0038479695744204137,0.0,-2.0000000000000018,7.000000000000028,-0.0038479695744204137
2023-07-18,4554.97998046875,4.74,3.8,3.9,0.007092066941428338,0.0,-1.000000000000023,-7.000000000000028,-0.007092066941428338
2023-07-19,4565.72021484375,4.74,3.75,3.89,0.002355134827233639,0.0,-4.999999999999982,-0.9999999999999787,-0.002355134827233639
2023-07-20,4534.8701171875,4.8,3.85,3.9,-0.006779827396257691,5.999999999999961,10.000000000000009,0.9999999999999787,0.006779827396257691
2023-07-21,4536.33984375,4.82,3.84,3.89,0.0003240420146130911,2.000000000000046,-1.000000000000023,-0.9999999999999787,-0.0003240420146130911
2023-07-24,4554.64013671875,4.81,3.86,3.82,0.004026038496874852,-1.0000000000000675,2.0000000000000018,-7.000000000000028,-0.004026038496874852
2023-07-25,4567.4599609375,4.85,3.91,3.84,0.0028107195758387046,4.0000000000000036,5.000000000000027,2.0000000000000018,-0.0028107195758387046
2023-07-26,4566.75,4.82,3.86,3.91,-0.00015545097867591856,-2.999999999999936,-5.000000000000027,7.000000000000028,0.00015545097867591856
2023-07-27,4537.41015625,4.91,4.01,3.78,-0.006445393055197076,8.999999999999986,14.999999999999991,-13.000000000000034,0.006445393055197076
2023-07-28,4582.22998046875,4.87,3.96,3.82,0.009829375810433848,-4.0000000000000036,-4.999999999999982,4.0000000000000036,-0.009829375810433848
2023-07-31,4588.9599609375,4.88,3.97,3.79,0.0014676354365687912,0.9999999999999787,1.000000000000023,-2.9999999999999805,-0.0014676354365687912
2023-08-01,4576.72998046875,4.92,4.05,3.82,-0.0026686453076827116,4.0000000000000036,7.999999999999963,2.9999999999999805,0.0026686453076827116
2023-08-02,4513.39013671875,4.88,4.08,3.96,-0.013936200638336184,-4.0000000000000036,3.000000000000025,14.000000000000012,0.013936200638336184
2023-08-03,4501.89013671875,4.9,4.2,3.98,-0.0025512254502915274,2.000000000000046,12.00000000000001,2.0000000000000018,0.0025512254502915274
2023-08-04,4478.02978515625,4.78,4.05,4.01,-0.0053141693739379705,-12.00000000000001,-15.000000000000036,2.9999999999999805,0.0053141693739379705
2023-08-07,4518.43994140625,4.76,4.09,3.97,0.008983618964856572,-2.000000000000046,4.0000000000000036,-3.999999999999959,-0.008983618964856572
2023-08-08,4499.3798828125,4.74,4.02,4.0,-0.004227205100058866,-1.9999999999999574,-7.000000000000028,2.9999999999999805,0.004227205100058866
2023-08-09,4467.7099609375,4.79,4.0,3.94,-0.007063619102045116,4.999999999999982,-1.9999999999999574,-6.000000000000005,0.007063619102045116
2023-08-10,4468.830078125,4.82,4.09,3.83,0.00025068252108086326,3.000000000000025,8.999999999999986,-10.999999999999988,-0.00025068252108086326
2023-08-11,4464.0498046875,4.89,4.16,3.83,-0.0010702648992294865,6.99999999999994,7.000000000000028,0.0,0.0010702648992294865
2023-08-14,4489.72021484375,4.96,4.19,3.79,0.005734004879419051,7.000000000000028,3.000000000000025,-4.0000000000000036,-0.005734004879419051
2023-08-15,4437.85986328125,4.92,4.21,3.85,-0.011618139396096483,-4.0000000000000036,1.9999999999999574,6.000000000000005,0.011618139396096483
2023-08-16,4404.330078125,4.97,4.28,3.81,-0.007584081792624527,4.999999999999982,7.000000000000028,-4.0000000000000036,0.007584081792624527
2023-08-17,4370.35986328125,4.94,4.3,3.95,-0.0077428113775290805,-2.999999999999936,1.9999999999999574,14.000000000000012,0.0077428113775290805
2023-08-18,4369.7099609375,4.92,4.26,4.02,-0.00014871788395720285,-2.000000000000046,-4.0000000000000036,6.99999999999994,0.00014871788395720285
2023-08-21,4399.77001953125,4.97,4.34,3.97,0.006855634859799785,4.999999999999982,8.000000000000007,-4.999999999999938,-0.006855634859799785
2023-08-22,4387.5498046875,5.02,4.34,3.93,-0.0027813310465456837,4.999999999999982,0.0,-4.0000000000000036,0.0027813310465456837
2023-08-23,4436.009765625,4.95,4.19,3.92,0.010984330710791359,-6.99999999999994,-14.999999999999947,-1.000000000000023,-0.010984330710791359
2023-08-24,4376.31005859375,4.98,4.23,3.91,-0.01354935398400801,3.000000000000025,4.0000000000000036,-0.9999999999999787,0.01354935398400801
2023-08-25,4405.7099609375,5.03,4.25,3.9,0.006695501060295156,4.999999999999982,1.9999999999999574,-1.000000000000023,-0.006695501060295156
2023-08-28,4433.31005859375,4.98,4.2,3.86,0.006245078594196461,-4.999999999999982,-4.999999999999982,-4.0000000000000036,-0.006245078594196461
2023-08-29,4497.6298828125,4.87,4.12,3.87,0.014404068712056505,-11.000000000000032,-8.000000000000007,1.000000000000023,-0.014404068712056505
2023-08-30,4514.8701171875,4.9,4.12,3.8,0.003825854181192944,3.000000000000025,0.0,-7.000000000000028,-0.003825854181192944
2023-08-31,4507.66015625,4.85,4.09,3.85,-0.0015982129743398576,-5.000000000000071,-3.000000000000025,5.000000000000027,0.0015982129743398576
2023-09-01,4515.77001953125,4.87,4.18,3.81,0.001797512765518541,2.000000000000046,8.999999999999986,-4.0000000000000036,-0.001797512765518541
2023-09-05,4496.830078125,4.94,4.27,3.83,-0.004202997821381205,7.000000000000028,8.999999999999986,2.0000000000000018,0.004202997821381205
2023-09-06,4465.47998046875,5.01,4.3,3.86,-0.006996014491432261,6.99999999999994,3.000000000000025,2.9999999999999805,0.006996014491432261
2023-09-07,4451.14013671875,4.94,4.27,3.9,-0.003216433115732967,-6.99999999999994,-3.000000000000025,4.0000000000000036,0.003216433115732967
2023-09-08,4457.490234375,4.98,4.26,3.85,0.0014256060622570594,4.0000000000000036,-0.9999999999999787,-4.999999999999982,-0.0014256060622570594
2023-09-11,4487.4599609375,4.97,4.29,3.82,0.006700951498135517,-1.0000000000000675,3.000000000000025,-3.000000000000025,-0.006700951498135517
2023-09-12,4461.89990234375,4.98,4.27,3.84,-0.005712169023003997,1.0000000000000675,-2.000000000000046,2.0000000000000018,0.005712169023003997
2023-09-13,4467.43994140625,4.96,4.25,3.85,0.0012408621175346041,-2.000000000000046,-1.9999999999999574,1.000000000000023,-0.0012408621175346041
2023-09-14,4505.10009765625,5.0,4.29,3.78,0.00839458553366625,4.0000000000000036,4.0000000000000036,-7.000000000000028,-0.00839458553366625
2023-09-15,4450.31982421875,5.02,4.33,3.79,-0.012234145842493929,1.9999999999999574,4.0000000000000036,1.000000000000023,0.012234145842493929
2023-09-18,4453.52978515625,5.05,4.32,3.82,0.0007210276941755188,3.000000000000025,-0.9999999999999787,2.9999999999999805,-0.0007210276941755188
2023-09-19,4443.9501953125,5.08,4.37,3.82,-0.0021533273615331264,3.000000000000025,4.999999999999982,0.0,0.0021533273615331264
2023-09-20,4402.2001953125,5.12,4.35,3.77,-0.009439204206291041,4.0000000000000036,-2.000000000000046,-4.999999999999982,0.009439204206291041
2023-09-21,4330.0,5.12,4.49,3.89,-0.016536918318488084,0.0,14.000000000000057,12.00000000000001,0.016536918318488084
2023-09-22,4320.06005859375,5.1,4.44,3.93,-0.0022982374027607495,-2.000000000000046,-4.999999999999982,4.0000000000000036,0.0022982374027607495
2023-09-25,4337.43994140625,5.09,4.55,3.97,0.0040149942038066174,-0.9999999999999787,10.999999999999943,4.0000000000000036,-0.0040149942038066174
2023-09-26,4273.52978515625,5.04,4.56,4.04,-0.014844165482264943,-4.999999999999982,0.9999999999999787,6.999999999999984,0.014844165482264943
2023-09-27,4274.509765625,5.1,4.61,4.03,0.00022928777229479233,5.999999999999961,5.000000000000071,-0.9999999999999787,-0.00022928777229479233
2023-09-28,4299.7001953125,5.04,4.59,4.09,0.005875877143000698,-5.999999999999961,-2.000000000000046,5.999999999999961,-0.005875877143000698
2023-09-29,4288.0498046875,5.03,4.59,4.03,-0.002713259648289315,-0.9999999999999787,0.0,-5.999999999999961,0.002713259648289315
2023-10-02,4288.39013671875,5.12,4.69,4.11,7.936440615299324e-05,8.999999999999986,10.000000000000053,8.000000000000007,-7.936440615299324e-05
2023-10-03,4229.4501953125,5.15,4.81,4.26,-0.013839395863449198,3.000000000000025,11.999999999999922,14.999999999999947,0.013839395863449198
2023-10-04,4263.75,5.05,4.73,4.37,0.008077047607828946,-10.000000000000053,-7.999999999999918,11.000000000000032,-0.008077047607828946
2023-10-05,4258.18994140625,5.03,4.72,4.38,-0.0013048811469951228,-1.9999999999999574,-1.0000000000000675,0.9999999999999787,0.0013048811469951228
2023-10-06,4308.5,5.08,4.78,4.33,0.011745642093961117,4.999999999999982,6.00000000000005,-4.999999999999982,-0.011745642093961117
2023-10-09,4335.66015625,5.08,4.78,4.34,0.006284068119387409,0.0,0.0,0.9999999999999787,-0.006284068119387409
2023-10-10,4358.240234375,4.96,4.66,4.26,0.005194476099985354,-12.00000000000001,-12.00000000000001,-8.000000000000007,-0.005194476099985354
2023-10-11,4376.9501953125,4.99,4.58,4.25,0.004283819500095073,3.000000000000025,-8.000000000000007,-0.9999999999999787,-0.004283819500095073
2023-10-12,4349.60986328125,5.06,4.7,4.25,-0.006266024940654918,6.99999999999994,12.00000000000001,0.0,0.006266024940654918
2023-10-13,4327.77978515625,5.04,4.63,4.3,-0.005031495660219892,-1.9999999999999574,-7.000000000000028,4.999999999999982,0.005031495660219892
2023-10-16,4373.6298828125,5.09,4.71,4.27,0.010538642302589985,4.999999999999982,8.000000000000007,-3.000000000000025,-0.010538642302589985
2023-10-17,4373.2001953125,5.19,4.83,4.25,-9.824987944376507e-05,10.000000000000053,12.00000000000001,-1.9999999999999574,9.824987944376507e-05
2023-10-18,4314.60009765625,5.19,4.91,4.32,-0.013490408251151898,0.0,8.000000000000007,7.000000000000028,0.013490408251151898
2023-10-19,4278.0,5.14,4.98,4.37,-0.008519032328057976,-5.000000000000071,7.000000000000028,4.999999999999982,0.008519032328057976
2023-10-20,4224.16015625,5.07,4.93,4.52,-0.012665149196155915,-6.99999999999994,-5.000000000000071,14.999999999999947,0.012665149196155915
2023-10-23,4217.0400390625,5.05,4.86,4.51,-0.0016869920654349177,-2.000000000000046,-6.99999999999994,-0.9999999999999787,0.0016869920654349177
2023-10-24,4247.68017578125,5.02,4.83,4.41,0.0072395235196288195,-3.000000000000025,-3.000000000000025,-9.999999999999964,-0.0072395235196288195
2023-10-25,4186.77001953125,5.08,4.95,4.37,-0.014443434657238052,6.00000000000005,12.00000000000001,-4.0000000000000036,0.014443434657238052
2023-10-26,4137.22998046875,5.02,4.86,4.5,-0.011903081205584871,-6.00000000000005,-8.999999999999986,12.99999999999999,0.011903081205584871
2023-10-27,4117.3701171875,4.99,4.84,4.53,-0.00481183857862075,-2.999999999999936,-2.000000000000046,3.000000000000025,0.00481183857862075
2023-10-30,4166.81982421875,5.03,4.88,4.5,0.011938474300285915,4.0000000000000036,4.0000000000000036,-3.000000000000025,-0.011938474300285915
2023-10-31,4193.7998046875,5.07,4.88,4.42,0.006454084821688244,4.0000000000000036,0.0,-8.000000000000007,-0.006454084821688244
2023-11-01,4237.85986328125,4.95,4.77,4.47,0.010451194990191868,-12.00000000000001,-11.000000000000032,4.999999999999982,-0.010451194990191868
2023-11-02,4317.77978515625,4.98,4.67,4.15,0.018682938934086474,3.000000000000025,-9.999999999999964,-31.99999999999994,-0.018682938934086474
2023-11-03,4358.33984375,4.83,4.57,4.04,0.00934988354455146,-15.000000000000036,-9.999999999999964,-11.000000000000032,-0.00934988354455146
2023-11-06,4365.97998046875,4.93,4.67,4.0,0.0017514577241005862,9.999999999999964,9.999999999999964,-4.0000000000000036,-0.0017514577241005862
2023-11-07,4378.3798828125,4.91,4.58,4.08,0.0028360934017119537,-1.9999999999999574,-8.999999999999986,8.000000000000007,-0.0028360934017119537
2023-11-08,4382.77978515625,4.93,4.49,4.08,0.0010044110324198868,1.9999999999999574,-8.999999999999986,0.0,-0.0010044110324198868
2023-11-09,4347.35009765625,5.03,4.62,4.04,-0.008116690699068705,10.000000000000053,12.99999999999999,-4.0000000000000036,0.008116690699068705
2023-11-10,4415.240234375,5.04,4.61,4.03,0.015495759270772258,0.9999999999999787,-0.9999999999999787,-0.9999999999999787,-0.015495759270772258
2023-11-13,4411.5498046875,5.02,4.63,4.03,-0.0008361884413700847,-2.000000000000046,1.9999999999999574,0.0,0.0008361884413700847
2023-11-14,4495.7001953125,4.8,4.44,3.92,0.01889537047457725,-21.999999999999975,-18.99999999999995,-11.000000000000032,-0.01889537047457725
2023-11-15,4502.8798828125,4.9,4.53,3.89,0.0015957382078471765,10.000000000000053,8.999999999999986,-2.9999999999999805,-0.0015957382078471765
2023-11-16,4508.240234375,4.83,4.45,4.02,0.0011897193967137305,-7.000000000000028,-8.000000000000007,12.999999999999945,-0.0011897193967137305
2023-11-17,4514.02001953125,4.88,4.44,3.99,0.0012812279371779871,4.999999999999982,-0.9999999999999787,-2.999999999999936,-0.0012812279371779871
2023-11-20,4547.3798828125,4.89,4.42,3.92,0.007363103793795633,0.9999999999999787,-2.000000000000046,-7.000000000000028,-0.007363103793795633
2023-11-21,4538.18994140625,4.86,4.41,3.95,-0.002022975931757968,-2.999999999999936,-0.9999999999999787,3.000000000000025,0.002022975931757968
2023-11-22,4556.6201171875,4.89,4.42,3.9,0.004052905094313324,2.999999999999936,0.9999999999999787,-5.000000000000027,-0.004052905094313324
2023-11-24,4559.33984375,4.92,4.47,3.85,0.0005966956096450322,3.000000000000025,4.999999999999982,-4.999999999999982,-0.0005966956096450322
2023-11-27,4550.43017578125,4.84,4.39,3.89,-0.0019560693168983586,-8.000000000000007,-8.000000000000007,4.0000000000000036,0.0019560693168983586
2023-11-28,4554.89013671875,4.73,4.34,3.9,0.0009796385280502918,-10.999999999999943,-4.999999999999982,0.9999999999999787,-0.0009796385280502918
2023-11-29,4550.580078125,4.64,4.27,3.8,-0.0009466966151019382,-9.000000000000075,-7.000000000000028,-10.000000000000009,0.0009466966151019382
2023-11-30,4567.7998046875,4.73,4.37,3.84,0.003776931264994605,9.000000000000075,10.000000000000053,4.0000000000000036,-0.003776931264994605
2023-12-01,4594.6298828125,4.56,4.22,3.87,0.005856558953846637,-17.00000000000008,-15.000000000000036,3.000000000000025,-0.005856558953846637
2023-12-04,4569.77978515625,4.64,4.28,3.8,-0.005423188063826943,8.000000000000007,6.00000000000005,-7.000000000000028,0.005423188063826943
2023-12-05,4567.18017578125,4.57,4.18,3.8,-0.0005690315939348026,-6.99999999999994,-10.000000000000053,0.0,0.0005690315939348026
2023-12-06,4549.33984375,4.6,4.12,3.79,-0.003913851944943747,2.999999999999936,-5.999999999999961,-0.9999999999999787,0.003913851944943747
2023-12-07,4585.58984375,4.58,4.14,3.77,0.007936610684821922,-1.9999999999999574,1.9999999999999574,-2.0000000000000018,-0.007936610684821922
2023-12-08,4604.3701171875,4.71,4.23,3.75,0.0040871341465037936,12.99999999999999,9.000000000000075,-2.0000000000000018,-0.0040871341465037936
2023-12-11,4622.43994140625,4.71,4.23,3.79,0.003916813547781492,0.0,0.0,4.0000000000000036,-0.003916813547781492
2023-12-12,4643.7001953125,4.73,4.2,3.76,0.0045888127956924,2.000000000000046,-3.000000000000025,-3.000000000000025,-0.0045888127956924
2023-12-13,4707.08984375,4.46,4.04,3.79,0.01355834517501981,-27.000000000000046,-16.000000000000014,3.000000000000025,-0.01355834517501981
2023-12-14,4719.5498046875,4.37,3.92,3.47,0.002643565185154432,-8.999999999999986,-12.00000000000001,-31.999999999999986,-0.002643565185154432
2023-12-15,4719.18994140625,4.44,3.91,3.51,-7.625240044859478e-05,7.000000000000028,-0.9999999999999787,3.999999999999959,7.625240044859478e-05
2023-12-18,4740.56005859375,4.43,3.95,3.51,0.004518122263400515,-1.0000000000000675,4.0000000000000036,0.0,-0.004518122263400515
2023-12-19,4768.3701171875,4.41,3.93,3.46,0.005849267450818904,-1.9999999999999574,-2.0000000000000018,-4.999999999999982,-0.005849267450818904
2023-12-20,4698.35009765625,4.34,3.86,3.43,-0.014793147965305628,-7.000000000000028,-7.000000000000028,-2.9999999999999805,0.014793147965305628
2023-12-21,4746.75,4.33,3.89,3.41,0.010248769307271876,-0.9999999999999787,3.000000000000025,-2.0000000000000018,-0.010248769307271876
2023-12-22,4754.6298828125,4.31,3.9,3.39,0.0016586821527610754,-2.000000000000046,0.9999999999999787,-2.0000000000000018,-0.0016586821527610754
2023-12-26,4774.75,4.26,3.89,3.37,0.004222761046978559,-4.999999999999982,-0.9999999999999787,-2.0000000000000018,-0.004222761046978559
2023-12-27,4781.580078125,4.2,3.79,3.34,0.0014294356164229985,-5.999999999999961,-10.000000000000009,-3.000000000000025,-0.0014294356164229985
2023-12-28,4783.35009765625,4.26,3.84,3.32,0.0003701061103271183,5.999999999999961,4.999999999999982,-2.0000000000000018,-0.0003701061103271183
2023-12-29,4769.830078125,4.23,3.88,3.34,-0.0028304770367338357,-2.999999999999936,4.0000000000000036,2.0000000000000018,0.0028304770367338357
2024-01-02,4742.830078125,4.33,3.95,3.54,-0.005676660799723162,9.999999999999964,7.000000000000028,20.000000000000018,0.005676660799723162
2024-01-03,4704.81005859375,4.33,3.91,3.71,-0.008048618327197648,0.0,-4.0000000000000036,16.999999999999993,0.008048618327197648
2024-01-04,4688.68017578125,4.38,3.99,3.69,-0.003434271663317429,4.999999999999982,8.000000000000007,-2.0000000000000018,0.003434271663317429
2024-01-05,4697.240234375,4.4,4.05,3.68,0.0018240216394339805,2.000000000000046,5.999999999999961,-0.9999999999999787,-0.0018240216394339805
2024-01-08,4763.5400390625,4.36,4.01,3.63,0.014015945436353141,-4.0000000000000036,-4.0000000000000036,-5.000000000000027,-0.014015945436353141
2024-01-09,4756.5,4.36,4.02,3.59,-0.0014789938523175842,0.0,0.9999999999999787,-4.0000000000000036,0.0014789938523175842
2024-01-10,4783.4501953125,4.37,4.04,3.5,0.005649980650495912,0.9999999999999787,2.000000000000046,-8.999999999999986,-0.005649980650495912
2024-01-11,4780.240234375,4.26,3.98,3.55,-0.0006712808369611647,-11.000000000000032,-6.000000000000005,4.999999999999982,0.0006712808369611647
2024-01-12,4783.830078125,4.14,3.96,3.56,0.0007506937530339595,-12.00000000000001,-2.0000000000000018,1.000000000000023,-0.0007506937530339595
2024-01-16,4765.97998046875,4.22,4.07,3.58,-0.0037383190523568345,8.000000000000007,11.000000000000032,2.0000000000000018,0.0037383190523568345
2024-01-17,4739.2099609375,4.34,4.1,3.62,-0.005632731271107821,12.00000000000001,2.999999999999936,4.0000000000000036,0.005632731271107821
2024-01-18,4780.93994140625,4.34,4.14,3.58,0.008766720726243148,0.0,4.0000000000000036,-4.0000000000000036,-0.008766720726243148
2024-01-19,4839.81005859375,4.39,4.15,3.54,0.012238308232548512,4.999999999999982,1.0000000000000675,-4.0000000000000036,-0.012238308232548512
2024-01-22,4850.43017578125,4.37,4.11,3.49,0.0021919211872316853,-1.9999999999999574,-4.0000000000000036,-4.999999999999982,-0.0021919211872316853
2024-01-23,4864.60009765625,4.31,4.14,3.51,0.002917115340764486,-6.00000000000005,2.999999999999936,1.9999999999999574,-0.002917115340764486
2024-01-24,4868.5498046875,4.34,4.18,3.44,0.0008115989762168653,3.000000000000025,4.0000000000000036,-6.999999999999984,-0.0008115989762168653
2024-01-25,4894.16015625,4.28,4.14,3.45,0.00524657813497798,-5.999999999999961,-4.0000000000000036,1.000000000000023,-0.00524657813497798
2024-01-26,4890.97021484375,4.34,4.15,3.39,-0.0006519977554263648,5.999999999999961,1.0000000000000675,-6.000000000000005,0.0006519977554263648
2024-01-29,4927.93017578125,4.29,4.08,3.41,0.007528365505246204,-4.999999999999982,-7.000000000000028,2.0000000000000018,-0.007528365505246204
2024-01-30,4924.97021484375,4.36,4.06,3.42,-0.0006008303969786162,7.000000000000028,-2.000000000000046,0.9999999999999787,0.0006008303969786162
2024-01-31,4845.64990234375,4.27,3.99,3.59,-0.016236851740733683,-9.000000000000075,-6.99999999999994,16.999999999999993,0.016236851740733683
2024-02-01,4906.18994140625,4.2,3.87,3.56,0.012416286114049784,-6.99999999999994,-12.00000000000001,-2.9999999999999805,-0.012416286114049784
2024-02-02,4958.60986328125,4.36,4.03,3.47,0.01062777072263312,16.000000000000014,16.000000000000014,-8.999999999999986,-0.01062777072263312
2024-02-05,4942.81005859375,4.46,4.17,3.5,-0.0031914247092839714,9.999999999999964,13.999999999999968,2.9999999999999805,0.0031914247092839714
2024-02-06,4954.22998046875,4.39,4.09,3.52,0.0023077459317481074,-7.000000000000028,-8.000000000000007,2.0000000000000018,-0.0023077459317481074
2024-02-07,4995.06005859375,4.41,4.09,3.43,0.008207682594008628,2.000000000000046,0.0,-8.999999999999986,-0.008207682594008628
2024-02-08,4997.91015625,4.46,4.15,3.38,0.000570420540090595,4.999999999999982,6.00000000000005,-5.000000000000027,-0.000570420540090595
2024-02-09,5026.60986328125,4.48,4.17,3.33,0.0057259171287955156,2.000000000000046,1.9999999999999574,-4.999999999999982,-0.0057259171287955156
2024-02-12,5021.83984375,4.46,4.17,3.35,-0.0009494041426524416,-2.000000000000046,0.0,2.0000000000000018,0.0009494041426524416
2024-02-13,4953.169921875,4.64,4.31,3.36,-0.013768609419845444,17.99999999999997,13.999999999999968,0.9999999999999787,0.013768609419845444
2024-02-14,5000.6201171875,4.56,4.27,3.38,0.009534168304216807,-8.000000000000007,-4.0000000000000036,2.0000000000000018,-0.009534168304216807
2024-02-15,5029.72998046875,4.56,4.24,3.35,0.00580437267404004,0.0,-2.999999999999936,-2.9999999999999805,-0.00580437267404004
2024-02-16,5005.56982421875,4.64,4.3,3.34,-0.0048150435759610425,8.000000000000007,5.999999999999961,-1.000000000000023,0.0048150435759610425
2024-02-20,4975.509765625,4.59,4.27,3.37,-0.0060234264658172495,-4.999999999999982,-3.000000000000025,3.000000000000025,0.0060234264658172495
2024-02-21,4981.7998046875,4.64,4.32,3.34,0.0012634014951035982,4.999999999999982,5.000000000000071,-3.000000000000025,-0.0012634014951035982
2024-02-22,5087.02978515625,4.69,4.33,3.22,0.02090288866640342,5.000000000000071,0.9999999999999787,-11.999999999999966,-0.02090288866640342
2024-02-23,5088.7998046875,4.67,4.26,3.23,0.000347887026502183,-2.000000000000046,-7.000000000000028,0.9999999999999787,-0.000347887026502183
2024-02-26,5069.52978515625,4.69,4.28,3.23,-0.003793939244668484,2.000000000000046,2.000000000000046,0.0,0.003793939244668484
2024-02-27,5078.18017578125,4.7,4.31,3.26,0.001704895538720964,0.9999999999999787,2.999999999999936,2.9999999999999805,-0.001704895538720964
2024-02-28,5069.759765625,4.64,4.27,3.31,-0.001659531321112244,-6.00000000000005,-4.0000000000000036,5.000000000000027,0.001659531321112244
2024-02-29,5096.27001953125,4.64,4.25,3.29,0.0052154704557999644,0.0,-1.9999999999999574,-2.0000000000000018,-0.0052154704557999644
2024-03-01,5137.080078125,4.54,4.19,3.32,0.007975936433387976,-9.999999999999964,-5.999999999999961,2.9999999999999805,-0.007975936433387976
2024-03-04,5130.9501953125,4.61,4.22,3.26,-0.0011939745749630112,7.000000000000028,2.999999999999936,-6.000000000000005,0.0011939745749630112
2024-03-05,5078.64990234375,4.54,4.13,3.31,-0.010245406275917994,-7.000000000000028,-8.999999999999986,5.000000000000027,0.010245406275917994
2024-03-06,5104.759765625,4.55,4.11,3.27,0.005127932853001643,0.9999999999999787,-1.9999999999999574,-4.0000000000000036,-0.005127932853001643
2024-03-07,5157.35986328125,4.5,4.09,3.27,0.010251402284983627,-4.999999999999982,-2.000000000000046,0.0,-0.010251402284983627
2024-03-08,5123.68994140625,4.48,4.09,3.26,-0.006549922992050337,-1.9999999999999574,0.0,-1.000000000000023,0.006549922992050337
2024-03-11,5117.93994140625,4.51,4.1,3.26,-0.0011228682680281005,2.999999999999936,0.9999999999999787,0.0,0.0011228682680281005
2024-03-12,5175.27001953125,4.58,4.16,3.2,0.011139512586668012,7.000000000000028,6.00000000000005,-5.999999999999961,-0.011139512586668012
2024-03-13,5165.31005859375,4.61,4.19,3.15,-0.0019263840021219723,3.000000000000025,3.000000000000025,-5.000000000000027,0.0019263840021219723
2024-03-14,5150.47998046875,4.68,4.29,3.15,-0.002875221051495188,6.99999999999994,9.999999999999964,0.0,0.002875221051495188
2024-03-15,5117.08984375,4.72,4.31,3.16,-0.0065040228597376655,4.0000000000000036,1.9999999999999574,1.000000000000023,0.0065040228597376655
2024-03-18,5149.419921875,4.73,4.34,3.13,0.006298184238480456,1.0000000000000675,3.000000000000025,-3.000000000000025,-0.006298184238480456
2024-03-19,5178.509765625,4.68,4.3,3.1,0.00563325304434312,-5.000000000000071,-4.0000000000000036,-2.9999999999999805,-0.00563325304434312
2024-03-20,5224.6201171875,4.59,4.27,3.14,0.008864765516360184,-8.999999999999986,-3.000000000000025,4.0000000000000036,-0.008864765516360184
2024-03-21,5241.52978515625,4.62,4.27,3.05,0.003231309094528888,3.000000000000025,0.0,-9.00000000000003,-0.003231309094528888
2024-03-22,5234.18017578125,4.59,4.22,3.08,-0.0014031718343267125,-3.000000000000025,-4.999999999999982,3.000000000000025,0.0014031718343267125
2024-03-25,5218.18994140625,4.54,4.25,3.11,-0.0030596403820319297,-4.999999999999982,3.000000000000025,2.9999999999999805,0.0030596403820319297
2024-03-26,5203.580078125,4.56,4.24,3.15,-0.002803721982805726,1.9999999999999574,-0.9999999999999787,4.0000000000000036,0.002803721982805726
2024-03-27,5248.490234375,4.54,4.2,3.15,0.008593595582706042,-1.9999999999999574,-4.0000000000000036,0.0,-0.008593595582706042
2024-03-28,5254.35009765625,4.59,4.2,3.12,0.0011158627007616052,4.999999999999982,0.0,-2.9999999999999805,-0.0011158627007616052
2024-04-01,5243.77001953125,4.72,4.33,3.12,-0.0020156145269577246,12.99999999999999,12.99999999999999,0.0,0.0020156145269577246
2024-04-02,5205.81005859375,4.7,4.36,3.23,-0.007265388203672426,-1.9999999999999574,3.000000000000025,10.999999999999988,0.007265388203672426
2024-04-03,5211.490234375,4.68,4.36,3.23,0.001090527523337898,-2.000000000000046,0.0,0.0,-0.001090527523337898
2024-04-04,5147.2099609375,4.65,4.31,3.24,-0.01241103561926225,-2.999999999999936,-5.000000000000071,1.000000000000023,0.01241103561926225
2024-04-05,5204.33984375,4.73,4.39,3.18,0.011038050135699558,8.000000000000007,8.000000000000007,-6.000000000000005,-0.011038050135699558
2024-04-08,5202.39013671875,4.78,4.42,3.15,-0.0003747011900415767,4.999999999999982,3.000000000000025,-3.000000000000025,0.0003747011900415767
2024-04-09,5209.91015625,4.74,4.36,3.14,0.0014444494736345207,-4.0000000000000036,-5.999999999999961,-0.9999999999999787,-0.0014444494736345207
2024-04-10,5160.64013671875,4.97,4.55,3.1,-0.009501981832212592,22.999999999999954,18.99999999999995,-4.0000000000000036,0.009501981832212592
2024-04-11,5199.06005859375,4.93,4.56,3.16,0.007417221983342437,-4.0000000000000036,0.9999999999999787,6.000000000000005,-0.007417221983342437
2024-04-12,5123.41015625,4.88,4.5,3.25,-0.014657587802248536,-4.999999999999982,-5.999999999999961,8.999999999999986,0.014657587802248536
2024-04-15,5061.81982421875,4.93,4.63,3.28,-0.012094195787459195,4.999999999999982,12.99999999999999,2.9999999999999805,0.012094195787459195
2024-04-16,5051.41015625,4.97,4.67,3.36,-0.0020586245275039964,4.0000000000000036,4.0000000000000036,8.000000000000007,0.0020586245275039964
2024-04-17,5022.2099609375,4.93,4.59,3.42,-0.005797375076004185,-4.0000000000000036,-8.000000000000007,6.000000000000005,0.005797375076004185
2024-04-18,5011.1201171875,4.98,4.64,3.39,-0.0022106017004853043,5.000000000000071,4.999999999999982,-2.9999999999999805,0.0022106017004853043
2024-04-19,4967.22998046875,4.97,4.62,3.37,-0.008797129654056974,-1.0000000000000675,-1.9999999999999574,-2.0000000000000018,0.008797129654056974
2024-04-22,5010.60009765625,4.97,4.62,3.29,0.00869335115683908,0.0,0.0,-8.000000000000007,-0.00869335115683908
2024-04-23,5070.5498046875,4.86,4.61,3.2,0.01189356656772209,-10.999999999999943,-0.9999999999999787,-8.999999999999986,-0.01189356656772209
2024-04-24,5071.6298828125,4.89,4.65,3.19,0.00021298737793290078,2.999999999999936,4.0000000000000036,-1.000000000000023,-0.00021298737793290078
2024-04-25,5048.419921875,4.96,4.7,3.24,-0.0045869342701194095,7.000000000000028,4.999999999999982,5.000000000000027,0.0045869342701194095
2024-04-26,5099.9599609375,4.96,4.67,3.16,0.010157381332325343,0.0,-3.000000000000025,-8.000000000000007,-0.010157381332325343
2024-04-29,5116.169921875,4.97,4.63,3.12,0.0031734080766393944,0.9999999999999787,-4.0000000000000036,-4.0000000000000036,-0.0031734080766393944
2024-04-30,5035.68994140625,5.04,4.69,3.18,-0.015855551118928123,7.000000000000028,6.00000000000005,6.000000000000005,0.015855551118928123
2024-05-01,5018.39013671875,4.96,4.63,3.21,-0.0034413534856316866,-8.000000000000007,-6.00000000000005,2.9999999999999805,0.0034413534856316866
2024-05-02,5064.2001953125,4.87,4.58,3.16,0.009087024725084856,-8.999999999999986,-4.999999999999982,-4.999999999999982,-0.009087024725084856
2024-05-03,5127.7900390625,4.81,4.5,3.08,0.012478557659508005,-6.00000000000005,-8.000000000000007,-8.000000000000007,-0.012478557659508005
2024-05-06,5180.740234375,4.82,4.49,3.03,0.010273173691247842,1.0000000000000675,-0.9999999999999787,-5.000000000000027,-0.010273173691247842
2024-05-07,5187.7001953125,4.82,4.47,3.06,0.0013425282288256131,0.0,-2.000000000000046,3.000000000000025,-0.0013425282288256131
2024-05-08,5187.669921875,4.84,4.48,3.1,-5.835635193424912e-06,1.9999999999999574,1.0000000000000675,4.0000000000000036,5.835635193424912e-06
2024-05-09,5214.080078125,4.8,4.45,3.14,0.005078032639106711,-4.0000000000000036,-3.000000000000025,4.0000000000000036,-0.005078032639106711
2024-05-10,5222.68017578125,4.87,4.5,3.12,0.001648040080166728,7.000000000000028,4.999999999999982,-2.0000000000000018,-0.001648040080166728
2024-05-13,5221.419921875,4.85,4.48,3.14,-0.00024133317386520824,-2.000000000000046,-1.9999999999999574,2.0000000000000018,0.00024133317386520824
2024-05-14,5246.68017578125,4.81,4.45,3.14,0.004826148527454041,-4.0000000000000036,-3.000000000000025,0.0,-0.004826148527454041
2024-05-15,5308.14990234375,4.73,4.36,3.13,0.01164782778729962,-7.999999999999918,-8.999999999999986,-1.000000000000023,-0.01164782778729962
2024-05-16,5297.10009765625,4.78,4.38,3.08,-0.0020838374740880464,4.999999999999982,1.9999999999999574,-4.999999999999982,0.0020838374740880464
2024-05-17,5303.27001953125,4.83,4.42,3.09,0.0011640956878937513,4.999999999999982,4.0000000000000036,0.9999999999999787,-0.0011640956878937513
2024-05-20,5308.1298828125,4.82,4.44,3.07,0.0009159703084911664,-0.9999999999999787,2.000000000000046,-2.0000000000000018,-0.0009159703084911664
2024-05-21,5321.41015625,4.82,4.41,3.07,0.0024987497668926086,0.0,-3.000000000000025,0.0,-0.0024987497668926086
2024-05-22,5307.009765625,4.86,4.43,3.11,-0.0027097912093521476,4.0000000000000036,1.9999999999999574,4.0000000000000036,0.0027097912093521476
2024-05-23,5267.83984375,4.91,4.47,3.1,-0.007408162283471933,4.999999999999982,4.0000000000000036,-0.9999999999999787,0.007408162283471933
2024-05-24,5304.72021484375,4.93,4.46,3.11,0.0069766490766732595,1.9999999999999574,-0.9999999999999787,0.9999999999999787,-0.0069766490766732595
2024-05-28,5306.0400390625,4.94,4.54,3.09,0.00024877090688591537,1.0000000000000675,8.000000000000007,-2.0000000000000018,-0.00024877090688591537
2024-05-29,5266.9501953125,4.96,4.61,3.15,-0.007394317215742535,1.9999999999999574,7.000000000000028,6.000000000000005,0.007394317215742535
2024-05-30,5235.47998046875,4.92,4.55,3.19,-0.005992957535754186,-4.0000000000000036,-6.00000000000005,4.0000000000000036,0.005992957535754186
2024-05-31,5277.509765625,4.89,4.51,3.2,0.007995824231928897,-3.000000000000025,-4.0000000000000036,1.000000000000023,-0.007995824231928897
2024-06-03,5283.39990234375,4.82,4.41,3.17,0.0011154602235352391,-6.99999999999994,-9.999999999999964,-3.000000000000025,-0.0011154602235352391
2024-06-04,5291.33984375,4.77,4.33,3.22,0.0015016810037827531,-5.000000000000071,-8.000000000000007,5.000000000000027,-0.0015016810037827531
2024-06-05,5354.02978515625,4.72,4.29,3.2,0.011778015849957281,-4.999999999999982,-4.0000000000000036,-2.0000000000000018,-0.011778015849957281
2024-06-06,5352.9599609375,4.72,4.28,3.2,-0.00019983660163685183,0.0,-0.9999999999999787,0.0,0.00019983660163685183
2024-06-07,5346.990234375,4.87,4.43,3.15,-0.0011158420502790662,15.000000000000036,14.999999999999947,-5.000000000000027,0.0011158420502790662
2024-06-10,5360.7900390625,4.87,4.47,3.15,0.002577529978240972,0.0,4.0000000000000036,0.0,-0.002577529978240972
2024-06-11,5375.31982421875,4.81,4.39,3.19,0.0027067148552095224,-6.00000000000005,-8.000000000000007,4.0000000000000036,-0.0027067148552095224
2024-06-12,5421.02978515625,4.75,4.31,3.09,0.008467720241887338,-5.999999999999961,-8.000000000000007,-10.000000000000009,-0.008467720241887338
2024-06-13,5433.740234375,4.68,4.24,3.2,0.00234191143711672,-7.000000000000028,-6.99999999999994,11.000000000000032,-0.00234191143711672
2024-06-14,5431.60009765625,4.67,4.2,3.29,-0.00039393828099749413,-0.9999999999999787,-4.0000000000000036,8.999999999999986,0.00039393828099749413
2024-06-17,5473.22998046875,4.75,4.28,3.26,0.007635164372320518,8.000000000000007,8.000000000000007,-3.000000000000025,-0.007635164372320518
2024-06-18,5487.02978515625,4.69,4.22,3.24,0.0025181541815171163,-5.999999999999961,-6.00000000000005,-1.9999999999999574,-0.0025181541815171163
2024-06-20,5473.169921875,4.7,4.25,3.23,-0.0025291273954115403,0.9999999999999787,3.000000000000025,-1.000000000000023,0.0025291273954115403
2024-06-21,5464.6201171875,4.7,4.25,3.21,-0.0015633517188252497,0.0,0.0,-2.0000000000000018,0.0015633517188252497
2024-06-24,5447.8701171875,4.71,4.25,3.19,-0.0030698791558664423,0.9999999999999787,0.0,-2.0000000000000018,0.0030698791558664423
2024-06-25,5469.2998046875,4.65,4.23,3.19,0.003925873679181344,-5.999999999999961,-1.9999999999999574,0.0,-0.003925873679181344
2024-06-26,5477.89990234375,4.71,4.32,3.18,0.0015711962247204525,5.999999999999961,8.999999999999986,-0.9999999999999787,-0.0015711962247204525
2024-06-27,5482.8701171875,4.7,4.29,3.21,0.0009069098567990731,-0.9999999999999787,-3.000000000000025,2.9999999999999805,-0.0009069098567990731
2024-06-28,5460.47998046875,4.71,4.36,3.18,-0.0040920134623695995,0.9999999999999787,7.000000000000028,-2.9999999999999805,0.0040920134623695995
2024-07-01,5475.08984375,4.77,4.48,3.21,0.0026719909814295235,5.999999999999961,12.00000000000001,2.9999999999999805,-0.0026719909814295235
2024-07-02,5509.009765625,4.74,4.43,3.23,0.0061762057711850496,-2.999999999999936,-5.000000000000071,2.0000000000000018,-0.0061762057711850496
2024-07-03,5537.02001953125,4.71,4.36,3.25,0.0050715622695336636,-3.000000000000025,-6.99999999999994,2.0000000000000018,-0.0050715622695336636
2024-07-05,5567.18994140625,4.6,4.28,3.27,0.00543397436096954,-11.000000000000032,-8.000000000000007,2.0000000000000018,-0.00543397436096954
2024-07-08,5572.85009765625,4.62,4.28,3.2,0.0010161824764044329,2.000000000000046,0.0,-6.999999999999984,-0.0010161824764044329
2024-07-09,5576.97998046875,4.62,4.3,3.21,0.0007407974780654752,0.0,1.9999999999999574,0.9999999999999787,-0.0007407974780654752
2024-07-10,5633.91015625,4.62,4.28,3.17,0.010156314878105886,0.0,-1.9999999999999574,-4.0000000000000036,-0.010156314878105886
2024-07-11,5584.5400390625,4.5,4.2,3.18,-0.008801649969266724,-12.00000000000001,-8.000000000000007,1.000000000000023,0.008801649969266724
2024-07-12,5615.35009765625,4.45,4.18,3.19,0.00550186402496512,-4.999999999999982,-2.000000000000046,0.9999999999999787,-0.00550186402496512
2024-07-15,5631.22021484375,4.44,4.23,3.13,0.0028222164233526843,-0.9999999999999787,5.000000000000071,-6.000000000000005,-0.0028222164233526843
2024-07-16,5667.2001953125,4.43,4.17,3.08,0.0063690499714532745,-1.0000000000000675,-6.00000000000005,-4.999999999999982,-0.0063690499714532745
2024-07-17,5588.27001953125,4.42,4.16,3.09,-0.014025441523645543,-0.9999999999999787,-0.9999999999999787,0.9999999999999787,0.014025441523645543
2024-07-18,5544.58984375,4.46,4.2,3.09,-0.007847112145350072,4.0000000000000036,4.0000000000000036,0.0,0.007847112145350072
2024-07-19,5505.0,4.49,4.25,3.09,-0.007165879226406085,3.000000000000025,4.999999999999982,0.0,0.007165879226406085
2024-07-22,5564.41015625,4.5,4.26,3.05,0.010734217246220293,0.9999999999999787,0.9999999999999787,-4.0000000000000036,-0.010734217246220293
2024-07-23,5555.740234375,4.4,4.25,3.02,-0.0015593176939461904,-9.999999999999964,-0.9999999999999787,-2.9999999999999805,0.0015593176939461904
2024-07-24,5427.1298828125,4.37,4.28,3.1,-0.02342124222289286,-3.000000000000025,3.000000000000025,8.000000000000007,0.02342124222289286
2024-07-25,5399.22021484375,4.41,4.27,3.08,-0.005155889019717259,4.0000000000000036,-1.0000000000000675,-2.0000000000000018,0.005155889019717259
2024-07-26,5459.10009765625,4.36,4.2,3.1,0.011029420409570924,-4.999999999999982,-6.99999999999994,2.0000000000000018,-0.011029420409570924
2024-07-29,5463.5400390625,4.36,4.17,3.13,0.0008129795718284517,0.0,-3.000000000000025,2.9999999999999805,-0.0008129795718284517
2024-07-30,5436.43994140625,4.35,4.15,3.2,-0.0049725143613676215,-1.0000000000000675,-1.9999999999999574,7.000000000000028,0.0049725143613676215
2024-07-31,5522.2998046875,4.29,4.09,3.25,0.015669980701917767,-5.999999999999961,-6.00000000000005,4.999999999999982,-0.015669980701917767
2024-08-01,5446.68017578125,4.16,3.99,3.35,-0.013788123791990166,-12.99999999999999,-9.999999999999964,10.000000000000009,0.013788123791990166
2024-08-02,5346.56005859375,3.88,3.8,3.72,-0.01855290660855327,-28.000000000000025,-19.00000000000004,37.000000000000014,0.01855290660855327
2024-08-05,5186.330078125,3.89,3.78,3.93,-0.0304270413923931,1.000000000000023,-2.0000000000000018,20.999999999999996,0.0304270413923931
2024-08-06,5240.02978515625,3.99,3.9,3.67,0.010300849493599515,10.000000000000009,12.00000000000001,-26.00000000000002,-0.010300849493599515
2024-08-07,5199.5,4.0,3.96,3.57,-0.007764715388769489,0.9999999999999787,6.000000000000005,-10.000000000000009,0.007764715388769489
2024-08-08,5319.31005859375,4.04,3.99,3.48,0.02278113959089888,4.0000000000000036,3.000000000000025,-8.999999999999986,-0.02278113959089888
2024-08-09,5344.16015625,4.05,3.94,3.49,0.004660798434381699,0.9999999999999787,-5.000000000000027,1.000000000000023,-0.004660798434381699
2024-08-12,5344.39013671875,4.01,3.9,3.52,4.30330517200971e-05,-4.0000000000000036,-4.0000000000000036,2.9999999999999805,-4.30330517200971e-05
2024-08-13,5434.43017578125,3.93,3.85,3.54,0.016707233419049988,-7.999999999999963,-4.999999999999982,2.0000000000000018,-0.016707233419049988
2024-08-14,5455.2099609375,3.94,3.83,3.46,0.00381643656119841,0.9999999999999787,-2.0000000000000018,-8.000000000000007,-0.00381643656119841
2024-08-15,5543.22021484375,4.08,3.92,3.31,0.01600448993130413,14.000000000000012,8.999999999999986,-14.999999999999991,-0.01600448993130413
2024-08-16,5554.25,4.06,3.89,3.29,0.0019878023683961516,-2.000000000000046,-2.9999999999999805,-2.0000000000000018,-0.0019878023683961516
2024-08-19,5608.25,4.06,3.86,3.21,0.009675327436177775,0.0,-3.000000000000025,-8.000000000000007,-0.009675327436177775
2024-08-20,5597.1201171875,3.99,3.82,3.25,-0.001986527237609709,-6.99999999999994,-4.0000000000000036,4.0000000000000036,0.001986527237609709
2024-08-21,5620.85009765625,3.92,3.79,3.27,0.004230714721006796,-7.000000000000028,-2.9999999999999805,2.0000000000000018,-0.004230714721006796
2024-08-22,5570.64013671875,3.99,3.86,3.21,-0.00897294225665722,7.000000000000028,6.999999999999984,-6.000000000000005,0.00897294225665722
2024-08-23,5634.60986328125,3.9,3.81,3.19,0.01141793740166443,-9.00000000000003,-4.999999999999982,-2.0000000000000018,-0.01141793740166443
2024-08-26,5616.83984375,3.91,3.82,3.15,-0.0031587101696058145,1.000000000000023,0.9999999999999787,-4.0000000000000036,0.0031587101696058145
2024-08-27,5625.7998046875,3.83,3.83,3.17,0.0015939251127232035,-8.000000000000007,1.000000000000023,2.0000000000000018,-0.0015939251127232035
2024-08-28,5592.18017578125,3.83,3.84,3.19,-0.005993900794735212,0.0,0.9999999999999787,2.0000000000000018,0.005993900794735212
2024-08-29,5591.9599609375,3.87,3.87,3.15,-3.937984343658622e-05,4.0000000000000036,3.000000000000025,-4.0000000000000036,3.937984343658622e-05
2024-08-30,5648.39990234375,3.91,3.91,3.13,0.010042457079144168,4.0000000000000036,4.0000000000000036,-2.0000000000000018,-0.010042457079144168
2024-09-03,5528.93017578125,3.88,3.84,3.31,-0.021377963372397696,-3.000000000000025,-7.000000000000028,18.000000000000014,0.021377963372397696
2024-09-04,5520.06982421875,3.76,3.77,3.35,-0.0016038290273809634,-12.00000000000001,-6.999999999999984,4.0000000000000036,0.0016038290273809634
2024-09-05,5503.41015625,3.75,3.73,3.29,-0.003022581014674196,-0.9999999999999787,-4.0000000000000036,-6.000000000000005,0.003022581014674196
2024-09-06,5408.419921875,3.66,3.72,3.39,-0.017410944507424406,-8.999999999999986,-0.9999999999999787,10.000000000000009,0.017410944507424406
2024-09-09,5471.0498046875,3.68,3.7,3.36,0.011513534435818254,2.0000000000000018,-2.0000000000000018,-3.000000000000025,-0.011513534435818254
2024-09-10,5495.52001953125,3.59,3.65,3.46,0.004462699977793541,-9.00000000000003,-5.000000000000027,10.000000000000009,-0.004462699977793541
2024-09-11,5554.1298828125,3.62,3.65,3.44,0.01060855564984334,3.000000000000025,0.0,-2.0000000000000018,-0.01060855564984334
2024-09-12,5595.759765625,3.64,3.68,3.39,0.00746735215680267,2.0000000000000018,3.000000000000025,-4.999999999999982,-0.00746735215680267
2024-09-13,5626.02001953125,3.57,3.66,3.37,0.0053931422343560355,-7.000000000000028,-2.0000000000000018,-2.0000000000000018,-0.0053931422343560355
2024-09-16,5633.08984375,3.56,3.63,3.32,0.0012558408673102855,-0.9999999999999787,-3.000000000000025,-5.000000000000027,-0.0012558408673102855
2024-09-17,5634.580078125,3.59,3.65,3.25,0.00026451509389645083,2.9999999999999805,2.0000000000000018,-6.999999999999984,-0.00026451509389645083
2024-09-18,5618.259765625,3.61,3.7,3.21,-0.0029006587083132912,2.0000000000000018,5.000000000000027,-4.0000000000000036,0.0029006587083132912
2024-09-19,5713.64013671875,3.59,3.73,3.1,0.016834356892725128,-2.0000000000000018,2.9999999999999805,-10.999999999999988,-0.016834356892725128
2024-09-20,5702.5498046875,3.55,3.73,3.15,-0.0019429136300157343,-4.0000000000000036,0.0,4.999999999999982,0.0019429136300157343
2024-09-23,5718.56982421875,3.57,3.75,3.15,0.0028053344257131223,2.0000000000000018,2.0000000000000018,0.0,-0.0028053344257131223
2024-09-24,5732.93017578125,3.49,3.74,3.21,0.002508031103345345,-7.999999999999963,-0.9999999999999787,6.000000000000005,-0.002508031103345345
2024-09-25,5722.259765625,3.53,3.79,3.19,-0.001862983206212128,3.999999999999959,4.999999999999982,-2.0000000000000018,0.001862983206212128
2024-09-26,5745.3701171875,3.6,3.79,3.14,0.004030542158199222,7.000000000000028,0.0,-4.999999999999982,-0.004030542158199222
2024-09-27,5738.169921875,3.55,3.75,3.14,-0.0012540029000721238,-5.000000000000027,-4.0000000000000036,0.0,0.0012540029000721238
2024-09-30,5762.47998046875,3.66,3.81,3.03,0.004227603658441509,11.000000000000032,6.000000000000005,-11.000000000000032,-0.004227603658441509
2024-10-01,5708.75,3.61,3.74,3.07,-0.009367848694454447,-5.000000000000027,-6.999999999999984,4.0000000000000036,0.009367848694454447
2024-10-02,5709.5400390625,3.63,3.79,3.06,0.00013838132698647728,2.0000000000000018,4.999999999999982,-0.9999999999999787,-0.00013838132698647728
2024-10-03,5699.93994140625,3.7,3.85,3.04,-0.0016828286544586894,7.000000000000028,6.000000000000005,-2.0000000000000018,0.0016828286544586894
2024-10-04,5751.06982421875,3.93,3.98,2.89,0.008930255699186382,23.0,12.99999999999999,-14.999999999999991,-0.008930255699186382
2024-10-07,5695.93994140625,3.99,4.03,2.95,-0.009632263829388773,6.000000000000005,5.000000000000027,6.000000000000005,0.009632263829388773
2024-10-08,5751.1298828125,3.98,4.04,2.99,0.009642706804694385,-1.000000000000023,0.9999999999999787,4.0000000000000036,-0.009642706804694385
2024-10-09,5792.0400390625,3.99,4.06,2.94,0.007088231016994585,1.000000000000023,1.9999999999999574,-5.000000000000027,-0.007088231016994585
2024-10-10,5780.0498046875,3.98,4.09,2.99,-0.0020722685059824846,-1.000000000000023,3.000000000000025,5.000000000000027,0.0020722685059824846
2024-10-11,5815.02978515625,3.95,4.08,2.98,0.00603360870729872,-2.9999999999999805,-0.9999999999999787,-1.000000000000023,-0.00603360870729872
2024-10-14,5859.85009765625,3.95,4.08,2.97,0.007678114574594323,0.0,0.0,-0.9999999999999787,-0.007678114574594323
2024-10-15,5815.259765625,3.95,4.03,2.93,-0.0076385660375134215,0.0,-4.999999999999982,-4.0000000000000036,0.0076385660375134215
2024-10-16,5842.47021484375,3.93,4.02,2.9,0.004668232782779766,-2.0000000000000018,-1.0000000000000675,-3.000000000000025,-0.004668232782779766
2024-10-17,5841.47021484375,3.96,4.09,2.89,-0.00017117512853816633,2.9999999999999805,7.000000000000028,-0.9999999999999787,0.00017117512853816633
2024-10-18,5864.669921875,3.95,4.08,2.88,0.003963686942774387,-0.9999999999999787,-0.9999999999999787,-1.000000000000023,-0.003963686942774387
2024-10-21,5853.97998046875,4.02,4.19,2.88,-0.001824432756419033,6.99999999999994,11.000000000000032,0.0,0.001824432756419033
2024-10-22,5851.2001953125,4.03,4.2,2.92,-0.0004749666671957937,1.0000000000000675,0.9999999999999787,4.0000000000000036,0.0004749666671957937
2024-10-23,5797.419921875,4.07,4.24,2.95,-0.009233824267679564,4.0000000000000036,4.0000000000000036,3.000000000000025,0.009233824267679564
2024-10-24,5809.85986328125,4.07,4.21,2.93,0.0021434731305568283,0.0,-3.000000000000025,-2.0000000000000018,-0.0021434731305568283
2024-10-25,5808.1201171875,4.11,4.25,2.89,-0.00029949201318627087,4.0000000000000036,4.0000000000000036,-4.0000000000000036,0.00029949201318627087
2024-10-28,5823.52001953125,4.12,4.28,2.82,0.002647934626732945,0.9999999999999787,3.000000000000025,-7.000000000000028,-0.002647934626732945
2024-10-29,5832.919921875,4.11,4.28,2.85,0.0016128259449012198,-0.9999999999999787,0.0,3.000000000000025,-0.0016128259449012198
2024-10-30,5813.669921875,4.15,4.29,2.8,-0.0033056916724881185,4.0000000000000036,0.9999999999999787,-5.000000000000027,0.0033056916724881185
2024-10-31,5705.4501953125,4.16,4.28,2.88,-0.018790134928745348,0.9999999999999787,-0.9999999999999787,8.000000000000007,0.018790134928745348
2024-11-01,5728.7998046875,4.21,4.37,2.83,0.004084158004525459,4.999999999999982,8.999999999999986,-4.999999999999982,-0.004084158004525459
2024-11-04,5712.68994140625,4.17,4.31,2.87,-0.0028160448131902913,-4.0000000000000036,-6.00000000000005,4.0000000000000036,0.0028160448131902913
2024-11-05,5782.759765625,4.19,4.26,2.86,0.012191031029563081,2.000000000000046,-4.999999999999982,-1.000000000000023,-0.012191031029563081
2024-11-06,5929.0400390625,4.27,4.42,2.74,0.024981280957186654,7.999999999999918,16.000000000000014,-11.999999999999966,-0.024981280957186654
2024-11-07,5973.10009765625,4.21,4.31,2.73,0.007403754173995657,-5.999999999999961,-11.000000000000032,-1.000000000000023,-0.007403754173995657
2024-11-08,5995.5400390625,4.26,4.3,2.63,0.0037497940357180464,4.999999999999982,-0.9999999999999787,-10.000000000000009,-0.0037497940357180464
2024-11-11,6001.35009765625,4.26,4.3,2.63,0.0009685941909569238,0.0,0.0,0.0,-0.0009685941909569238
2024-11-12,5983.990234375,4.34,4.43,2.61,-0.0028968514769364996,8.000000000000007,12.99999999999999,-2.0000000000000018,0.0028968514769364996
2024-11-13,5985.3798828125,4.27,4.44,2.64,0.00023220076414018386,-7.000000000000028,1.0000000000000675,3.000000000000025,-0.00023220076414018386
2024-11-14,5949.169921875,4.34,4.43,2.6,-0.006068108582244,7.000000000000028,-1.0000000000000675,-4.0000000000000036,0.006068108582244
2024-11-15,5870.6201171875,4.31,4.43,2.72,-0.013291430866793769,-3.000000000000025,0.0,12.00000000000001,0.013291430866793769
2024-11-18,5893.6201171875,4.29,4.42,2.72,0.003910159746206537,-1.9999999999999574,-0.9999999999999787,0.0,-0.003910159746206537
2024-11-19,5916.97998046875,4.27,4.39,2.69,0.003955750520596487,-2.000000000000046,-3.000000000000025,-3.000000000000025,-0.003955750520596487
2024-11-20,5917.10986328125,4.31,4.41,2.67,2.19506213354446e-05,4.0000000000000036,2.000000000000046,-2.0000000000000018,-2.19506213354446e-05
2024-11-21,5948.7099609375,4.34,4.43,2.61,0.005326251844288491,3.000000000000025,1.9999999999999574,-6.000000000000005,-0.005326251844288491
2024-11-22,5969.33984375,4.37,4.41,2.61,0.0034619595915364653,3.000000000000025,-1.9999999999999574,0.0,-0.0034619595915364653
2024-11-25,5987.3701171875,4.21,4.27,2.64,0.0030159278201245415,-16.000000000000014,-14.000000000000057,3.000000000000025,-0.0030159278201245415
2024-11-26,6021.6298828125,4.21,4.3,2.68,0.005705697155263866,0.0,3.000000000000025,4.0000000000000036,-0.005705697155263866
2024-11-27,5998.740234375,4.19,4.25,2.69,-0.003808481083577712,-1.9999999999999574,-4.999999999999982,0.9999999999999787,0.003808481083577712
2024-11-29,6032.3798828125,4.13,4.18,2.72,0.005592120396801623,-6.00000000000005,-7.000000000000028,3.000000000000025,-0.005592120396801623
2024-12-02,6047.14990234375,4.17,4.19,2.68,0.0024454638805813736,4.0000000000000036,1.0000000000000675,-4.0000000000000036,-0.0024454638805813736
2024-12-03,6049.8798828125,4.17,4.23,2.66,0.0004513472420221813,0.0,4.0000000000000036,-2.0000000000000018,-0.0004513472420221813
2024-12-04,6086.490234375,4.13,4.19,2.66,0.00603318162813612,-4.0000000000000036,-4.0000000000000036,0.0,-0.00603318162813612
2024-12-05,6075.10986328125,4.15,4.17,2.66,-0.0018715258393823342,2.000000000000046,-2.000000000000046,0.0,0.0018715258393823342
2024-12-06,6090.27001953125,4.1,4.15,2.67,0.0024923453675383123,-5.000000000000071,-1.9999999999999574,0.9999999999999787,-0.0024923453675383123
2024-12-09,6052.85009765625,4.13,4.2,2.67,-0.006163167285227462,3.000000000000025,4.999999999999982,0.0,0.006163167285227462
2024-12-10,6034.91015625,4.15,4.22,2.67,-0.002968284314279252,2.000000000000046,1.9999999999999574,0.0,0.002968284314279252
2024-12-11,6084.18994140625,4.15,4.26,2.64,0.008132626411368235,0.0,4.0000000000000036,-2.9999999999999805,-0.008132626411368235
2024-12-12,6051.25,4.18,4.32,2.66,-0.005428731461463251,2.999999999999936,6.00000000000005,2.0000000000000018,0.005428731461463251
2024-12-13,6051.08984375,4.25,4.4,2.68,-2.646698937187397e-05,7.000000000000028,8.000000000000007,2.0000000000000018,2.646698937187397e-05
2024-12-16,6074.080078125,4.25,4.39,2.69,0.0037921550087844295,0.0,-1.0000000000000675,0.9999999999999787,-0.0037921550087844295
2024-12-17,6050.60986328125,4.25,4.4,2.75,-0.0038714794806554956,0.0,1.0000000000000675,6.000000000000005,0.0038714794806554956
2024-12-18,5872.16015625,4.35,4.5,2.73,-0.02993650530451818,9.999999999999964,9.999999999999964,-2.0000000000000018,0.02993650530451818
2024-12-19,5867.080078125,4.32,4.57,2.91,-0.0008654867505367934,-2.999999999999936,7.000000000000028,18.000000000000014,0.0008654867505367934
2024-12-20,5930.85009765625,4.3,4.52,2.86,0.010810479402397299,-2.000000000000046,-5.000000000000071,-5.000000000000027,-0.010810479402397299
2024-12-23,5974.06982421875,4.3,4.59,2.85,0.007260849585616372,0.0,7.000000000000028,-0.9999999999999787,-0.007260849585616372
2024-12-24,6040.0400390625,4.29,4.59,2.86,0.010982233165126825,-0.9999999999999787,0.0,0.9999999999999787,-0.010982233165126825
2024-12-26,6037.58984375,4.3,4.58,2.86,-0.0004057410882578191,0.9999999999999787,-0.9999999999999787,0.0,0.0004057410882578191
2024-12-27,5970.83984375,4.31,4.62,2.84,-0.01111730496491221,0.9999999999999787,4.0000000000000036,-2.0000000000000018,0.01111730496491221
2024-12-30,5906.93994140625,4.24,4.55,2.94,-0.010759673941729728,-6.99999999999994,-7.000000000000028,10.000000000000009,0.010759673941729728
2024-12-31,5881.6298828125,4.25,4.58,2.92,-0.0042940064589823065,0.9999999999999787,3.000000000000025,-2.0000000000000018,0.0042940064589823065
2025-01-02,5868.5498046875,4.25,4.57,2.88,-0.002226363149448992,0.0,-0.9999999999999787,-4.0000000000000036,0.002226363149448992
2025-01-03,5942.47021484375,4.28,4.6,2.81,0.01251735670782609,3.000000000000025,2.999999999999936,-6.999999999999984,-0.01251735670782609
2025-01-06,5975.3798828125,4.28,4.62,2.76,0.005522766496818171,0.0,2.000000000000046,-5.000000000000027,-0.005522766496818171
2025-01-07,5909.02978515625,4.3,4.67,2.79,-0.011166021516637011,1.9999999999999574,4.999999999999982,3.000000000000025,0.011166021516637011
2025-01-08,5918.25,4.28,4.67,2.84,0.0015591440938312422,-1.9999999999999574,0.0,4.999999999999982,-0.0015591440938312422
2025-01-10,5827.0400390625,4.4,4.77,2.81,-0.015531637650233373,12.00000000000001,9.999999999999964,-2.9999999999999805,0.015531637650233373
2025-01-13,5836.22021484375,4.4,4.79,2.85,0.0015742043780551176,0.0,2.000000000000046,4.0000000000000036,-0.0015742043780551176
2025-01-14,5842.91015625,4.37,4.78,2.8,0.001145623334164268,-3.000000000000025,-0.9999999999999787,-5.000000000000027,-0.001145623334164268
2025-01-15,5949.91015625,4.27,4.66,2.72,0.018147132504516373,-10.000000000000053,-12.00000000000001,-7.999999999999963,-0.018147132504516373
2025-01-16,5937.33984375,4.23,4.61,2.73,-0.0021149243408667613,-3.9999999999999147,-4.999999999999982,0.9999999999999787,0.0021149243408667613
2025-01-17,5996.66015625,4.27,4.61,2.64,0.009941478308394033,3.9999999999999147,0.0,-8.999999999999986,-0.009941478308394033
2025-01-21,6049.240234375,4.29,4.57,2.61,0.00873000944059605,2.000000000000046,-4.0000000000000036,-3.000000000000025,-0.00873000944059605
2025-01-22,6086.3701171875,4.29,4.6,2.59,0.006119181086994129,0.0,2.999999999999936,-2.0000000000000018,-0.006119181086994129
2025-01-23,6118.7099609375,4.29,4.65,2.61,0.005299419459529372,0.0,5.000000000000071,2.0000000000000018,-0.005299419459529372
2025-01-24,6101.240234375,4.27,4.63,2.6,-0.002859215984467759,-2.000000000000046,-2.000000000000046,-0.9999999999999787,0.002859215984467759
2025-01-27,6012.27978515625,4.17,4.53,2.66,-0.014688059032112328,-9.999999999999964,-9.999999999999964,6.000000000000005,0.014688059032112328
2025-01-28,6067.7001953125,4.19,4.55,2.66,0.009175644177716802,2.000000000000046,1.9999999999999574,0.0,-0.009175644177716802
2025-01-29,6039.31005859375,4.21,4.55,2.68,-0.004689876056919602,1.9999999999999574,0.0,2.0000000000000018,0.004689876056919602
2025-01-30,6071.169921875,4.18,4.52,2.67,0.005261548152180238,-3.000000000000025,-3.000000000000025,-1.000000000000023,-0.005261548152180238
2025-01-31,6040.52978515625,4.22,4.58,2.68,-0.005059603990267195,4.0000000000000036,6.00000000000005,1.000000000000023,0.005059603990267195
2025-02-03,5994.56982421875,4.26,4.54,2.73,-0.007637690729495203,4.0000000000000036,-4.0000000000000036,4.999999999999982,0.007637690729495203
2025-02-04,6037.8798828125,4.21,4.52,2.71,0.007198907403029114,-4.999999999999982,-2.000000000000046,-2.0000000000000018,-0.007198907403029114
2025-02-05,6061.47998046875,4.17,4.43,2.69,0.003901053915613614,-4.0000000000000036,-8.999999999999986,-2.0000000000000018,-0.003901053915613614
2025-02-06,6083.56982421875,4.21,4.45,2.66,0.003637674355266266,4.0000000000000036,2.000000000000046,-2.9999999999999805,-0.003637674355266266
2025-02-07,6025.990234375,4.29,4.49,2.67,-0.0095098456936602,8.000000000000007,4.0000000000000036,0.9999999999999787,0.0095098456936602
2025-02-10,6066.43994140625,4.28,4.51,2.66,0.006690112295455172,-0.9999999999999787,1.9999999999999574,-0.9999999999999787,-0.006690112295455172
2025-02-11,6068.5,4.29,4.54,2.66,0.00033952514367385523,0.9999999999999787,3.000000000000025,0.0,-0.00033952514367385523
2025-02-12,6051.97021484375,4.36,4.62,2.65,-0.0027275831896475754,7.000000000000028,8.000000000000007,-1.000000000000023,0.0027275831896475754
2025-02-13,6115.06982421875,4.31,4.52,2.65,0.010372313214235747,-5.000000000000071,-10.000000000000053,0.0,-0.010372313214235747
2025-02-14,6114.6298828125,4.26,4.47,2.62,-7.19463955744955e-05,-4.999999999999982,-4.999999999999982,-2.9999999999999805,7.19463955744955e-05
2025-02-18,6129.580078125,4.29,4.55,2.62,0.002442003655551809,3.000000000000025,8.000000000000007,0.0,-0.002442003655551809
2025-02-19,6144.14990234375,4.28,4.53,2.68,0.0023741488668242434,-0.9999999999999787,-1.9999999999999574,6.000000000000005,-0.0023741488668242434
2025-02-20,6117.52001953125,4.28,4.5,2.66,-0.004343604884290259,0.0,-3.000000000000025,-2.0000000000000018,0.004343604884290259
2025-02-21,6013.1298828125,4.19,4.42,2.78,-0.017211396672539132,-8.999999999999986,-8.000000000000007,11.999999999999966,0.017211396672539132
2025-02-24,5983.25,4.13,4.4,2.78,-0.004981493566252351,-6.00000000000005,-1.9999999999999574,0.0,0.004981493566252351
2025-02-25,5955.25,4.07,4.3,2.84,-0.004690715138395557,-5.999999999999961,-10.000000000000053,6.000000000000005,0.004690715138395557
2025-02-26,5956.06005859375,4.05,4.25,2.81,0.00013601502958346571,-2.000000000000046,-4.999999999999982,-2.9999999999999805,-0.00013601502958346571
2025-02-27,5861.56982421875,4.07,4.29,2.81,-0.015991742678524653,2.000000000000046,4.0000000000000036,0.0,0.015991742678524653
2025-02-28,5954.5,3.99,4.24,2.87,0.015729780420663385,-8.000000000000007,-4.999999999999982,6.000000000000005,-0.015729780420663385
2025-03-03,5849.72021484375,3.96,4.16,2.94,-0.017753402648308866,-3.000000000000025,-8.000000000000007,6.999999999999984,0.017753402648308866
2025-03-04,5778.14990234375,3.96,4.22,2.99,-0.012310288231505477,0.0,5.999999999999961,5.000000000000027,0.012310288231505477
2025-03-05,5842.6298828125,3.99,4.28,2.88,0.011097472528735688,3.000000000000025,6.00000000000005,-11.000000000000032,-0.011097472528735688
2025-03-06,5738.52001953125,3.96,4.29,2.99,-0.017979677107455568,-3.000000000000025,0.9999999999999787,11.000000000000032,0.017979677107455568
2025-03-07,5770.2001953125,3.99,4.32,2.97,0.005505435045454467,3.000000000000025,3.000000000000025,-2.0000000000000018,-0.005505435045454467
2025-03-10,5614.56005859375,3.89,4.22,3.16,-0.027343541788428148,-10.000000000000009,-10.000000000000053,18.999999999999993,0.027343541788428148
2025-03-11,5572.06982421875,3.94,4.28,3.22,-0.007596646918536578,4.999999999999982,6.00000000000005,6.000000000000005,0.007596646918536578
2025-03-12,5599.2998046875,4.01,4.32,3.2,0.004874967940490777,6.999999999999984,4.0000000000000036,-2.0000000000000018,-0.004874967940490777
2025-03-13,5521.52001953125,3.94,4.27,3.4,-0.013988366806464148,-6.999999999999984,-5.000000000000071,19.99999999999997,0.013988366806464148
2025-03-14,5638.93994140625,4.02,4.31,3.25,0.02104290595319694,7.999999999999963,4.0000000000000036,-14.999999999999991,-0.02104290595319694
2025-03-17,5675.1201171875,4.06,4.31,3.18,0.0063956349746060355,4.0000000000000036,0.0,-6.999999999999984,-0.0063956349746060355
2025-03-18,5614.66015625,4.04,4.29,3.23,-0.010710667074319702,-1.9999999999999574,-1.9999999999999574,4.999999999999982,0.010710667074319702
2025-03-19,5675.2900390625,3.99,4.25,3.19,0.010740608172953766,-4.999999999999982,-4.0000000000000036,-4.0000000000000036,-0.010740608172953766
2025-03-20,5662.89013671875,3.95,4.24,3.17,-0.002187283513782985,-4.0000000000000036,-0.9999999999999787,-2.0000000000000018,0.002187283513782985
2025-03-21,5667.56005859375,3.94,4.25,3.21,0.0008243136078323211,-1.000000000000023,0.9999999999999787,4.0000000000000036,-0.0008243136078323211
2025-03-24,5767.56982421875,4.04,4.34,3.05,0.01749211712863917,10.000000000000009,8.999999999999986,-16.000000000000014,-0.01749211712863917
2025-03-25,5776.64990234375,3.96,4.31,3.09,0.0015730954906538206,-8.000000000000007,-3.000000000000025,4.0000000000000036,-0.0015730954906538206
2025-03-26,5712.2001953125,3.98,4.35,3.19,-0.011219640357598032,2.0000000000000018,4.0000000000000036,10.000000000000009,0.011219640357598032
2025-03-27,5693.31005859375,3.97,4.38,3.27,-0.0033124610071321114,-0.9999999999999787,3.000000000000025,8.000000000000007,0.0033124610071321114
2025-03-28,5580.93994140625,3.89,4.27,3.47,-0.019934601126853548,-8.000000000000007,-11.000000000000032,20.000000000000018,0.019934601126853548
2025-03-31,5611.85009765625,3.89,4.23,3.55,0.005523240357645722,0.0,-3.9999999999999147,7.999999999999963,-0.005523240357645722
2025-04-01,5633.06982421875,3.87,4.17,3.5,0.0037741045552120668,-2.0000000000000018,-6.00000000000005,-4.999999999999982,-0.0037741045552120668
2025-04-02,5670.97021484375,3.91,4.2,3.42,0.006705661429484109,4.0000000000000036,3.000000000000025,-8.000000000000007,-0.006705661429484109
2025-04-03,5396.52001953125,3.71,4.06,4.01,-0.04960591182899663,-20.000000000000018,-14.000000000000057,58.999999999999986,0.04960591182899663
2025-04-04,5074.080078125,3.68,4.01,4.45,-0.061609061898230934,-2.9999999999999805,-4.999999999999982,44.00000000000004,0.061609061898230934
2025-04-07,5062.25,3.73,4.15,4.61,-0.0023341946059635883,4.999999999999982,14.000000000000057,16.000000000000014,0.0023341946059635883
2025-04-08,4982.77001953125,3.71,4.26,4.57,-0.015825083277054855,-2.0000000000000018,10.999999999999943,-4.0000000000000036,0.015825083277054855
2025-04-09,5456.89990234375,3.91,4.34,4.37,0.09089487983303646,20.000000000000018,8.000000000000007,-20.000000000000018,-0.09089487983303646
2025-04-10,5268.0498046875,3.84,4.4,4.42,-0.03522060702411168,-7.000000000000028,6.00000000000005,4.999999999999982,0.03522060702411168
2025-04-11,5363.35986328125,3.96,4.48,4.26,0.01793038083577807,12.00000000000001,8.000000000000007,-16.000000000000014,-0.01793038083577807
2025-04-14,5405.97021484375,3.84,4.38,4.14,0.007913319326342991,-12.00000000000001,-10.000000000000053,-12.00000000000001,-0.007913319326342991
2025-04-15,5396.6298828125,3.84,4.35,4.09,-0.001729275225300909,0.0,-3.000000000000025,-4.999999999999982,0.001729275225300909
2025-04-16,5275.7001953125,3.77,4.29,4.16,-0.022663253964902527,-6.999999999999984,-5.999999999999961,7.000000000000028,0.022663253964902527
2025-04-17,5282.7001953125,3.81,4.34,4.02,0.0013259586237727749,4.0000000000000036,4.999999999999982,-14.000000000000057,-0.0013259586237727749
2025-04-21,5158.2001953125,3.75,4.42,4.16,-0.02384964833401801,-6.000000000000005,8.000000000000007,14.000000000000057,0.02384964833401801
2025-04-22,5287.759765625,3.76,4.41,3.99,0.02480695212545062,0.9999999999999787,-0.9999999999999787,-16.999999999999993,-0.02480695212545062
2025-04-23,5375.85986328125,3.81,4.4,3.75,0.016523864366879457,5.000000000000027,-0.9999999999999787,-24.00000000000002,-0.016523864366879457
2025-04-24,5484.77001953125,3.77,4.32,3.73,0.020056628082583162,-4.0000000000000036,-8.000000000000007,-2.0000000000000018,-0.020056628082583162
2025-04-25,5525.2099609375,3.74,4.29,3.67,0.0073460847957005125,-2.9999999999999805,-3.000000000000025,-6.000000000000005,-0.0073460847957005125
2025-04-28,5528.75,3.67,4.23,3.73,0.0006405015390019333,-7.000000000000028,-5.999999999999961,6.000000000000005,-0.0006405015390019333
2025-04-29,5560.830078125,3.65,4.19,3.74,0.005785641545556399,-2.0000000000000018,-4.0000000000000036,1.000000000000023,-0.005785641545556399
2025-04-30,5569.06005859375,3.6,4.17,3.94,0.0014788972519335208,-4.999999999999982,-2.000000000000046,19.99999999999997,-0.0014788972519335208
2025-05-01,5604.14013671875,3.7,4.25,3.78,0.006279345716451974,10.000000000000009,8.000000000000007,-16.000000000000014,-0.006279345716451974
2025-05-02,5686.669921875,3.83,4.33,3.6,0.014619191109112719,12.99999999999999,8.000000000000007,-17.99999999999997,-0.014619191109112719
2025-05-05,5650.3798828125,3.83,4.36,3.6,-0.006402047029318447,0.0,3.000000000000025,0.0,0.006402047029318447
2025-05-06,5606.91015625,3.78,4.3,3.66,-0.007722985278391797,-5.000000000000027,-6.00000000000005,6.000000000000005,0.007722985278391797
2025-05-07,5631.27978515625,3.78,4.26,3.67,0.004336938106710132,0.0,-4.0000000000000036,0.9999999999999787,-0.004336938106710132
2025-05-08,5663.93994140625,3.9,4.37,3.51,0.005783021147465641,12.00000000000001,11.000000000000032,-16.000000000000014,-0.005783021147465641
2025-05-09,5659.91015625,3.88,4.37,3.53,-0.0007117341348763632,-2.0000000000000018,0.0,2.0000000000000018,0.0007117341348763632
2025-05-12,5844.18994140625,3.98,4.45,3.15,0.03203997667702081,10.000000000000009,8.000000000000007,-37.999999999999986,-0.03203997667702081
2025-05-13,5886.5498046875,4.02,4.49,3.09,0.007222059020245977,3.999999999999959,4.0000000000000036,-6.000000000000005,-0.007222059020245977
2025-05-14,5892.580078125,4.05,4.53,3.1,0.001023891242276054,3.000000000000025,4.0000000000000036,1.000000000000023,-0.001023891242276054
2025-05-15,5916.93017578125,3.96,4.45,3.2,0.004123817438757677,-8.999999999999986,-8.000000000000007,10.000000000000009,-0.004123817438757677
2025-05-16,5958.3798828125,3.98,4.43,3.16,0.006980849368100189,2.0000000000000018,-2.000000000000046,-4.0000000000000036,-0.006980849368100189
2025-05-19,5963.60009765625,3.97,4.46,3.21,0.0008757295660482738,-0.9999999999999787,3.000000000000025,4.999999999999982,-0.0008757295660482738
2025-05-20,5940.4599609375,3.97,4.48,3.2,-0.0038877770695725784,0.0,2.000000000000046,-0.9999999999999787,0.0038877770695725784
2025-05-21,5844.60986328125,4.0,4.58,3.25,-0.016266719267758897,2.9999999999999805,9.999999999999964,4.999999999999982,0.016266719267758897
2025-05-22,5842.009765625,4.0,4.54,3.32,-0.0004449700224211693,0.0,-4.0000000000000036,6.999999999999984,0.0004449700224211693
2025-05-23,5802.81982421875,4.0,4.51,3.4,-0.006730899591473139,0.0,-3.000000000000025,8.000000000000007,0.006730899591473139
2025-05-27,5921.5400390625,3.92,4.43,3.24,0.02025258080218437,-8.000000000000007,-8.000000000000007,-15.99999999999997,-0.02025258080218437
2025-05-28,5888.5498046875,3.96,4.47,3.23,-0.005586802576444734,4.0000000000000036,4.0000000000000036,-1.000000000000023,0.005586802576444734
2025-05-29,5912.169921875,3.92,4.43,3.22,0.0040031708706317415,-4.0000000000000036,-4.0000000000000036,-0.9999999999999787,-0.0040031708706317415
2025-05-30,5911.68994140625,3.89,4.41,3.31,-8.118845699520562e-05,-2.9999999999999805,-1.9999999999999574,8.999999999999986,8.118845699520562e-05
2025-06-02,5935.93994140625,3.94,4.46,3.27,0.004093651490626028,4.999999999999982,4.999999999999982,-4.0000000000000036,-0.004093651490626028
2025-06-03,5970.3701171875,3.96,4.46,3.19,0.005783533535368979,2.0000000000000018,0.0,-8.000000000000007,-0.005783533535368979
2025-06-04,5970.81005859375,3.87,4.37,3.23,7.368474471916267e-05,-8.999999999999986,-8.999999999999986,4.0000000000000036,-7.368474471916267e-05
2025-06-05,5939.2998046875,3.92,4.4,3.18,-0.005291357978698112,4.999999999999982,3.000000000000025,-4.999999999999982,0.005291357978698112
2025-06-06,6000.35986328125,4.04,4.51,3.09,0.010228196215376713,12.00000000000001,10.999999999999943,-9.00000000000003,-0.010228196215376713
2025-06-09,6005.8798828125,4.01,4.49,3.12,0.0009195251863913659,-3.000000000000025,-1.9999999999999574,3.000000000000025,-0.0009195251863913659
2025-06-10,6038.81005859375,4.01,4.47,3.12,0.005468012541646841,0.0,-2.000000000000046,0.0,-0.005468012541646841
2025-06-11,6022.240234375,3.94,4.41,3.12,-0.002747660318287345,-6.999999999999984,-5.999999999999961,0.0,0.002747660318287345
2025-06-12,6045.259765625,3.9,4.36,3.17,0.0038151330716763875,-4.0000000000000036,-4.999999999999982,4.999999999999982,-0.0038151330716763875
2025-06-13,5976.97021484375,3.96,4.41,3.18,-0.01136066859010289,6.000000000000005,4.999999999999982,1.000000000000023,0.01136066859010289
2025-06-16,6033.10986328125,3.97,4.46,3.1,0.0093488231481891,1.000000000000023,4.999999999999982,-8.000000000000007,-0.0093488231481891
2025-06-17,5982.72021484375,3.94,4.39,3.17,-0.008387259723643134,-3.000000000000025,-7.000000000000028,6.999999999999984,0.008387259723643134
2025-06-18,5980.8701171875,3.94,4.38,3.16,-0.00030928803472058796,0.0,-0.9999999999999787,-0.9999999999999787,0.00030928803472058796
2025-06-20,5967.83984375,3.9,4.38,3.13,-0.002181035215587759,-4.0000000000000036,0.0,-3.000000000000025,0.002181035215587759
2025-06-23,6025.169921875,3.84,4.34,3.12,0.009560655071259439,-6.000000000000005,-4.0000000000000036,-0.9999999999999787,-0.009560655071259439
2025-06-24,6092.18017578125,3.75,4.3,3.06,0.011060328616958607,-8.999999999999986,-4.0000000000000036,-6.000000000000005,-0.011060328616958607
2025-06-25,6092.16015625,3.74,4.29,3.04,-3.286108349665331e-06,-0.9999999999999787,-0.9999999999999787,-2.0000000000000018,3.286108349665331e-06
2025-06-26,6141.02001953125,3.7,4.26,3.04,0.007988131032516797,-4.0000000000000036,-3.000000000000025,0.0,-0.007988131032516797
2025-06-27,6173.06982421875,3.73,4.29,3.02,0.005205399256150098,2.9999999999999805,3.000000000000025,-2.0000000000000018,-0.005205399256150098
2025-06-30,6204.9501953125,3.72,4.24,2.96,0.005151137506128882,-0.9999999999999787,-4.999999999999982,-6.000000000000005,-0.005151137506128882
2025-07-01,6198.009765625,3.78,4.26,2.91,-0.0011191571098791433,5.999999999999961,1.9999999999999574,-4.999999999999982,0.0011191571098791433
2025-07-02,6227.419921875,3.78,4.3,2.88,0.0047338743064907745,0.0,4.0000000000000036,-3.000000000000025,-0.0047338743064907745
2025-07-03,6279.35009765625,3.88,4.35,2.8,0.00830437821066394,10.000000000000009,4.999999999999982,-8.000000000000007,-0.00830437821066394
2025-07-07,6229.97998046875,3.9,4.4,2.86,-0.007893368104244017,2.0000000000000018,5.000000000000071,6.000000000000005,0.007893368104244017
2025-07-08,6225.52001953125,3.9,4.42,2.92,-0.0007161432504695748,0.0,1.9999999999999574,6.000000000000005,0.0007161432504695748
2025-07-09,6263.259765625,3.86,4.34,2.94,0.00604380277677969,-4.0000000000000036,-8.000000000000007,2.0000000000000018,-0.00604380277677969
2025-07-10,6280.4599609375,3.86,4.35,2.92,0.0027424410729257912,0.0,0.9999999999999787,-2.0000000000000018,-0.0027424410729257912
2025-07-11,6259.75,3.9,4.43,2.97,-0.0033029717732258423,4.0000000000000036,8.000000000000007,5.000000000000027,0.0033029717732258423
2025-07-14,6268.56005859375,3.9,4.43,2.95,0.0014064243309367943,0.0,0.0,-2.0000000000000018,-0.0014064243309367943
2025-07-15,6243.759765625,3.95,4.5,2.95,-0.003964145065672561,5.000000000000027,7.000000000000028,0.0,0.003964145065672561
2025-07-16,6263.7001953125,3.88,4.46,3.0,0.0031885685253844154,-7.000000000000028,-4.0000000000000036,4.999999999999982,-0.0031885685253844154
2025-07-17,6297.35986328125,3.91,4.47,2.91,0.005359380240011013,3.000000000000025,0.9999999999999787,-8.999999999999986,-0.005359380240011013
2025-07-18,6296.7900390625,3.88,4.44,2.93,-9.049030280841674e-05,-3.000000000000025,-2.999999999999936,2.0000000000000018,9.049030280841674e-05
2025-07-21,6305.60009765625,3.85,4.38,2.89,0.001398157005673256,-2.9999999999999805,-6.00000000000005,-4.0000000000000036,-0.001398157005673256
2025-07-22,6309.6201171875,3.83,4.35,2.9,0.0006373284966667569,-2.0000000000000018,-3.000000000000025,0.9999999999999787,-0.0006373284966667569
2025-07-23,6358.91015625,3.88,4.4,2.83,0.007781532145702873,4.999999999999982,5.000000000000071,-6.999999999999984,-0.007781532145702873
2025-07-24,6363.35009765625,3.91,4.43,2.82,0.0006979799969332514,3.000000000000025,2.999999999999936,-1.000000000000023,-0.0006979799969332514
2025-07-25,6388.64013671875,3.91,4.4,2.84,0.003966451001680552,0.0,-2.999999999999936,2.0000000000000018,-0.003966451001680552
2025-07-28,6389.77001953125,3.91,4.42,2.82,0.00017684247126657597,0.0,1.9999999999999574,-2.0000000000000018,-0.00017684247126657597
2025-07-29,6370.85986328125,3.86,4.34,2.86,-0.002963830197466829,-5.000000000000027,-8.000000000000007,4.0000000000000036,0.002963830197466829
2025-07-30,6362.89990234375,3.94,4.38,2.89,-0.0012502139385094711,8.000000000000007,4.0000000000000036,3.000000000000025,0.0012502139385094711
2025-07-31,6339.39013671875,3.94,4.37,2.86,-0.003701662046374567,0.0,-0.9999999999999787,-3.000000000000025,0.003701662046374567
2025-08-01,6238.009765625,3.69,4.23,3.13,-0.0161213871855698,-25.0,-13.999999999999968,27.0,0.0161213871855698
2025-08-04,6329.93994140625,3.69,4.22,3.02,0.014629564491414495,0.0,-1.0000000000000675,-10.999999999999988,-0.014629564491414495
2025-08-05,6299.18994140625,3.72,4.22,2.98,-0.004869703780462017,3.000000000000025,0.0,-4.0000000000000036,0.004869703780462017
2025-08-06,6345.06005859375,3.69,4.22,2.98,0.007255522219852605,-3.000000000000025,0.0,0.0,-0.007255522219852605
2025-08-07,6340.0,3.72,4.23,2.95,-0.0007977981718278668,3.000000000000025,1.0000000000000675,-2.9999999999999805,0.0007977981718278668
2025-08-08,6389.4501953125,3.76,4.27,2.94,0.0077694548163894745,3.999999999999959,3.9999999999999147,-1.000000000000023,-0.0077694548163894745
2025-08-11,6373.4501953125,3.76,4.27,2.94,-0.0025072683938851073,0.0,0.0,0.0,0.0025072683938851073
2025-08-12,6445.759765625,3.72,4.29,2.93,0.011281559075170764,-3.999999999999959,2.000000000000046,-0.9999999999999787,-0.011281559075170764
2025-08-13,6466.580078125,3.67,4.24,2.9,0.0032248733840464015,-5.000000000000027,-4.999999999999982,-3.000000000000025,-0.0032248733840464015
2025-08-14,6468.5400390625,3.74,4.29,2.89,0.00030304487855445177,7.000000000000028,4.999999999999982,-0.9999999999999787,-0.00030304487855445177
2025-08-15,6449.7998046875,3.75,4.33,2.88,-0.0029013399163647113,0.9999999999999787,4.0000000000000036,-1.000000000000023,0.0029013399163647113
2025-08-18,6449.14990234375,3.77,4.34,2.88,-0.00010076825773579619,2.0000000000000018,0.9999999999999787,0.0,0.00010076825773579619
2025-08-19,6411.3701171875,3.75,4.3,2.9,-0.005875329112207127,-2.0000000000000018,-4.0000000000000036,2.0000000000000018,0.005875329112207127
2025-08-20,6395.77978515625,3.74,4.29,2.94,-0.002434630632264957,-0.9999999999999787,-0.9999999999999787,4.0000000000000036,0.002434630632264957
2025-08-21,6370.169921875,3.79,4.33,2.95,-0.004012219728951123,4.999999999999982,4.0000000000000036,1.000000000000023,0.004012219728951123
2025-08-22,6466.91015625,3.68,4.26,2.88,0.015072285158779139,-10.999999999999988,-7.000000000000028,-7.000000000000028,-0.015072285158779139
2025-08-25,6439.31982421875,3.73,4.28,2.8,-0.004275512539646319,4.999999999999982,2.000000000000046,-8.000000000000007,0.004275512539646319
2025-08-26,6465.93994140625,3.61,4.26,2.78,0.00412547371011636,-12.00000000000001,-2.000000000000046,-2.0000000000000018,-0.00412547371011636
2025-08-27,6481.39990234375,3.59,4.24,2.78,0.0023881304533030262,-2.0000000000000018,-1.9999999999999574,0.0,-0.0023881304533030262
2025-08-28,6501.85986328125,3.62,4.22,2.75,0.003151747441466755,3.000000000000025,-2.000000000000046,-2.9999999999999805,-0.003151747441466755
2025-08-29,6460.259765625,3.59,4.23,2.82,-0.006418740402792551,-3.000000000000025,1.0000000000000675,6.999999999999984,0.006418740402792551
2025-09-02,6415.5400390625,3.66,4.28,2.92,-0.006946350061030363,7.000000000000028,4.999999999999982,10.000000000000009,0.006946350061030363
2025-09-03,6448.259765625,3.61,4.22,2.88,0.005087112302941308,-5.000000000000027,-6.00000000000005,-4.0000000000000036,-0.005087112302941308
2025-09-04,6502.080078125,3.59,4.17,2.84,0.008311847102873571,-2.0000000000000018,-4.999999999999982,-4.0000000000000036,-0.008311847102873571
2025-09-05,6481.5,3.51,4.1,2.83,-0.00317017266993674,-8.000000000000007,-7.000000000000028,-0.9999999999999787,0.00317017266993674
2025-09-08,6495.14990234375,3.49,4.05,2.84,0.0021037644508885675,-1.9999999999999574,-4.999999999999982,0.9999999999999787,-0.0021037644508885675
2025-09-09,6512.60986328125,3.54,4.08,2.87,0.0026845470300734414,4.999999999999982,3.000000000000025,3.000000000000025,-0.0026845470300734414
2025-09-10,6532.0400390625,3.54,4.04,2.84,0.0029790282293981275,0.0,-4.0000000000000036,-3.000000000000025,-0.0029790282293981275
2025-09-11,6587.47021484375,3.52,4.01,2.78,0.008450087623093565,-2.0000000000000018,-3.000000000000025,-6.000000000000005,-0.008450087623093565
2025-09-12,6584.2900390625,3.56,4.06,2.79,-0.00048287788142832935,4.0000000000000036,4.999999999999982,1.000000000000023,0.00048287788142832935
2025-09-15,6615.27978515625,3.54,4.05,2.75,0.004695577726559718,-2.0000000000000018,-0.9999999999999787,-4.0000000000000036,-0.004695577726559718
2025-09-16,6606.759765625,3.51,4.04,2.79,-0.0012887604333313247,-3.000000000000025,-0.9999999999999787,4.0000000000000036,0.0012887604333313247
2025-09-17,6600.35009765625,3.52,4.06,2.79,-0.0009706390782443865,1.000000000000023,1.9999999999999574,0.0,0.0009706390782443865
2025-09-18,6631.9599609375,3.57,4.11,2.71,0.004777687836708263,4.999999999999982,5.000000000000071,-8.000000000000007,-0.004777687836708263
2025-09-19,6664.35986328125,3.57,4.14,2.72,0.004873523937481177,0.0,2.999999999999936,1.000000000000023,-0.004873523937481177
2025-09-22,6693.75,3.61,4.15,2.69,0.004400350714762291,4.0000000000000036,1.0000000000000675,-3.000000000000025,-0.004400350714762291
2025-09-23,6656.919921875,3.53,4.12,2.71,-0.005517351828739721,-8.000000000000007,-3.000000000000025,2.0000000000000018,0.005517351828739721
2025-09-24,6637.97021484375,3.57,4.16,2.7,-0.0028506771652953692,4.0000000000000036,4.0000000000000036,-0.9999999999999787,0.0028506771652953692
2025-09-25,6604.72021484375,3.64,4.18,2.76,-0.005021648742526333,7.000000000000028,1.9999999999999574,5.999999999999961,0.005021648742526333
2025-09-26,6643.7001953125,3.63,4.2,2.75,0.005884489130413512,-1.000000000000023,2.000000000000046,-0.9999999999999787,-0.005884489130413512
2025-09-29,6661.2099609375,3.63,4.15,2.74,0.002632077259912619,0.0,-4.999999999999982,-0.9999999999999787,-0.002632077259912619
2025-09-30,6688.4599609375,3.6,4.16,2.8,0.004082503613507919,-2.9999999999999805,0.9999999999999787,5.999999999999961,-0.004082503613507919
2025-10-01,6711.2001953125,3.55,4.12,2.81,0.0033941541712235066,-5.000000000000027,-4.0000000000000036,1.000000000000023,-0.0033941541712235066
2025-10-02,6715.35009765625,3.55,4.1,2.81,0.0006181636213842448,0.0,-2.000000000000046,0.0,-0.0006181636213842448
2025-10-03,6715.7900390625,3.58,4.13,2.8,6.55106568658717e-05,3.000000000000025,3.000000000000025,-1.000000000000023,-6.55106568658717e-05
2025-10-06,6740.27978515625,3.6,4.18,2.76,0.003639959282762629,2.0000000000000018,4.999999999999982,-4.0000000000000036,-0.003639959282762629
2025-10-07,6714.58984375,3.57,4.14,2.82,-0.003818687706853079,-3.000000000000025,-4.0000000000000036,6.000000000000005,0.003818687706853079
2025-10-08,6753.72021484375,3.58,4.13,2.84,0.005810748494187323,1.000000000000023,-0.9999999999999787,2.0000000000000018,-0.005810748494187323
2025-10-09,6735.10986328125,3.6,4.14,2.95,-0.0027593739802789824,2.0000000000000018,0.9999999999999787,11.000000000000032,0.0027593739802789824
2025-10-10,6552.509765625,3.52,4.05,3.18,-0.027485975439899807,-8.000000000000007,-8.999999999999986,23.0,0.027485975439899807
2025-10-13,6654.72021484375,3.52,4.05,3.18,0.015478263036934031,0.0,0.0,0.0,-0.015478263036934031
2025-10-14,6644.31005859375,3.48,4.03,3.11,-0.00156555149694257,-4.0000000000000036,-1.9999999999999574,-7.000000000000028,0.00156555149694257
2025-10-15,6671.06005859375,3.5,4.05,2.95,0.004017918503427979,2.0000000000000018,1.9999999999999574,-15.99999999999997,-0.004017918503427979
2025-10-16,6629.06982421875,3.41,3.99,3.04,-0.006314280275141975,-8.999999999999986,-5.999999999999961,8.999999999999986,0.006314280275141975
2025-10-17,6664.009765625,3.46,4.02,3.04,0.0052568739445263,4.999999999999982,2.999999999999936,0.0,-0.0052568739445263
2025-10-20,6735.1298828125,3.46,4.0,2.99,0.010615724136144117,0.0,-1.9999999999999574,-4.999999999999982,-0.010615724136144117
2025-10-21,6735.35009765625,3.45,3.98,2.97,3.269591641698797e-05,-0.9999999999999787,-2.0000000000000018,-2.0000000000000018,-3.269591641698797e-05
2025-10-22,6699.39990234375,3.45,3.97,3.01,-0.005351834774743029,0.0,-0.9999999999999787,3.999999999999959,0.005351834774743029
2025-10-23,6738.43994140625,3.48,4.01,2.96,0.0058104798620133855,2.9999999999999805,3.999999999999959,-4.999999999999982,-0.0058104798620133855
2025-10-24,6791.68994140625,3.48,4.02,2.88,0.007871361975244856,0.0,0.9999999999999787,-8.000000000000007,-0.007871361975244856
2025-10-27,6875.16015625,3.48,4.01,2.8,0.012215141327379352,0.0,-0.9999999999999787,-8.000000000000007,-0.012215141327379352
2025-10-28,6890.89013671875,3.47,3.99,2.82,0.0022853305022299255,-0.9999999999999787,-1.9999999999999574,2.0000000000000018,-0.0022853305022299255
2025-10-29,6890.58984375,3.59,4.08,2.76,-4.3579204733175357e-05,11.999999999999966,8.999999999999986,-6.000000000000005,4.3579204733175357e-05
2025-10-30,6822.33984375,3.61,4.11,2.85,-0.009954191424534511,2.0000000000000018,3.000000000000025,9.00000000000003,0.009954191424534511
2025-10-31,6840.2001953125,3.6,4.11,2.94,0.0026145009178832708,-0.9999999999999787,0.0,8.999999999999986,-0.0026145009178832708
2025-11-03,6851.97021484375,3.6,4.13,3.04,0.0017192339969181521,0.0,1.9999999999999574,10.000000000000009,-0.0017192339969181521
2025-11-04,6771.5498046875,3.58,4.1,3.13,-0.011806250392326715,-2.0000000000000018,-3.000000000000025,8.999999999999986,0.011806250392326715
2025-11-05,6796.2900390625,3.63,4.17,3.05,0.0036468976756877185,4.999999999999982,7.000000000000028,-8.000000000000007,-0.0036468976756877185
2025-11-06,6720.31982421875,3.57,4.11,3.13,-0.011241134514722728,-6.000000000000005,-5.999999999999961,8.000000000000007,0.011241134514722728
2025-11-07,6728.7998046875,3.55,4.11,3.15,0.0012610463474931072,-2.0000000000000018,0.0,2.0000000000000018,-0.0012610463474931072
2025-11-10,6832.43017578125,3.58,4.13,3.02,0.015283626703501816,3.000000000000025,1.9999999999999574,-12.99999999999999,-0.015283626703501816
2025-11-11,6846.60986328125,3.58,4.13,3.02,0.0020731999523923177,0.0,0.0,0.0,-0.0020731999523923177
2025-11-12,6850.919921875,3.56,4.08,3.02,0.0006293191259445972,-2.0000000000000018,-4.999999999999982,0.0,-0.0006293191259445972
2025-11-13,6737.490234375,3.58,4.11,3.09,-0.01669545163092778,2.0000000000000018,3.000000000000025,6.999999999999984,0.01669545163092778
2025-11-14,6734.10986328125,3.62,4.14,3.07,-0.0005018514712717733,4.0000000000000036,2.999999999999936,-2.0000000000000018,0.0005018514712717733
2025-11-17,6672.41015625,3.6,4.13,3.13,-0.009204497894305158,-2.0000000000000018,-0.9999999999999787,6.000000000000005,0.009204497894305158
2025-11-18,6617.31982421875,3.58,4.12,3.2,-0.008290709844169318,-2.0000000000000018,-0.9999999999999787,7.000000000000028,0.008290709844169318
2025-11-19,6642.16015625,3.58,4.13,3.17,0.00374680773726533,0.0,0.9999999999999787,-3.000000000000025,-0.00374680773726533
2025-11-20,6538.759765625,3.55,4.1,3.17,-0.01568972611631523,-3.000000000000025,-3.000000000000025,0.0,0.01568972611631523
2025-11-21,6602.990234375,3.51,4.06,3.19,0.009775103041592069,-4.0000000000000036,-4.0000000000000036,2.0000000000000018,-0.009775103041592069
2025-11-24,6705.1201171875,3.46,4.04,3.15,0.015348818899081837,-4.999999999999982,-1.9999999999999574,-4.0000000000000036,-0.015348818899081837
2025-11-25,6765.8798828125,3.43,4.01,3.1,0.009020886000832944,-2.9999999999999805,-3.000000000000025,-4.999999999999982,-0.009020886000832944
2025-11-26,6812.60986328125,3.45,4.0,3.0,0.006882969436149685,2.0000000000000018,-0.9999999999999787,-10.000000000000009,-0.006882969436149685
2025-11-28,6849.08984375,3.47,4.02,2.95,0.005340487341137372,2.0000000000000018,1.9999999999999574,-4.999999999999982,-0.005340487341137372
2025-12-01,6812.6298828125,3.54,4.09,2.94,-0.005337548746055966,6.999999999999984,7.000000000000028,-1.000000000000023,0.005337548746055966
2025-12-02,6829.3701171875,3.51,4.09,2.92,0.002454221195936617,-3.000000000000025,0.0,-2.0000000000000018,-0.002454221195936617
2025-12-03,6849.72021484375,3.49,4.06,2.89,0.0029753605210852863,-1.9999999999999574,-3.000000000000025,-2.9999999999999805,-0.0029753605210852863
2025-12-04,6857.1201171875,3.52,4.11,2.88,0.001079738711974404,2.9999999999999805,5.000000000000071,-1.000000000000023,-0.001079738711974404
2025-12-05,6870.39990234375,3.56,4.14,2.85,0.0019347688846794776,4.0000000000000036,2.999999999999936,-2.9999999999999805,-0.0019347688846794776
2025-12-08,6846.509765625,3.57,4.17,2.89,-0.0034833153316476935,0.9999999999999787,3.000000000000025,4.0000000000000036,0.0034833153316476935
2025-12-09,6840.509765625,3.61,4.18,2.89,-0.0008767431610132386,4.0000000000000036,0.9999999999999787,0.0,0.0008767431610132386
2025-12-10,6886.68017578125,3.54,4.13,2.91,0.006726880659139976,-6.999999999999984,-4.999999999999982,2.0000000000000018,-0.006726880659139976
2025-12-11,6901.0,3.52,4.14,2.88,0.00207719198371703,-2.0000000000000018,0.9999999999999787,-3.000000000000025,-0.00207719198371703
2025-12-12,6827.41015625,3.52,4.19,2.91,-0.010720913458554537,0.0,5.000000000000071,3.000000000000025,0.010720913458554537
2025-12-15,6816.509765625,3.51,4.18,2.91,-0.0015978388918367072,-1.000000000000023,-1.0000000000000675,0.0,0.0015978388918367072
2025-12-16,6800.259765625,3.48,4.15,2.98,-0.00238676400843967,-2.9999999999999805,-2.999999999999936,6.999999999999984,0.00238676400843967
2025-12-17,6721.43017578125,3.49,4.16,2.99,-0.01165985661137129,1.000000000000023,0.9999999999999787,1.000000000000023,0.01165985661137129
2025-12-18,6774.759765625,3.46,4.12,2.95,0.007902951520479156,-3.000000000000025,-4.0000000000000036,-4.0000000000000036,-0.007902951520479156
2025-12-19,6834.5,3.48,4.16,2.9,0.008779407421828872,2.0000000000000018,4.0000000000000036,-5.000000000000027,-0.008779407421828872
2025-12-22,6878.490234375,3.44,4.17,2.88,0.006415870575561936,-4.0000000000000036,0.9999999999999787,-2.0000000000000018,-0.006415870575561936
2025-12-23,6909.7900390625,3.48,4.18,2.83,0.004540067046788208,4.0000000000000036,0.9999999999999787,-4.999999999999982,-0.004540067046788208
2025-12-24,6932.0498046875,3.47,4.15,2.84,0.003216304344700708,-0.9999999999999787,-2.999999999999936,0.9999999999999787,-0.003216304344700708
2025-12-26,6929.93994140625,3.46,4.14,2.86,-0.00030440987710828846,-1.000000000000023,-1.0000000000000675,2.0000000000000018,0.00030440987710828846
2025-12-29,6905.740234375,3.45,4.12,2.87,-0.003498162923937312,-0.9999999999999787,-1.9999999999999574,1.000000000000023,0.003498162923937312
2025-12-30,6896.240234375,3.45,4.14,2.84,-0.0013766142506534472,0.0,1.9999999999999574,-3.000000000000025,0.0013766142506534472
