Date,Realized_Loss,VaR_99,ES_99,Exception
2018-01-02,-0.0082690782183981,0.0218357726981619,0.026502499902367,False
2018-01-03,-0.006378433243936,0.0189209687182312,0.02548953034214424,False
2018-01-04,-0.0040205428553269,0.0189209687182312,0.02548953034214424,False
2018-01-05,-0.0070091458885853,0.0189209687182312,0.02548953034214424,False
2018-01-08,-0.0016609637672969,0.0189209687182312,0.02548953034214424,False
2018-01-09,-0.0013020835172984,0.0186541582763518,0.024163886981832743,False
2018-01-10,0.0011128458115206,0.0186541582763518,0.024163886981832743,False
2018-01-11,-0.007009025768882,0.018345468171115,0.02346582607642336,False
2018-01-12,-0.006726926399094,0.018345468171115,0.02346582607642336,False
2018-01-16,0.0035307132616026,0.018345468171115,0.02346582607642336,False
2018-01-17,-0.009371006206502,0.018345468171115,0.02346582607642336,False
2018-01-18,0.0016176974974736,0.018345468171115,0.02346582607642336,False
2018-01-19,-0.0043756479869901,0.018345468171115,0.02346582607642336,False
2018-01-22,-0.0080343643822132,0.018345468171115,0.02346582607642336,False
2018-01-23,-0.0021720049682223,0.018345468171115,0.02346582607642336,False
2018-01-24,0.000560132547232,0.018345468171115,0.02346582607642336,False
2018-01-25,-0.0006024393988328,0.018345468171115,0.02346582607642336,False
2018-01-26,-0.0117716381060841,0.018345468171115,0.02346582607642336,False
2018-01-29,0.006754736284863,0.0182622465117029,0.023334081635117698,False
2018-01-30,0.010958642805337,0.0182622465117029,0.023334081635117698,False
2018-01-31,-0.0004888658586947,0.0182622465117029,0.023334081635117698,False
2018-02-01,0.0006482983520233,0.0155573424871914,0.02271471847728562,False
2018-02-02,0.0214366805166988,0.0155573424871914,0.02271471847728562,True
2018-02-05,0.0418425409383814,0.0182622465117029,0.023890586083187098,True
2018-02-06,-0.017290573348937,0.018345468171115,0.028606644968522797,False
2018-02-07,0.0050141382237526,0.018345468171115,0.028606644968522797,False
2018-02-08,0.0382590522458017,0.018345468171115,0.028606644968522797,True
2018-02-09,-0.0148256451995243,0.0214366805166988,0.03258936178346014,False
2018-02-12,-0.0138186656781862,0.0214366805166988,0.03258936178346014,False
2018-02-13,-0.0026095219802775,0.0214366805166988,0.03258936178346014,False
2018-02-14,-0.013313439808897,0.0214366805166988,0.03258936178346014,False
2018-02-15,-0.0119968617767752,0.0214366805166988,0.03258936178346014,False
2018-02-16,-0.0003733996499216,0.0214366805166988,0.03258936178346014,False
2018-02-20,0.0058585171068373,0.0214366805166988,0.03258936178346014,False
2018-02-21,0.0055116644833109,0.0214366805166988,0.03258936178346014,False
2018-02-22,-0.0009730774855778,0.0214366805166988,0.03258936178346014,False
2018-02-23,-0.015901278245121,0.0214366805166988,0.03258936178346014,False
2018-02-26,-0.0116884386206273,0.0214366805166988,0.03258936178346014,False
2018-02-27,0.0127883114414675,0.0214366805166988,0.03258936178346014,False
2018-02-28,0.011157806083656,0.0214366805166988,0.03258936178346014,False
2018-03-01,0.0134139658548764,0.0214366805166988,0.03258936178346014,False
2018-03-02,-0.0050587854851985,0.0214366805166988,0.03258936178346014,False
2018-03-05,-0.0109716176105265,0.0214366805166988,0.03258936178346014,False
2018-03-06,-0.0026353829319968,0.0214366805166988,0.03258936178346014,False
2018-03-07,0.0004839918257163,0.0214366805166988,0.03258936178346014,False
2018-03-08,-0.0044531482088846,0.0214366805166988,0.03258936178346014,False
2018-03-09,-0.0172295467412075,0.0214366805166988,0.03258936178346014,False
2018-03-12,0.0012747973379984,0.0214366805166988,0.03258936178346014,False
2018-03-13,0.0063839104143147,0.0214366805166988,0.03258936178346014,False
2018-03-14,0.0057409698251887,0.0214366805166988,0.03258936178346014,False
2018-03-15,0.0007822363990965,0.0214366805166988,0.03258936178346014,False
2018-03-16,-0.0017019979472317,0.0214366805166988,0.03258936178346014,False
2018-03-19,0.0143060405413734,0.0214366805166988,0.03258936178346014,False
2018-03-20,-0.0014807086617189,0.0214366805166988,0.03258936178346014,False
2018-03-21,0.0018456921256294,0.0214366805166988,0.03258936178346014,False
2018-03-22,0.0254848869728544,0.0214366805166988,0.03258936178346014,True
2018-03-23,0.0211898073117506,0.0248277424108364,0.03339900307469126,False
2018-03-26,-0.0267950407060353,0.0248277424108364,0.03339900307469126,False
2018-03-27,0.0174272856453219,0.0248277424108364,0.03339900307469126,False
2018-03-28,0.0029209188994626,0.0248277424108364,0.03339900307469126,False
2018-03-29,-0.0136757774938434,0.0248277424108364,0.03339900307469126,False
2018-04-02,0.0225906823434958,0.0248277424108364,0.03339900307469126,False
2018-04-03,-0.012535961315741,0.0248277424108364,0.03339900307469126,False
2018-04-04,-0.0115001023464467,0.0248277424108364,0.03339900307469126,False
2018-04-05,-0.0068394214016512,0.0248277424108364,0.03339900307469126,False
2018-04-06,0.0221640670570649,0.0248277424108364,0.03339900307469126,False
2018-04-09,-0.0033309949675928,0.0248277424108364,0.03339900307469126,False
2018-04-10,-0.016588598996314,0.0248277424108364,0.03339900307469126,False
2018-04-11,0.0055406857724611,0.0248277424108364,0.03339900307469126,False
2018-04-12,-0.008216898697657,0.0248277424108364,0.03339900307469126,False
2018-04-13,0.0028907998267066,0.0248277424108364,0.03339900307469126,False
2018-04-16,-0.008076336801563,0.0248277424108364,0.03339900307469126,False
2018-04-17,-0.0106050716138667,0.0248277424108364,0.03339900307469126,False
2018-04-18,-0.0008310204075532,0.0248277424108364,0.03339900307469126,False
2018-04-19,0.0057425817958325,0.0248277424108364,0.03339900307469126,False
2018-04-20,0.0085731771883527,0.0248277424108364,0.03339900307469126,False
2018-04-23,-5.623011118453955e-05,0.0248277424108364,0.03339900307469126,False
2018-04-24,0.0134708880064751,0.0248277424108364,0.03339900307469126,False
2018-04-25,-0.0018353742328236,0.0248277424108364,0.03339900307469126,False
2018-04-26,-0.0103801441873769,0.0248277424108364,0.03339900307469126,False
2018-04-27,-0.0011130052713638,0.0248277424108364,0.03339900307469126,False
2018-04-30,0.0082211925489212,0.0248277424108364,0.03339900307469126,False
2018-05-01,-0.0025458021710273,0.0248277424108364,0.03339900307469126,False
2018-05-02,0.0072319512014023,0.0248277424108364,0.03339900307469126,False
2018-05-03,0.002256217585064,0.0248277424108364,0.03339900307469126,False
2018-05-04,-0.0127298100283349,0.0248277424108364,0.03339900307469126,False
2018-05-07,-0.0034519805549899,0.0248277424108364,0.03339900307469126,False
2018-05-08,0.0002656766117338,0.0248277424108364,0.03339900307469126,False
2018-05-09,-0.0096356479348687,0.0248277424108364,0.03339900307469126,False
2018-05-10,-0.0093270116038483,0.0248277424108364,0.03339900307469126,False
2018-05-11,-0.0017061392709612,0.0248277424108364,0.03339900307469126,False
2018-05-14,-0.0008830995101265,0.0248277424108364,0.03339900307469126,False
2018-05-15,0.0068656550439908,0.0248277424108364,0.03339900307469126,False
2018-05-16,-0.0040523398475144,0.0248277424108364,0.03339900307469126,False
2018-05-17,0.0008562387886101,0.0248277424108364,0.03339900307469126,False
2018-05-18,0.0026356652545503,0.0248277424108364,0.03339900307469126,False
2018-05-21,-0.0073596045479333,0.0248277424108364,0.03339900307469126,False
2018-05-22,0.0031406885928751,0.0248277424108364,0.03339900307469126,False
2018-05-23,-0.0032431452068987,0.0248277424108364,0.03339900307469126,False
2018-05-24,0.0020252629577225,0.0248277424108364,0.03339900307469126,False
2018-05-25,0.0023600030541859,0.0248277424108364,0.03339900307469126,False
2018-05-29,0.0116315725117922,0.0248277424108364,0.03339900307469126,False
2018-05-30,-0.0126158753519238,0.0248277424108364,0.03339900307469126,False
2018-05-31,0.0069033332434342,0.0248277424108364,0.03339900307469126,False
2018-06-01,-0.0107907997092398,0.0248277424108364,0.03339900307469126,False
2018-06-04,-0.0044695948983522,0.0248277424108364,0.03339900307469126,False
2018-06-05,-0.0007023462695756,0.0248277424108364,0.03339900307469126,False
2018-06-06,-0.0085309006373119,0.0248277424108364,0.03339900307469126,False
2018-06-07,0.0007144436219845,0.0248277424108364,0.03339900307469126,False
2018-06-08,-0.0031210289077513,0.0248277424108364,0.03339900307469126,False
2018-06-11,-0.0010681370069403,0.0248277424108364,0.03339900307469126,False
2018-06-12,-0.0017418672787038,0.0248277424108364,0.03339900307469126,False
2018-06-13,0.0040342545414114,0.0248277424108364,0.03339900307469126,False
2018-06-14,-0.0024685005225036,0.0248277424108364,0.03339900307469126,False
2018-06-15,0.001017620315494,0.0248277424108364,0.03339900307469126,False
2018-06-18,0.0021283911808865,0.0248277424108364,0.03339900307469126,False
2018-06-19,0.0040315179513912,0.0248277424108364,0.03339900307469126,False
2018-06-20,-0.0017106902241125,0.0248277424108364,0.03339900307469126,False
2018-06-21,0.0063657288432202,0.0225906823434958,0.03060098098227394,False
2018-06-22,-0.0018602032551338,0.0225906823434958,0.03060098098227394,False
2018-06-25,0.0138197229677706,0.0225906823434958,0.03060098098227394,False
2018-06-26,-0.0022021505056967,0.0225906823434958,0.03060098098227394,False
2018-06-27,0.0086415863131411,0.0225906823434958,0.03060098098227394,False
2018-06-28,-0.0061596800190312,0.0225906823434958,0.03060098098227394,False
2018-06-29,-0.000758115887517,0.0225906823434958,0.03060098098227394,False
2018-07-02,-0.0030632608342934,0.0225906823434958,0.03060098098227394,False
2018-07-03,0.0049596292805336,0.0225906823434958,0.03060098098227394,False
2018-07-05,-0.0085838567455378,0.0225906823434958,0.03060098098227394,False
2018-07-06,-0.0084455176005801,0.0225906823434958,0.03060098098227394,False
2018-07-09,-0.0087842907853415,0.0225906823434958,0.03060098098227394,False
2018-07-10,-0.0034672493188218,0.0225906823434958,0.03060098098227394,False
2018-07-11,0.0071194863719165,0.0225906823434958,0.03060098098227394,False
2018-07-12,-0.0087109915801719,0.0225906823434958,0.03060098098227394,False
2018-07-13,-0.0010786555366086,0.0225906823434958,0.03060098098227394,False
2018-07-16,0.0010286646208985,0.0225906823434958,0.03060098098227394,False
2018-07-17,-0.0039658243434434,0.0225906823434958,0.03060098098227394,False
2018-07-18,-0.0021581820767374,0.0225906823434958,0.03060098098227394,False
2018-07-19,0.0039608268490495,0.0225906823434958,0.03060098098227394,False
2018-07-20,0.0009488977712743,0.0225906823434958,0.03060098098227394,False
2018-07-23,-0.0018363623432315,0.0225906823434958,0.03060098098227394,False
2018-07-24,-0.0047695188860535,0.0225906823434958,0.03060098098227394,False
2018-07-25,-0.0090604350703727,0.0225906823434958,0.03060098098227394,False
2018-07-26,0.0030369027488673,0.0225906823434958,0.03060098098227394,False
2018-07-27,0.0065838346448454,0.0225906823434958,0.03060098098227394,False
2018-07-30,0.0057707893155871,0.0225906823434958,0.03060098098227394,False
2018-07-31,-0.004872837219303,0.0225906823434958,0.03060098098227394,False
2018-08-01,0.0010408930675711,0.0225906823434958,0.03060098098227394,False
2018-08-02,-0.0049143495822087,0.0225906823434958,0.03060098098227394,False
2018-08-03,-0.0046334320653479,0.0225906823434958,0.03060098098227394,False
2018-08-06,-0.0035319826508016,0.0225906823434958,0.03060098098227394,False
2018-08-07,-0.0028202017464857,0.0225906823434958,0.03060098098227394,False
2018-08-08,0.0002624143932951,0.0225906823434958,0.03060098098227394,False
2018-08-09,0.0014427146770399,0.0225906823434958,0.03060098098227394,False
2018-08-10,0.0071393122632444,0.0225906823434958,0.03060098098227394,False
2018-08-13,0.0040140376659802,0.0225906823434958,0.03060098098227394,False
2018-08-14,-0.0063689300164174,0.0225906823434958,0.03060098098227394,False
2018-08-15,0.0076312085813788,0.0225906823434958,0.03060098098227394,False
2018-08-16,-0.0078882145526381,0.0225906823434958,0.03060098098227394,False
2018-08-17,-0.003317606375263,0.0225906823434958,0.03060098098227394,False
2018-08-20,-0.0024250749021282,0.0225906823434958,0.03060098098227394,False
2018-08-21,-0.002066399954627,0.0225906823434958,0.03060098098227394,False
2018-08-22,0.0003982310542435,0.0225906823434958,0.03060098098227394,False
2018-08-23,0.0016926939235351,0.0225906823434958,0.03060098098227394,False
2018-08-24,-0.0061797059282853,0.0225906823434958,0.03060098098227394,False
2018-08-27,-0.0076411414071104,0.0225906823434958,0.03060098098227394,False
2018-08-28,-0.0002692420775983,0.0225906823434958,0.03060098098227394,False
2018-08-29,-0.0056852424689116,0.0225906823434958,0.03060098098227394,False
2018-08-30,0.004440172044458,0.0225906823434958,0.03060098098227394,False
2018-08-31,-0.0001344684673049,0.0225906823434958,0.03060098098227394,False
2018-09-04,0.0016556920488793,0.0225906823434958,0.03060098098227394,False
2018-09-05,0.0028070628012659,0.0225906823434958,0.03060098098227394,False
2018-09-06,0.0036589910366181,0.0221640670570649,0.030068245911519638,False
2018-09-07,0.0022157978950144,0.0221640670570649,0.030068245911519638,False
2018-09-10,-0.0018960282146933,0.0221640670570649,0.030068245911519638,False
2018-09-11,-0.0037328656897154,0.0221640670570649,0.030068245911519638,False
2018-09-12,-0.0003566083498935,0.0221640670570649,0.030068245911519638,False
2018-09-13,-0.0052683521593913,0.0221640670570649,0.030068245911519638,False
2018-09-14,-0.0002754439007663,0.0221640670570649,0.030068245911519638,False
2018-09-17,0.0055852909915492,0.0221640670570649,0.030068245911519638,False
2018-09-18,-0.0053546528676252,0.0221640670570649,0.030068245911519638,False
2018-09-19,-0.0012524880331719,0.0221640670570649,0.030068245911519638,False
2018-09-20,-0.007810014185329,0.0221640670570649,0.030068245911519638,False
2018-09-21,0.000368600937007,0.0221640670570649,0.030068245911519638,False
2018-09-24,0.0035218823140138,0.0221640670570649,0.030068245911519638,False
2018-09-25,0.0013059484931179,0.0221640670570649,0.030068245911519638,False
2018-09-26,0.0032946996811599,0.0221640670570649,0.030068245911519638,False
2018-09-27,-0.0027594762285113,0.0221640670570649,0.030068245911519638,False
2018-09-28,6.870144138179519e-06,0.0221640670570649,0.030068245911519638,False
2018-10-01,-0.0036344923421985,0.0221640670570649,0.030068245911519638,False
2018-10-02,0.000396768910279,0.0221640670570649,0.030068245911519638,False
2018-10-03,-0.0007112667367183,0.0221640670570649,0.030068245911519638,False
2018-10-04,0.0082030354210098,0.0221640670570649,0.030068245911519638,False
2018-10-05,0.0055433145846221,0.0221640670570649,0.030068245911519638,False
2018-10-08,0.0003951947083496,0.0221640670570649,0.030068245911519638,False
2018-10-09,0.0014189098341542,0.0221640670570649,0.030068245911519638,False
2018-10-10,0.033416389042602,0.0221640670570649,0.030068245911519638,True
2018-10-11,0.0207875799725415,0.0225906823434958,0.032318710308627055,False
2018-10-12,-0.0141062354083762,0.0225906823434958,0.032318710308627055,False
2018-10-15,0.0059224822913,0.0225906823434958,0.032318710308627055,False
2018-10-16,-0.0212678280349012,0.0225906823434958,0.032318710308627055,False
2018-10-17,0.0002526942626648,0.0225906823434958,0.032318710308627055,False
2018-10-18,0.0144964905753411,0.0225906823434958,0.032318710308627055,False
2018-10-19,0.0003612351352793,0.0225906823434958,0.032318710308627055,False
2018-10-22,0.0043087970964778,0.0225906823434958,0.032318710308627055,False
2018-10-23,0.0055270761806941,0.0225906823434958,0.032318710308627055,False
2018-10-24,0.0313507738611408,0.0225906823434958,0.032318710308627055,True
2018-10-25,-0.0184537179787141,0.0254848869728544,0.034070728612156057,False
2018-10-26,0.0174791380100031,0.0254848869728544,0.034070728612156057,False
2018-10-29,0.0065812082951939,0.0254848869728544,0.034070728612156057,False
2018-10-30,-0.0155453229718774,0.0254848869728544,0.034070728612156057,False
2018-10-31,-0.010792878754571,0.0254848869728544,0.034070728612156057,False
2018-11-01,-0.0105024988685292,0.0254848869728544,0.034070728612156057,False
2018-11-02,0.0063367210558797,0.0254848869728544,0.034070728612156057,False
2018-11-05,-0.0055846936971941,0.0254848869728544,0.034070728612156057,False
2018-11-06,-0.0062397877444086,0.0254848869728544,0.034070728612156057,False
2018-11-07,-0.020987078560774,0.0254848869728544,0.034070728612156057,False
2018-11-08,0.0025120689884914,0.0254848869728544,0.034070728612156057,False
2018-11-09,0.0092415859153724,0.0254848869728544,0.034070728612156057,False
2018-11-12,0.0198981509854674,0.0254848869728544,0.034070728612156057,False
2018-11-13,0.0014830188221738,0.0254848869728544,0.034070728612156057,False
2018-11-14,0.0075961888184505,0.0254848869728544,0.034070728612156057,False
2018-11-15,-0.0105380327426419,0.0254848869728544,0.034070728612156057,False
2018-11-16,-0.0022208375374839,0.0254848869728544,0.034070728612156057,False
2018-11-19,0.0167831612357214,0.0254848869728544,0.034070728612156057,False
2018-11-20,0.0183179955565859,0.0254848869728544,0.034070728612156057,False
2018-11-21,-0.0030386693107672,0.0254848869728544,0.034070728612156057,False
2018-11-23,0.0065764197118556,0.0254848869728544,0.034070728612156057,False
2018-11-26,-0.0154129758453664,0.0254848869728544,0.034070728612156057,False
2018-11-27,-0.0032563843646126,0.0254848869728544,0.034070728612156057,False
2018-11-28,-0.0227140513031137,0.0254848869728544,0.034070728612156057,False
2018-11-29,0.0021854945453934,0.0254848869728544,0.034070728612156057,False
2018-11-30,-0.0081375477166175,0.0254848869728544,0.034070728612156057,False
2018-12-03,-0.0108820017943624,0.0254848869728544,0.034070728612156057,False
2018-12-04,0.0329002288385561,0.0254848869728544,0.034070728612156057,True
2018-12-06,0.0015233879141442,0.0313507738611408,0.0355537969852964,False
2018-12-07,0.0235963354563222,0.0313507738611408,0.0355537969852964,False
2018-12-10,-0.0017606032229163,0.0313507738611408,0.0355537969852964,False
2018-12-11,0.0003564096753056,0.0313507738611408,0.0355537969852964,False
2018-12-12,-0.0054048710103512,0.0313507738611408,0.0355537969852964,False
2018-12-13,0.000199950312415,0.0313507738611408,0.0355537969852964,False
2018-12-14,0.0192712122686998,0.0313507738611408,0.0355537969852964,False
2018-12-17,0.0209922848285766,0.0313507738611408,0.0355537969852964,False
2018-12-18,-8.639685378910398e-05,0.0313507738611408,0.0355537969852964,False
2018-12-19,0.0155154591759368,0.0313507738611408,0.0355537969852964,False
2018-12-20,0.0158978094841039,0.0313507738611408,0.0355537969852964,False
2018-12-21,0.0208031204985406,0.0313507738611408,0.0355537969852964,False
2018-12-24,0.0274865728783144,0.0313507738611408,0.0355537969852964,False
2018-12-26,-0.048403177670805,0.0313507738611408,0.0355537969852964,False
2018-12-27,-0.0085262289688169,0.0313507738611408,0.0355537969852964,False
2018-12-28,0.0012423539102312,0.0313507738611408,0.0355537969852964,False
2018-12-31,-0.0084566258622068,0.0313507738611408,0.0355537969852964,False
2019-01-02,-0.0012676930626261,0.0313507738611408,0.0355537969852964,False
2019-01-03,0.0250683318189151,0.0313507738611408,0.0355537969852964,False
2019-01-04,-0.0337593990603464,0.0313507738611408,0.0355537969852964,False
2019-01-07,-0.0069859759952297,0.0313507738611408,0.0355537969852964,False
2019-01-08,-0.0096485873364973,0.0313507738611408,0.0355537969852964,False
2019-01-09,-0.0040896713328221,0.0313507738611408,0.0355537969852964,False
2019-01-10,-0.0045082413744622,0.0313507738611408,0.0355537969852964,False
2019-01-11,0.0001463085444824,0.0313507738611408,0.0355537969852964,False
2019-01-14,0.0052713945872494,0.0313507738611408,0.0355537969852964,False
2019-01-15,-0.010664618879761,0.0313507738611408,0.0355537969852964,False
2019-01-16,-0.0022195205290883,0.0313507738611408,0.0355537969852964,False
2019-01-17,-0.0075627307062357,0.0313507738611408,0.0355537969852964,False
2019-01-18,-0.0130969128398557,0.0313507738611408,0.0355537969852964,False
2019-01-22,0.0142584768279724,0.0313507738611408,0.0355537969852964,False
2019-01-23,-0.0022004899194508,0.0313507738611408,0.0355537969852964,False
2019-01-24,-0.0013747801109775,0.0313507738611408,0.0355537969852964,False
2019-01-25,-0.008452867700518,0.0313507738611408,0.0355537969852964,False
2019-01-28,0.0078777758487088,0.0313507738611408,0.0355537969852964,False
2019-01-29,0.0014573079351148,0.0313507738611408,0.0355537969852964,False
2019-01-30,-0.01542960989156,0.0313507738611408,0.0355537969852964,False
2019-01-31,-0.0085606488097677,0.0313507738611408,0.0355537969852964,False
2019-02-01,-0.0008982065848071,0.0313507738611408,0.0355537969852964,False
2019-02-04,-0.0067533811174796,0.0313507738611408,0.0355537969852964,False
2019-02-05,-0.0046973704373502,0.0313507738611408,0.0355537969852964,False
2019-02-06,0.0022269157175087,0.0313507738611408,0.0355537969852964,False
2019-02-07,0.0094011932022302,0.0313507738611408,0.0355537969852964,False
2019-02-08,-0.0006759725660127,0.0313507738611408,0.0355537969852964,False
2019-02-11,-0.0007088518038183,0.0313507738611408,0.0355537969852964,False
2019-02-12,-0.0128078529028386,0.0313507738611408,0.0355537969852964,False
2019-02-13,-0.0030194315937109,0.0313507738611408,0.0355537969852964,False
2019-02-14,0.0026551633836986,0.0313507738611408,0.0355537969852964,False
2019-02-15,-0.0108200046649575,0.0313507738611408,0.0355537969852964,False
2019-02-19,-0.001497621326592,0.0313507738611408,0.0355537969852964,False
2019-02-20,-0.0017755335607409,0.0313507738611408,0.0355537969852964,False
2019-02-21,0.0035326693258413,0.0313507738611408,0.0355537969852964,False
2019-02-22,-0.0063906386947104,0.0313507738611408,0.0355537969852964,False
2019-02-25,-0.0012311044497517,0.0313507738611408,0.0355537969852964,False
2019-02-26,0.0007907696728402,0.0313507738611408,0.0355537969852964,False
2019-02-27,0.000544197436298,0.0313507738611408,0.0355537969852964,False
2019-02-28,0.0028295075989504,0.0313507738611408,0.0355537969852964,False
2019-03-01,-0.006871656588713,0.0313507738611408,0.0355537969852964,False
2019-03-04,0.0038881073952551,0.0313507738611408,0.0355537969852964,False
2019-03-05,0.0011321734897068,0.0313507738611408,0.0355537969852964,False
2019-03-06,0.006545473604125,0.0313507738611408,0.0355537969852964,False
2019-03-07,0.0081589111383311,0.0313507738611408,0.0355537969852964,False
2019-03-08,0.0021339641314536,0.0313507738611408,0.0355537969852964,False
2019-03-11,-0.0145595355634894,0.0313507738611408,0.0355537969852964,False
2019-03-12,-0.0029489657278051,0.0313507738611408,0.0355537969852964,False
2019-03-13,-0.0069255467570192,0.0313507738611408,0.0355537969852964,False
2019-03-14,0.0008683993315961,0.0313507738611408,0.0355537969852964,False
2019-03-15,-0.0049725194084307,0.0313507738611408,0.0355537969852964,False
2019-03-18,-0.003699096798908,0.0313507738611408,0.0355537969852964,False
2019-03-19,0.0001305700799267,0.0313507738611408,0.0355537969852964,False
2019-03-20,0.0029486967407696,0.0313507738611408,0.0355537969852964,False
2019-03-21,-0.0107940154946893,0.0313507738611408,0.0355537969852964,False
2019-03-22,0.0191568271342732,0.0313507738611408,0.0355537969852964,False
2019-03-25,0.00083937283331,0.0313507738611408,0.0355537969852964,False
2019-03-26,-0.007157052947934,0.0313507738611408,0.0355537969852964,False
2019-03-27,0.0046551432765988,0.0313507738611408,0.0355537969852964,False
2019-03-28,-0.0035830547152617,0.0313507738611408,0.0355537969852964,False
2019-03-29,-0.0067117060433246,0.0313507738611408,0.0355537969852964,False
2019-04-01,-0.0115021955180444,0.0313507738611408,0.0355537969852964,False
2019-04-02,-1.7455554858152623e-05,0.0313507738611408,0.0355537969852964,False
2019-04-03,-0.0021460724200891,0.0313507738611408,0.0355537969852964,False
2019-04-04,-0.0020824652429942,0.0313507738611408,0.0355537969852964,False
2019-04-05,-0.0046257176230991,0.0313507738611408,0.0355537969852964,False
2019-04-08,-0.0010469117505236,0.0313507738611408,0.0355537969852964,False
2019-04-09,0.0060859764356695,0.0313507738611408,0.0355537969852964,False
2019-04-10,-0.0034718377544999,0.0313507738611408,0.0355537969852964,False
2019-04-11,-3.8122340342693696e-05,0.0313507738611408,0.0355537969852964,False
2019-04-12,-0.0065875783895457,0.0313507738611408,0.0355537969852964,False
2019-04-15,0.0006295672443571,0.0313507738611408,0.0355537969852964,False
2019-04-16,-0.0005092283251399,0.0313507738611408,0.0355537969852964,False
2019-04-17,0.0022764008207388,0.0313507738611408,0.0355537969852964,False
2019-04-18,-0.0015778468242496,0.0313507738611408,0.0355537969852964,False
2019-04-22,-0.0010115058169329,0.0313507738611408,0.0355537969852964,False
2019-04-23,-0.0088023511749953,0.0313507738611408,0.0355537969852964,False
2019-04-24,0.0021941686030362,0.0313507738611408,0.0355537969852964,False
2019-04-25,0.0003690417402728,0.0313507738611408,0.0355537969852964,False
2019-04-26,-0.0046743503233048,0.0313507738611408,0.0355537969852964,False
2019-04-29,-0.0010709485042338,0.0313507738611408,0.0355537969852964,False
2019-04-30,-0.0009509646987914,0.0313507738611408,0.0355537969852964,False
2019-05-01,0.0075304458502913,0.0313507738611408,0.0355537969852964,False
2019-05-02,0.0021262446486827,0.0313507738611408,0.0355537969852964,False
2019-05-03,-0.0095921274789174,0.0313507738611408,0.0355537969852964,False
2019-05-06,0.0044810131890725,0.0313507738611408,0.0355537969852964,False
2019-05-07,0.0166494880889055,0.0313507738611408,0.0355537969852964,False
2019-05-08,0.0016067153894199,0.0313507738611408,0.0355537969852964,False
2019-05-09,0.0030259986619282,0.0313507738611408,0.0355537969852964,False
2019-05-10,-0.0037133940699186,0.0313507738611408,0.0355537969852964,False
2019-05-13,0.0244264691384975,0.0313507738611408,0.0355537969852964,False
2019-05-14,-0.007983987523216,0.0313507738611408,0.0355537969852964,False
2019-05-15,-0.005821994327723,0.0313507738611408,0.0355537969852964,False
2019-05-16,-0.008855957116499,0.0313507738611408,0.0355537969852964,False
2019-05-17,0.0058544371740438,0.0313507738611408,0.0355537969852964,False
2019-05-20,0.0067722579754053,0.0313507738611408,0.0355537969852964,False
2019-05-21,-0.0084599490931906,0.0313507738611408,0.0355537969852964,False
2019-05-22,0.0028283923638994,0.0313507738611408,0.0355537969852964,False
2019-05-23,0.0119856922412819,0.0313507738611408,0.0355537969852964,False
2019-05-24,-0.0013526437720373,0.0313507738611408,0.0355537969852964,False
2019-05-28,0.0084109500002602,0.0313507738611408,0.0355537969852964,False
2019-05-29,0.0069359101672313,0.0313507738611408,0.0355537969852964,False
2019-05-30,-0.002096272674997,0.0313507738611408,0.0355537969852964,False
2019-05-31,0.0132832052504529,0.0313507738611408,0.0355537969852964,False
2019-06-03,0.0027690706543079,0.0313507738611408,0.0355537969852964,False
2019-06-04,-0.0212059270810777,0.0313507738611408,0.0355537969852964,False
2019-06-05,-0.0081287269788136,0.0313507738611408,0.0355537969852964,False
2019-06-06,-0.0061168406760044,0.0313507738611408,0.0355537969852964,False
2019-06-07,-0.01044297924726,0.0313507738611408,0.0355537969852964,False
2019-06-10,-0.0046492200747654,0.0313507738611408,0.0355537969852964,False
2019-06-11,0.0003499414579512,0.0313507738611408,0.0355537969852964,False
2019-06-12,0.0020396578272374,0.0313507738611408,0.0355537969852964,False
2019-06-13,-0.0040890105028501,0.0313507738611408,0.0355537969852964,False
2019-06-14,0.0016128117861529,0.0313507738611408,0.0355537969852964,False
2019-06-17,-0.0009313154323528,0.0313507738611408,0.0355537969852964,False
2019-06-18,-0.0096704895929706,0.0313507738611408,0.0355537969852964,False
2019-06-19,-0.0029807167930238,0.0313507738611408,0.0355537969852964,False
2019-06-20,-0.0094276053358731,0.0313507738611408,0.0355537969852964,False
2019-06-21,0.0012600162797279,0.0313507738611408,0.0355537969852964,False
2019-06-24,0.001733388460587,0.0313507738611408,0.0355537969852964,False
2019-06-25,0.0095417756403875,0.0313507738611408,0.0355537969852964,False
2019-06-26,0.0012346956788039,0.0313507738611408,0.0355537969852964,False
2019-06-27,-0.0038158857925908,0.0313507738611408,0.0355537969852964,False
2019-06-28,-0.0057409418405996,0.0313507738611408,0.0355537969852964,False
2019-07-01,-0.0076430186109539,0.0313507738611408,0.0355537969852964,False
2019-07-02,-0.0029238472769886,0.0313507738611408,0.0355537969852964,False
2019-07-03,-0.0076430956606841,0.0313507738611408,0.0355537969852964,False
2019-07-05,0.0018075342045486,0.0313507738611408,0.0355537969852964,False
2019-07-08,0.0048471730101237,0.0313507738611408,0.0355537969852964,False
2019-07-09,-0.0012357930584538,0.0313507738611408,0.0355537969852964,False
2019-07-10,-0.0045005469360826,0.0313507738611408,0.0355537969852964,False
2019-07-11,-0.0022826195789485,0.0313507738611408,0.0355537969852964,False
2019-07-12,-0.0046095343020665,0.0313507738611408,0.0355537969852964,False
2019-07-15,-0.0001758537283841,0.0313507738611408,0.0355537969852964,False
2019-07-16,0.0034095845550103,0.0313507738611408,0.0355537969852964,False
2019-07-17,0.0065526654660931,0.0313507738611408,0.0355537969852964,False
2019-07-18,-0.003575597708819,0.0313507738611408,0.0355537969852964,False
2019-07-19,0.0061958894648446,0.0313507738611408,0.0355537969852964,False
2019-07-22,-0.0028247016862503,0.0313507738611408,0.0355537969852964,False
2019-07-23,-0.0068241451392764,0.0313507738611408,0.0355537969852964,False
2019-07-24,-0.0046771928134757,0.0313507738611408,0.0355537969852964,False
2019-07-25,0.0052762964835995,0.0313507738611408,0.0355537969852964,False
2019-07-26,-0.007360535770783,0.0313507738611408,0.0355537969852964,False
2019-07-29,0.0016174219290574,0.0313507738611408,0.0355537969852964,False
2019-07-30,0.0025819853720443,0.0313507738611408,0.0355537969852964,False
2019-07-31,0.0109452069521399,0.0313507738611408,0.0355537969852964,False
2019-08-01,0.009039527568806,0.0313507738611408,0.0355537969852964,False
2019-08-02,0.0073093885395651,0.0313507738611408,0.0355537969852964,False
2019-08-05,0.0302301821696947,0.0313507738611408,0.0355537969852964,False
2019-08-06,-0.0129330239111666,0.0313507738611408,0.0355537969852964,False
2019-08-07,-0.0007665823338588,0.0313507738611408,0.0355537969852964,False
2019-08-08,-0.018588462466865,0.0313507738611408,0.0355537969852964,False
2019-08-09,0.0066385931336571,0.0313507738611408,0.0355537969852964,False
2019-08-12,0.0123938091159153,0.0313507738611408,0.0355537969852964,False
2019-08-13,-0.0150183462673018,0.0313507738611408,0.0355537969852964,False
2019-08-14,0.0297303524545356,0.0313507738611408,0.0355537969852964,False
2019-08-15,-0.0024612366981802,0.0313507738611408,0.0355537969852964,False
2019-08-16,-0.014323058172245,0.0313507738611408,0.0355537969852964,False
2019-08-19,-0.0120331755643975,0.0313507738611408,0.0355537969852964,False
2019-08-20,0.0079462153121154,0.0313507738611408,0.0355537969852964,False
2019-08-21,-0.0082129795573529,0.0313507738611408,0.0355537969852964,False
2019-08-22,0.0005062029592785,0.0313507738611408,0.0355537969852964,False
2019-08-23,0.0262888811228378,0.0313507738611408,0.0355537969852964,False
2019-08-26,-0.0109231127307978,0.0313507738611408,0.0355537969852964,False
2019-08-27,0.0032083218005562,0.0313507738611408,0.0355537969852964,False
2019-08-28,-0.0065241515305625,0.0313507738611408,0.0355537969852964,False
2019-08-29,-0.0126074824410943,0.0313507738611408,0.0355537969852964,False
2019-08-30,-0.0006425807598767,0.0313507738611408,0.0355537969852964,False
2019-09-03,0.0069230093326854,0.0313507738611408,0.0355537969852964,False
2019-09-04,-0.0107837252784214,0.0313507738611408,0.0355537969852964,False
2019-09-05,-0.0129259129217597,0.0313507738611408,0.0355537969852964,False
2019-09-06,-0.0009101908043767,0.0313507738611408,0.0355537969852964,False
2019-09-09,9.401467889992668e-05,0.0313507738611408,0.0355537969852964,False
2019-09-10,-0.000322252425931,0.0313507738611408,0.0355537969852964,False
2019-09-11,-0.0072036723263872,0.0313507738611408,0.0355537969852964,False
2019-09-12,-0.0028750162782333,0.0313507738611408,0.0355537969852964,False
2019-09-13,0.000724676876966,0.0313507738611408,0.0355537969852964,False
2019-09-16,0.0031405129163559,0.0313507738611408,0.0355537969852964,False
2019-09-17,-0.0025784253724619,0.0313507738611408,0.0355537969852964,False
2019-09-18,-0.0003426332842671,0.0313507738611408,0.0355537969852964,False
2019-09-19,-1.9974521929475905e-05,0.0313507738611408,0.0355537969852964,False
2019-09-20,0.0049075991048803,0.0313507738611408,0.0355537969852964,False
2019-09-23,9.694061782751376e-05,0.0313507738611408,0.0355537969852964,False
2019-09-24,0.0084519889635514,0.0313507738611408,0.0355537969852964,False
2019-09-25,-0.0061396852419639,0.0313507738611408,0.0355537969852964,False
2019-09-26,0.0024318710096131,0.0313507738611408,0.0355537969852964,False
2019-09-27,0.0053305345791285,0.0313507738611408,0.0355537969852964,False
2019-09-30,-0.0050349102152483,0.0313507738611408,0.0355537969852964,False
2019-10-01,0.0123341269454128,0.0313507738611408,0.0355537969852964,False
2019-10-02,0.0180654041876438,0.0313507738611408,0.0355537969852964,False
2019-10-03,-0.0079403047738667,0.0313507738611408,0.0355537969852964,False
2019-10-04,-0.0141167852392592,0.0313507738611408,0.0355537969852964,False
2019-10-07,0.0044883522736815,0.0313507738611408,0.0355537969852964,False
2019-10-08,0.0156831595521099,0.0313507738611408,0.0355537969852964,False
2019-10-09,-0.0090632965148459,0.0313507738611408,0.0355537969852964,False
2019-10-10,-0.0063952024117826,0.0313507738611408,0.0355537969852964,False
2019-10-11,-0.010879579673789,0.0313507738611408,0.0355537969852964,False
2019-10-14,0.0013880816732189,0.0313507738611408,0.0355537969852964,False
2019-10-15,-0.0099064453764891,0.0313507738611408,0.0355537969852964,False
2019-10-16,0.0020015445531937,0.0313507738611408,0.0355537969852964,False
2019-10-17,-0.0027590219697752,0.0313507738611408,0.0355537969852964,False
2019-10-18,0.0039270457097998,0.0313507738611408,0.0355537969852964,False
2019-10-21,-0.0068481141053337,0.0313507738611408,0.0355537969852964,False
2019-10-22,0.0035750492583768,0.0313507738611408,0.0355537969852964,False
2019-10-23,-0.0028431033458307,0.0313507738611408,0.0355537969852964,False
2019-10-24,-0.0019186046591713,0.0313507738611408,0.0355537969852964,False
2019-10-25,-0.004064429510656,0.0313507738611408,0.0355537969852964,False
2019-10-28,-0.0055658199161177,0.0313507738611408,0.0355537969852964,False
2019-10-29,0.0008327519564807,0.0313507738611408,0.0355537969852964,False
2019-10-30,-0.0032480894008573,0.0313507738611408,0.0355537969852964,False
2019-10-31,0.003027438634539,0.0313507738611408,0.0355537969852964,False
2019-11-01,-0.0096159305596475,0.0313507738611408,0.0355537969852964,False
2019-11-04,-0.0036972458053124,0.0313507738611408,0.0355537969852964,False
2019-11-05,0.0011864027118206,0.0313507738611408,0.0355537969852964,False
2019-11-06,-0.0007022505922896,0.0313507738611408,0.0355537969852964,False
2019-11-07,-0.0027263752442806,0.0313507738611408,0.0355537969852964,False
2019-11-08,-0.0025574031451158,0.0313507738611408,0.0355537969852964,False
2019-11-11,0.0019643954133371,0.0313507738611408,0.0355537969852964,False
2019-11-12,-0.001563423301263,0.0313507738611408,0.0355537969852964,False
2019-11-13,-0.0007112815701162,0.0313507738611408,0.0355537969852964,False
2019-11-14,-0.0008366926144567,0.0313507738611408,0.0355537969852964,False
2019-11-15,-0.0076660287779731,0.0313507738611408,0.0355537969852964,False
2019-11-18,-0.0005030263228096,0.0313507738611408,0.0355537969852964,False
2019-11-19,0.0005927700996925,0.0313507738611408,0.0355537969852964,False
2019-11-20,0.003763256420941,0.0313507738611408,0.0355537969852964,False
2019-11-21,0.0015840060861895,0.0313507738611408,0.0355537969852964,False
2019-11-22,-0.0021725739423759,0.0313507738611408,0.0355537969852964,False
2019-11-25,-0.0074792518874672,0.0313507738611408,0.0355537969852964,False
2019-11-26,-0.0021931636449402,0.0313507738611408,0.0355537969852964,False
2019-11-27,-0.0041657356252997,0.0313507738611408,0.0355537969852964,False
2019-11-29,0.004019286229989,0.0313507738611408,0.0355537969852964,False
2019-12-02,0.0086684836939636,0.0313507738611408,0.0355537969852964,False
2019-12-03,0.0066602252580451,0.0313507738611408,0.0355537969852964,False
2019-12-04,-0.0063036576087699,0.0313507738611408,0.0355537969852964,False
2019-12-05,-0.0014991269266302,0.0313507738611408,0.0355537969852964,False
2019-12-06,-0.009094246030426,0.0313507738611408,0.0355537969852964,False
2019-12-09,0.0031678336844743,0.0313507738611408,0.0355537969852964,False
2019-12-10,0.0010975361689841,0.0313507738611408,0.0355537969852964,False
2019-12-11,-0.0029039375293507,0.0313507738611408,0.0355537969852964,False
2019-12-12,-0.008538667375555,0.0313507738611408,0.0355537969852964,False
2019-12-13,-7.25791502146863e-05,0.0313507738611408,0.0355537969852964,False
2019-12-16,-0.0071223609425427,0.0313507738611408,0.0355537969852964,False
2019-12-17,-0.0003352360284609,0.0313507738611408,0.0355537969852964,False
2019-12-18,0.0004323936405227,0.0313507738611408,0.0355537969852964,False
2019-12-19,-0.0044493788218642,0.0313507738611408,0.0355537969852964,False
2019-12-20,-0.004932595804334,0.0313507738611408,0.0355537969852964,False
2019-12-23,-0.0008657687142985,0.0313507738611408,0.0355537969852964,False
2019-12-24,0.0001954673024681,0.0313507738611408,0.0355537969852964,False
2019-12-26,-0.0051150624100539,0.0313507738611408,0.0355537969852964,False
2019-12-27,-3.3984139657930306e-05,0.0313507738611408,0.0355537969852964,False
2019-12-30,0.0057975960793499,0.0313507738611408,0.0355537969852964,False
2019-12-31,-0.0029416906441907,0.0313507738611408,0.0355537969852964,False
2020-01-02,-0.0083438953623167,0.0313507738611408,0.0355537969852964,False
2020-01-03,0.0070849093649545,0.0313507738611408,0.0355537969852964,False
2020-01-06,-0.0035271451942725,0.0313507738611408,0.0355537969852964,False
2020-01-07,0.0028071750845948,0.0313507738611408,0.0355537969852964,False
2020-01-08,-0.0048904734856411,0.0313507738611408,0.0355537969852964,False
2020-01-09,-0.0066332141169064,0.0313507738611408,0.0355537969852964,False
2020-01-10,0.0028592624875049,0.0313507738611408,0.0355537969852964,False
2020-01-13,-0.0069519940459332,0.0313507738611408,0.0355537969852964,False
2020-01-14,0.0015156808368957,0.0313507738611408,0.0355537969852964,False
2020-01-15,-0.0018684502436879,0.0313507738611408,0.0355537969852964,False
2020-01-16,-0.008331747422232,0.0313507738611408,0.0355537969852964,False
2020-01-17,-0.0038547232474851,0.0313507738611408,0.0355537969852964,False
2020-01-21,0.0026555003695853,0.0313507738611408,0.0355537969852964,False
2020-01-22,-0.000289034296681,0.0313507738611408,0.0355537969852964,False
2020-01-23,-0.0011403261933582,0.0313507738611408,0.0355537969852964,False
2020-01-24,0.0090832894261937,0.0313507738611408,0.0355537969852964,False
2020-01-27,0.015855752356844,0.0313507738611408,0.0355537969852964,False
2020-01-28,-0.0100033835003525,0.0313507738611408,0.0355537969852964,False
2020-01-29,0.0008672501435846,0.0313507738611408,0.0355537969852964,False
2020-01-30,-0.003129456930211,0.0313507738611408,0.0355537969852964,False
2020-01-31,0.0178644435713629,0.0313507738611408,0.0355537969852964,False
2020-02-03,-0.0072284257612325,0.0302301821696947,0.03323132523155906,False
2020-02-04,-0.014869315917506,0.0302301821696947,0.03323132523155906,False
2020-02-05,-0.0111877786589729,0.0302301821696947,0.03323132523155906,False
2020-02-06,-0.0033201550570019,0.0297303524545356,0.03152558527330584,False
2020-02-07,0.0054154910094583,0.0297303524545356,0.03152558527330584,False
2020-02-10,-0.0072996901205732,0.0297303524545356,0.03152558527330584,False
2020-02-11,-0.0016870486860021,0.0297303524545356,0.03152558527330584,False
2020-02-12,-0.006441853105203,0.0297303524545356,0.03152558527330584,False
2020-02-13,0.0016317763599886,0.0297303524545356,0.03152558527330584,False
2020-02-14,-0.0018418360984854,0.0297303524545356,0.03152558527330584,False
2020-02-18,0.0029242139861477,0.0297303524545356,0.03152558527330584,False
2020-02-19,-0.0046947482842849,0.0297303524545356,0.03152558527330584,False
2020-02-20,0.0038228174279975,0.0297303524545356,0.03152558527330584,False
2020-02-21,0.0105738092328197,0.0297303524545356,0.03152558527330584,False
2020-02-24,0.0340880794204407,0.0297303524545356,0.03152558527330584,True
2020-02-25,0.0307479043753532,0.0302301821696947,0.03239713066648686,True
2020-02-26,0.00378569732353,0.0307479043753532,0.03250067510761856,False
2020-02-27,0.0451681363522611,0.0307479043753532,0.03250067510761856,True
2020-02-28,0.008272463109653,0.0313507738611408,0.03538472150300014,False
2020-03-02,-0.0450108687694132,0.0313507738611408,0.03538472150300014,False
2020-03-03,0.0285104849229145,0.0313507738611408,0.03538472150300014,False
2020-03-04,-0.0413363493606331,0.0313507738611408,0.03538472150300014,False
2020-03-05,0.0345107824399811,0.0313507738611408,0.03538472150300014,True
2020-03-06,0.0172009436523861,0.0329002288385561,0.0360167232187682,False
2020-03-09,0.0790104129403714,0.0329002288385561,0.0360167232187682,True
2020-03-10,-0.0482150524258591,0.033416389042602,0.04523876003913126,False
2020-03-11,0.0501028928086054,0.033416389042602,0.04523876003913126,True
2020-03-12,0.0999448524024735,0.0340880794204407,0.04857606079233194,True
2020-03-13,-0.0888084069492359,0.0345107824399811,0.06174741538873849,False
2020-03-16,0.1276521974728174,0.0345107824399811,0.06174741538873849,True
2020-03-17,-0.0582263126356917,0.0451681363522611,0.08037569839530576,False
2020-03-18,0.0532222723320802,0.0451681363522611,0.08037569839530576,True
2020-03-19,-0.004696760970401,0.0501028928086054,0.0819865255912696,False
2020-03-20,0.0443276240533668,0.0501028928086054,0.0819865255912696,False
2020-03-23,0.0297315010095767,0.0501028928086054,0.0819865255912696,False
2020-03-24,-0.0896832325179632,0.0501028928086054,0.0819865255912696,False
2020-03-25,-0.0114689904208222,0.0501028928086054,0.0819865255912696,False
2020-03-26,-0.0605438310742465,0.0501028928086054,0.0819865255912696,False
2020-03-27,0.0342678455416263,0.0501028928086054,0.0819865255912696,False
2020-03-30,-0.0329665905699747,0.0501028928086054,0.0819865255912696,False
2020-03-31,0.0161423107884158,0.0501028928086054,0.0819865255912696,False
2020-04-01,0.0451463627327869,0.0501028928086054,0.0819865255912696,False
2020-04-02,-0.0225726570569603,0.0501028928086054,0.0819865255912696,False
2020-04-03,0.0152528608259442,0.0501028928086054,0.0819865255912696,False
2020-04-06,-0.0679682441448303,0.0501028928086054,0.0819865255912696,False
2020-04-07,0.0016043390483624,0.0501028928086054,0.0819865255912696,False
2020-04-08,-0.0334893711912846,0.0501028928086054,0.0819865255912696,False
2020-04-09,-0.0143834703036993,0.0501028928086054,0.0819865255912696,False
2020-04-13,0.0101560594446771,0.0501028928086054,0.0819865255912696,False
2020-04-14,-0.0301145595723075,0.0501028928086054,0.0819865255912696,False
2020-04-15,0.0222767326723692,0.0501028928086054,0.0819865255912696,False
2020-04-16,-0.0057998378395412,0.0501028928086054,0.0819865255912696,False
2020-04-17,-0.0264409320213205,0.0501028928086054,0.0819865255912696,False
2020-04-20,0.0180428456153477,0.0501028928086054,0.0819865255912696,False
2020-04-21,0.0311551152363306,0.0501028928086054,0.0819865255912696,False
2020-04-22,-0.0226713005821367,0.0501028928086054,0.0819865255912696,False
2020-04-23,0.0005395676601955,0.0501028928086054,0.0819865255912696,False
2020-04-24,-0.0138220905668392,0.0501028928086054,0.0819865255912696,False
2020-04-27,-0.0146068681817359,0.0501028928086054,0.0819865255912696,False
2020-04-28,0.0052561701904836,0.0501028928086054,0.0819865255912696,False
2020-04-29,-0.026236704045073,0.0501028928086054,0.0819865255912696,False
2020-04-30,0.0092551433190548,0.0501028928086054,0.0819865255912696,False
2020-05-01,0.0284602110147759,0.0501028928086054,0.0819865255912696,False
2020-05-04,-0.0042408225788494,0.0501028928086054,0.0819865255912696,False
2020-05-05,-0.0089999351977798,0.0501028928086054,0.0819865255912696,False
2020-05-06,0.0070038803990425,0.0501028928086054,0.0819865255912696,False
2020-05-07,-0.0114389557548908,0.0501028928086054,0.0819865255912696,False
2020-05-08,-0.0167307950652262,0.0501028928086054,0.0819865255912696,False
2020-05-11,-0.0001330693667907,0.0501028928086054,0.0819865255912696,False
2020-05-12,0.0207133657720476,0.0501028928086054,0.0819865255912696,False
2020-05-13,0.01761699662428,0.0501028928086054,0.0819865255912696,False
2020-05-14,-0.0114589178040714,0.0501028928086054,0.0819865255912696,False
2020-05-15,-0.003918675203723,0.0501028928086054,0.0819865255912696,False
2020-05-18,-0.0310152087700734,0.0501028928086054,0.0819865255912696,False
2020-05-19,0.0105397477115992,0.0501028928086054,0.0819865255912696,False
2020-05-20,-0.0165139906134157,0.0501028928086054,0.0819865255912696,False
2020-05-21,0.0078039683099536,0.0501028928086054,0.0819865255912696,False
2020-05-22,-0.0023509456868123,0.0501028928086054,0.0819865255912696,False
2020-05-26,-0.0122142850214605,0.0501028928086054,0.0819865255912696,False
2020-05-27,-0.0147184474903143,0.0501028928086054,0.0819865255912696,False
2020-05-28,0.0021101393249195,0.0501028928086054,0.0819865255912696,False
2020-05-29,-0.0048007935523079,0.0501028928086054,0.0819865255912696,False
2020-06-01,-0.0037442164783643,0.0501028928086054,0.0819865255912696,False
2020-06-02,-0.0081773072823986,0.0501028928086054,0.0819865255912696,False
2020-06-03,-0.0135566708125639,0.0501028928086054,0.0819865255912696,False
2020-06-04,0.0033743890836089,0.0501028928086054,0.0819865255912696,False
2020-06-05,-0.0258740128216358,0.0501028928086054,0.0819865255912696,False
2020-06-08,-0.011969656405806,0.0501028928086054,0.0819865255912696,False
2020-06-09,0.0078297434197219,0.0501028928086054,0.0819865255912696,False
2020-06-10,0.005327255735182,0.0501028928086054,0.0819865255912696,False
2020-06-11,0.0607526929962889,0.0501028928086054,0.0819865255912696,True
2020-06-12,-0.0129762866052117,0.0532222723320802,0.08411648562880628,False
2020-06-15,-0.0082778608181752,0.0532222723320802,0.08411648562880628,False
2020-06-16,-0.0187848528667105,0.0532222723320802,0.08411648562880628,False
2020-06-17,0.0036067962326294,0.0532222723320802,0.08411648562880628,False
2020-06-18,-0.0005940434038017,0.0532222723320802,0.08411648562880628,False
2020-06-19,0.0056655135656737,0.0532222723320802,0.08411648562880628,False
2020-06-22,-0.0064740932966583,0.0532222723320802,0.08411648562880628,False
2020-06-23,-0.0042981691914837,0.0532222723320802,0.08411648562880628,False
2020-06-24,0.0261952655956623,0.0532222723320802,0.08411648562880628,False
2020-06-25,-0.0108998277282181,0.0532222723320802,0.08411648562880628,False
2020-06-26,0.0245252042748311,0.0532222723320802,0.08411648562880628,False
2020-06-29,-0.0145788881135335,0.0532222723320802,0.08411648562880628,False
2020-06-30,-0.0152923494357555,0.0532222723320802,0.08411648562880628,False
2020-07-01,-0.0050095639758705,0.0532222723320802,0.08411648562880628,False
2020-07-02,-0.0045309704768169,0.0532222723320802,0.08411648562880628,False
2020-07-06,-0.0157569308321632,0.0532222723320802,0.08411648562880628,False
2020-07-07,0.0108774778696435,0.0532222723320802,0.08411648562880628,False
2020-07-08,-0.0077969862634302,0.0532222723320802,0.08411648562880628,False
2020-07-09,0.0056595914761946,0.0532222723320802,0.08411648562880628,False
2020-07-10,-0.010411809774443,0.0532222723320802,0.08411648562880628,False
2020-07-13,0.0094066452160588,0.0532222723320802,0.08411648562880628,False
2020-07-14,-0.0133173005829039,0.0532222723320802,0.08411648562880628,False
2020-07-15,-0.009041056936355,0.0532222723320802,0.08411648562880628,False
2020-07-16,0.0034119152141152,0.0532222723320802,0.08411648562880628,False
2020-07-17,-0.0028445625875835,0.0532222723320802,0.08411648562880628,False
2020-07-20,-0.0083717972551403,0.0532222723320802,0.08411648562880628,False
2020-07-21,-0.00167762933456,0.0532222723320802,0.08411648562880628,False
2020-07-22,-0.0057306305944738,0.0532222723320802,0.08411648562880628,False
2020-07-23,0.0123963784122468,0.0532222723320802,0.08411648562880628,False
2020-07-24,0.0062096400242761,0.0532222723320802,0.08411648562880628,False
2020-07-27,-0.0073679288214823,0.0532222723320802,0.08411648562880628,False
2020-07-28,0.0064944354186463,0.0532222723320802,0.08411648562880628,False
2020-07-29,-0.0123517833517425,0.0532222723320802,0.08411648562880628,False
2020-07-30,0.0037573017634548,0.0532222723320802,0.08411648562880628,False
2020-07-31,-0.0076412362421762,0.0532222723320802,0.08411648562880628,False
2020-08-03,-0.0071553626643586,0.0532222723320802,0.08411648562880628,False
2020-08-04,-0.0036054230261335,0.0532222723320802,0.08411648562880628,False
2020-08-05,-0.0064091604355179,0.0532222723320802,0.08411648562880628,False
2020-08-06,-0.0064071260206648,0.0532222723320802,0.08411648562880628,False
2020-08-07,-0.0006328292699566,0.0532222723320802,0.08411648562880628,False
2020-08-10,-0.0027384652733919,0.0532222723320802,0.08411648562880628,False
2020-08-11,0.0080010554013772,0.0532222723320802,0.08411648562880628,False
2020-08-12,-0.0138995022936135,0.0532222723320802,0.08411648562880628,False
2020-08-13,0.0020492726761566,0.0532222723320802,0.08411648562880628,False
2020-08-14,0.000171897396279,0.0532222723320802,0.08411648562880628,False
2020-08-17,-0.0027061775074234,0.0532222723320802,0.08411648562880628,False
2020-08-18,-0.0023007404198168,0.0532222723320802,0.08411648562880628,False
2020-08-19,0.004414123345182,0.0532222723320802,0.08411648562880628,False
2020-08-20,-0.0031536547683461,0.0532222723320802,0.08411648562880628,False
2020-08-21,-0.0034351999829724,0.0532222723320802,0.08411648562880628,False
2020-08-24,-0.0099936153649035,0.0532222723320802,0.08411648562880628,False
2020-08-25,-0.0035898997455401,0.0532222723320802,0.08411648562880628,False
2020-08-26,-0.0101440013448414,0.0532222723320802,0.08411648562880628,False
2020-08-27,-0.0016716460318091,0.0532222723320802,0.08411648562880628,False
2020-08-28,-0.0067100028495702,0.0532222723320802,0.08411648562880628,False
2020-08-31,0.0021973751755085,0.0532222723320802,0.08411648562880628,False
2020-09-01,-0.0074968314207059,0.0532222723320802,0.08411648562880628,False
2020-09-02,-0.0152490501438697,0.0532222723320802,0.08411648562880628,False
2020-09-03,0.0357575941421853,0.0532222723320802,0.08411648562880628,False
2020-09-04,0.0081662807542751,0.0532222723320802,0.08411648562880628,False
2020-09-08,0.0281488290864667,0.0532222723320802,0.08411648562880628,False
2020-09-09,-0.0199447606621803,0.0532222723320802,0.08411648562880628,False
2020-09-10,0.0177412459253955,0.0532222723320802,0.08411648562880628,False
2020-09-11,-0.0005329301580873,0.0532222723320802,0.08411648562880628,False
2020-09-14,-0.0126613350250229,0.0532222723320802,0.08411648562880628,False
2020-09-15,-0.0052057859304996,0.0532222723320802,0.08411648562880628,False
2020-09-16,0.0046296468921518,0.0532222723320802,0.08411648562880628,False
2020-09-17,0.0084479495285524,0.0532222723320802,0.08411648562880628,False
2020-09-18,0.0112455769478285,0.0532222723320802,0.08411648562880628,False
2020-09-21,0.0116385640272977,0.0532222723320802,0.08411648562880628,False
2020-09-22,-0.0104630163983761,0.0532222723320802,0.08411648562880628,False
2020-09-23,0.0240073389143741,0.0532222723320802,0.08411648562880628,False
2020-09-24,-0.002983005554629,0.0532222723320802,0.08411648562880628,False
2020-09-25,-0.0158504392241884,0.0532222723320802,0.08411648562880628,False
2020-09-28,-0.0159821918538544,0.0532222723320802,0.08411648562880628,False
2020-09-29,0.0048242827044439,0.0532222723320802,0.08411648562880628,False
2020-09-30,-0.0082198425683796,0.0532222723320802,0.08411648562880628,False
2020-10-01,-0.005278949564295,0.0532222723320802,0.08411648562880628,False
2020-10-02,0.0096238128663708,0.0532222723320802,0.08411648562880628,False
2020-10-05,-0.0178131090029009,0.0532222723320802,0.08411648562880628,False
2020-10-06,0.0140720643875232,0.0532222723320802,0.08411648562880628,False
2020-10-07,-0.0172471637702415,0.0532222723320802,0.08411648562880628,False
2020-10-08,-0.0079782128948692,0.0532222723320802,0.08411648562880628,False
2020-10-09,-0.0087550951807528,0.0532222723320802,0.08411648562880628,False
2020-10-12,-0.0162825301583242,0.0532222723320802,0.08411648562880628,False
2020-10-13,0.0063268916291632,0.0532222723320802,0.08411648562880628,False
2020-10-14,0.0066451720840594,0.0532222723320802,0.08411648562880628,False
2020-10-15,0.001528923514213,0.0532222723320802,0.08411648562880628,False
2020-10-16,-0.0001349104566304,0.0532222723320802,0.08411648562880628,False
2020-10-19,0.0164646635149426,0.0532222723320802,0.08411648562880628,False
2020-10-20,-0.0047161953200011,0.0532222723320802,0.08411648562880628,False
2020-10-21,0.0021981140115702,0.0532222723320802,0.08411648562880628,False
2020-10-22,-0.0052053540034913,0.0532222723320802,0.08411648562880628,False
2020-10-23,-0.0034398383203894,0.0532222723320802,0.08411648562880628,False
2020-10-26,0.018764472985322,0.0532222723320802,0.08411648562880628,False
2020-10-27,0.0030302053504455,0.0532222723320802,0.08411648562880628,False
2020-10-28,0.0359255421085777,0.0532222723320802,0.08411648562880628,False
2020-10-29,-0.0118765249399974,0.0532222723320802,0.08411648562880628,False
2020-10-30,0.0122037134452599,0.0532222723320802,0.08411648562880628,False
2020-11-02,-0.0122429508905916,0.0532222723320802,0.08411648562880628,False
2020-11-03,-0.0176427376840778,0.0532222723320802,0.08411648562880628,False
2020-11-04,-0.0218075256550917,0.0532222723320802,0.08411648562880628,False
2020-11-05,-0.0192732657767012,0.0532222723320802,0.08411648562880628,False
2020-11-06,0.0002877565853738,0.0532222723320802,0.08411648562880628,False
2020-11-09,-0.0116319747463441,0.0532222723320802,0.08411648562880628,False
2020-11-10,0.0014007752208676,0.0532222723320802,0.08411648562880628,False
2020-11-11,-0.0076227283629914,0.0532222723320802,0.08411648562880628,False
2020-11-12,0.0100286515470693,0.0532222723320802,0.08411648562880628,False
2020-11-13,-0.013518546706294,0.0532222723320802,0.08411648562880628,False
2020-11-16,-0.0115807349228326,0.0532222723320802,0.08411648562880628,False
2020-11-17,0.0048034437846475,0.0532222723320802,0.08411648562880628,False
2020-11-18,0.0116312106474813,0.0532222723320802,0.08411648562880628,False
2020-11-19,-0.0039386756907327,0.0532222723320802,0.08411648562880628,False
2020-11-20,0.0068157373729185,0.0532222723320802,0.08411648562880628,False
2020-11-23,-0.0056201081818496,0.0532222723320802,0.08411648562880628,False
2020-11-24,-0.0160324588140317,0.0532222723320802,0.08411648562880628,False
2020-11-25,0.0015856747555094,0.0532222723320802,0.08411648562880628,False
2020-11-27,-0.0023941110259011,0.0532222723320802,0.08411648562880628,False
2020-11-30,0.004606140636972,0.0532222723320802,0.08411648562880628,False
2020-12-01,-0.0112081406615929,0.0532222723320802,0.08411648562880628,False
2020-12-02,-0.0017895645286042,0.0532222723320802,0.08411648562880628,False
2020-12-03,0.0006243520802942,0.0532222723320802,0.08411648562880628,False
2020-12-04,-0.0087974637151868,0.0532222723320802,0.08411648562880628,False
2020-12-07,0.0019375134389632,0.0532222723320802,0.08411648562880628,False
2020-12-08,-0.0027832711701704,0.0532222723320802,0.08411648562880628,False
2020-12-09,0.0079809649484717,0.0532222723320802,0.08411648562880628,False
2020-12-10,0.0012859345277717,0.0532222723320802,0.08411648562880628,False
2020-12-11,0.0012657980842328,0.0532222723320802,0.08411648562880628,False
2020-12-14,0.0043687882451469,0.0532222723320802,0.08411648562880628,False
2020-12-15,-0.0128384820222186,0.0532222723320802,0.08411648562880628,False
2020-12-16,-0.001771225620323,0.0532222723320802,0.08411648562880628,False
2020-12-17,-0.0057411428089832,0.0532222723320802,0.08411648562880628,False
2020-12-18,0.0035172969521487,0.0532222723320802,0.08411648562880628,False
2020-12-21,0.0039139284869094,0.0532222723320802,0.08411648562880628,False
2020-12-22,0.0020752446917703,0.0532222723320802,0.08411648562880628,False
2020-12-23,-0.0007455332718186,0.0532222723320802,0.08411648562880628,False
2020-12-24,-0.0035303499794869,0.0532222723320802,0.08411648562880628,False
2020-12-28,-0.0086847075384115,0.0532222723320802,0.08411648562880628,False
2020-12-29,0.0022298648272786,0.0532222723320802,0.08411648562880628,False
2020-12-30,-0.0013406480950792,0.0532222723320802,0.08411648562880628,False
2020-12-31,-0.0064182047117037,0.0532222723320802,0.08411648562880628,False
2021-01-04,0.0148647627120257,0.0532222723320802,0.08411648562880628,False
2021-01-05,-0.007057631383362,0.0532222723320802,0.08411648562880628,False
2021-01-06,-0.005693603382474,0.0532222723320802,0.08411648562880628,False
2021-01-07,-0.0147382601077529,0.0532222723320802,0.08411648562880628,False
2021-01-08,-0.0054768373935153,0.0532222723320802,0.08411648562880628,False
2021-01-11,0.0065763276166213,0.0532222723320802,0.08411648562880628,False
2021-01-12,-0.0004157020305695,0.0532222723320802,0.08411648562880628,False
2021-01-13,-0.0022730563867261,0.0532222723320802,0.08411648562880628,False
2021-01-14,0.0037605130687431,0.0532222723320802,0.08411648562880628,False
2021-01-15,0.0072160007982785,0.0532222723320802,0.08411648562880628,False
2021-01-19,-0.0081034576357616,0.0532222723320802,0.08411648562880628,False
2021-01-20,-0.0138394173765108,0.0532222723320802,0.08411648562880628,False
2021-01-21,-0.0003166731613135,0.0532222723320802,0.08411648562880628,False
2021-01-22,0.0030151526629377,0.0532222723320802,0.08411648562880628,False
2021-01-25,-0.0036093175130174,0.0532222723320802,0.08411648562880628,False
2021-01-26,0.0014899431611535,0.0532222723320802,0.08411648562880628,False
2021-01-27,0.0260133151261003,0.0532222723320802,0.08411648562880628,False
2021-01-28,-0.0097132987787603,0.0532222723320802,0.08411648562880628,False
2021-01-29,0.019500377654792,0.0532222723320802,0.08411648562880628,False
2021-02-01,-0.0159243002346786,0.0532222723320802,0.08411648562880628,False
2021-02-02,-0.0138025288143106,0.0532222723320802,0.08411648562880628,False
2021-02-03,-0.0010082606153447,0.0532222723320802,0.08411648562880628,False
2021-02-04,-0.0107948476439219,0.0532222723320802,0.08411648562880628,False
2021-02-05,-0.0038899196077638,0.0532222723320802,0.08411648562880628,False
2021-02-08,-0.007372107476289,0.0532222723320802,0.08411648562880628,False
2021-02-09,0.0011141454217211,0.0532222723320802,0.08411648562880628,False
2021-02-10,0.0003452445223915,0.0532222723320802,0.08411648562880628,False
2021-02-11,-0.0016610748145877,0.0532222723320802,0.08411648562880628,False
2021-02-12,-0.0046999709261626,0.0532222723320802,0.08411648562880628,False
2021-02-16,0.0005694345154154,0.0532222723320802,0.08411648562880628,False
2021-02-17,0.0003204533489169,0.0532222723320802,0.08411648562880628,False
2021-02-18,0.0044256142272433,0.0532222723320802,0.08411648562880628,False
2021-02-19,0.0018566190956649,0.0532222723320802,0.08411648562880628,False
2021-02-22,0.0077628928937108,0.0532222723320802,0.08411648562880628,False
2021-02-23,-0.0012555296115265,0.0532222723320802,0.08411648562880628,False
2021-02-24,-0.0112876676709859,0.0532222723320802,0.08411648562880628,False
2021-02-25,0.0247833944241718,0.0532222723320802,0.08411648562880628,False
2021-02-26,0.0047615322937987,0.0532222723320802,0.08411648562880628,False
2021-03-01,-0.0235121732256935,0.0532222723320802,0.08411648562880628,False
2021-03-02,0.0081136787395087,0.0532222723320802,0.08411648562880628,False
2021-03-03,0.0131523358948011,0.0532222723320802,0.08411648562880628,False
2021-03-04,0.0135080380643904,0.0532222723320802,0.08411648562880628,False
2021-03-05,-0.0193083563387091,0.0532222723320802,0.08411648562880628,False
2021-03-08,0.0053736432240254,0.0532222723320802,0.08411648562880628,False
2021-03-09,-0.0140554007439305,0.0532222723320802,0.08411648562880628,False
2021-03-10,-0.0060122037709881,0.0532222723320802,0.08411648562880628,False
2021-03-11,-0.0103418255006576,0.0532222723320802,0.08411648562880628,False
2021-03-12,-0.0010148833275308,0.0532222723320802,0.08411648562880628,False
2021-03-15,-0.006470939539413,0.0532222723320802,0.08411648562880628,False
2021-03-16,0.0015709169785959,0.0532222723320802,0.08411648562880628,False
2021-03-17,-0.0028752446501592,0.0532222723320802,0.08411648562880628,False
2021-03-18,0.0148705600659477,0.0532222723320802,0.08411648562880628,False
2021-03-19,0.000602885673755,0.0532222723320802,0.08411648562880628,False
2021-03-22,-0.0070005568983427,0.0532222723320802,0.08411648562880628,False
2021-03-23,0.007660118119334,0.0532222723320802,0.08411648562880628,False
2021-03-24,0.0054823366003488,0.0532222723320802,0.08411648562880628,False
2021-03-25,-0.0052265834327292,0.0532222723320802,0.08411648562880628,False
2021-03-26,-0.0164944186587165,0.0532222723320802,0.08411648562880628,False
2021-03-29,0.0008683896263867,0.0532222723320802,0.08411648562880628,False
2021-03-30,0.00316282940965,0.0532222723320802,0.08411648562880628,False
2021-03-31,-0.0036159535924198,0.0532222723320802,0.08411648562880628,False
2021-04-01,-0.0117558304276741,0.0532222723320802,0.08411648562880628,False
2021-04-05,-0.0143349877622439,0.0532222723320802,0.08411648562880628,False
2021-04-06,0.0009740049407969,0.0532222723320802,0.08411648562880628,False
2021-04-07,-0.0014741456981068,0.0532222723320802,0.08411648562880628,False
2021-04-08,-0.0042117509405917,0.0532222723320802,0.08411648562880628,False
2021-04-09,-0.0076902881356872,0.0532222723320802,0.08411648562880628,False
2021-04-12,0.0001960980747395,0.0532222723320802,0.08411648562880628,False
2021-04-13,-0.0032890718770625,0.0532222723320802,0.08411648562880628,False
2021-04-14,0.0040961043207301,0.0532222723320802,0.08411648562880628,False
2021-04-15,-0.0110331014011194,0.0532222723320802,0.08411648562880628,False
2021-04-16,-0.0036023233905179,0.0532222723320802,0.08411648562880628,False
2021-04-19,0.0053206898937579,0.0532222723320802,0.08411648562880628,False
2021-04-20,0.0068255610050778,0.0532222723320802,0.08411648562880628,False
2021-04-21,-0.0092630209198532,0.0532222723320802,0.08411648562880628,False
2021-04-22,0.0092533378605543,0.0532222723320802,0.08411648562880628,False
2021-04-23,-0.0108694098955309,0.0532222723320802,0.08411648562880628,False
2021-04-26,-0.0017806845645826,0.0532222723320802,0.08411648562880628,False
2021-04-27,0.0002149189814442,0.0532222723320802,0.08411648562880628,False
2021-04-28,0.000845897587396,0.0532222723320802,0.08411648562880628,False
2021-04-29,-0.0067400415367024,0.0532222723320802,0.08411648562880628,False
2021-04-30,0.0072207134171198,0.0532222723320802,0.08411648562880628,False
2021-05-03,-0.0027443216495121,0.0532222723320802,0.08411648562880628,False
2021-05-04,0.0067007374898472,0.0532222723320802,0.08411648562880628,False
2021-05-05,-0.0007032164471135,0.0532222723320802,0.08411648562880628,False
2021-05-06,-0.008132299498632,0.0532222723320802,0.08411648562880628,False
2021-05-07,-0.0073462914191863,0.0532222723320802,0.08411648562880628,False
2021-05-10,0.010490480503138,0.0532222723320802,0.08411648562880628,False
2021-05-11,0.0087117501417815,0.0532222723320802,0.08411648562880628,False
2021-05-12,0.0216827823583024,0.0532222723320802,0.08411648562880628,False
2021-05-13,-0.012099644578094,0.0532222723320802,0.08411648562880628,False
2021-05-14,-0.0148077785636236,0.0532222723320802,0.08411648562880628,False
2021-05-17,0.0025332581839619,0.0532222723320802,0.08411648562880628,False
2021-05-18,0.0085537723840327,0.0532222723320802,0.08411648562880628,False
2021-05-19,0.0029477518113784,0.0532222723320802,0.08411648562880628,False
2021-05-20,-0.0104994293345084,0.0532222723320802,0.08411648562880628,False
2021-05-21,0.0007841880752528,0.0532222723320802,0.08411648562880628,False
2021-05-24,-0.009862497481216,0.0532222723320802,0.08411648562880628,False
2021-05-25,0.0021275454008285,0.0532222723320802,0.08411648562880628,False
2021-05-26,-0.0018750575506104,0.0532222723320802,0.08411648562880628,False
2021-05-27,-0.0011646360898629,0.0532222723320802,0.08411648562880628,False
2021-05-28,-0.0007685864528873,0.0532222723320802,0.08411648562880628,False
2021-06-01,0.0004924547586291,0.0532222723320802,0.08411648562880628,False
2021-06-02,-0.0014458890369002,0.0532222723320802,0.08411648562880628,False
2021-06-03,0.0036353030560493,0.0532222723320802,0.08411648562880628,False
2021-06-04,-0.0087953033830163,0.0532222723320802,0.08411648562880628,False
2021-06-07,0.0007970562694215,0.0532222723320802,0.08411648562880628,False
2021-06-08,-0.0001750095494412,0.0532222723320802,0.08411648562880628,False
2021-06-09,0.0018255325906156,0.0532222723320802,0.08411648562880628,False
2021-06-10,-0.0046414547764629,0.0532222723320802,0.08411648562880628,False
2021-06-11,-0.0019465389328083,0.0532222723320802,0.08411648562880628,False
2021-06-14,-0.0018135563851361,0.0532222723320802,0.08411648562880628,False
2021-06-15,0.0020137199542758,0.0532222723320802,0.08411648562880628,False
2021-06-16,0.0054047037470264,0.0532222723320802,0.08411648562880628,False
2021-06-17,0.0004358105436726,0.0532222723320802,0.08411648562880628,False
2021-06-18,0.0132113556872841,0.0532222723320802,0.08411648562880628,False
2021-06-21,-0.0139051635123198,0.0532222723320802,0.08411648562880628,False
2021-06-22,-0.0051114063789906,0.0532222723320802,0.08411648562880628,False
2021-06-23,0.0010838705186495,0.0532222723320802,0.08411648562880628,False
2021-06-24,-0.0057944295459168,0.0532222723320802,0.08411648562880628,False
2021-06-25,-0.0033250631646875,0.0532222723320802,0.08411648562880628,False
2021-06-28,-0.0023122888604717,0.0532222723320802,0.08411648562880628,False
2021-06-29,-0.0002772977426878,0.0532222723320802,0.08411648562880628,False
2021-06-30,-0.0013272784229071,0.0532222723320802,0.08411648562880628,False
2021-07-01,-0.0052080414322547,0.0532222723320802,0.08411648562880628,False
2021-07-02,-0.0074720958946916,0.0532222723320802,0.08411648562880628,False
2021-07-06,0.0020239027700217,0.0532222723320802,0.08411648562880628,False
2021-07-07,-0.0033533465536629,0.0532222723320802,0.08411648562880628,False
2021-07-08,0.0085978810095563,0.0532222723320802,0.08411648562880628,False
2021-07-09,-0.0112148259024137,0.0532222723320802,0.08411648562880628,False
2021-07-12,-0.003445232695594,0.0532222723320802,0.08411648562880628,False
2021-07-13,0.0035230111811655,0.0532222723320802,0.08411648562880628,False
2021-07-14,-0.0011642565654693,0.0532222723320802,0.08411648562880628,False
2021-07-15,0.0032675735627459,0.0532222723320802,0.08411648562880628,False
2021-07-16,0.0075674150068132,0.0532222723320802,0.08411648562880628,False
2021-07-19,0.0159967813999839,0.0532222723320802,0.08411648562880628,False
2021-07-20,-0.0150488060047999,0.0532222723320802,0.08411648562880628,False
2021-07-21,-0.008208041662144,0.0532222723320802,0.08411648562880628,False
2021-07-22,-0.0020146392092429,0.0532222723320802,0.08411648562880628,False
2021-07-23,-0.0100943323862544,0.0532222723320802,0.08411648562880628,False
2021-07-26,-0.0023793669227295,0.0532222723320802,0.08411648562880628,False
2021-07-27,0.004723583382178,0.0532222723320802,0.08411648562880628,False
2021-07-28,0.0001862792315527,0.0532222723320802,0.08411648562880628,False
2021-07-29,-0.0041973318452726,0.0532222723320802,0.08411648562880628,False
2021-07-30,0.0054207136082611,0.0532222723320802,0.08411648562880628,False
2021-08-02,0.0018445056700603,0.0532222723320802,0.08411648562880628,False
2021-08-03,-0.008169961338918,0.0532222723320802,0.08411648562880628,False
2021-08-04,0.0046431506612954,0.0532222723320802,0.08411648562880628,False
2021-08-05,-0.0059874859904191,0.0532222723320802,0.08411648562880628,False
2021-08-06,-0.0016738645485288,0.0532222723320802,0.08411648562880628,False
2021-08-09,0.0009403502649549,0.0532222723320802,0.08411648562880628,False
2021-08-10,-0.0009921869538634,0.0532222723320802,0.08411648562880628,False
2021-08-11,-0.0012749307180154,0.0532222723320802,0.08411648562880628,False
2021-08-12,-0.0041378077354786,0.0532222723320802,0.08411648562880628,False
2021-08-13,-0.0016060163209228,0.0532222723320802,0.08411648562880628,False
2021-08-16,-0.0026174222619943,0.0532222723320802,0.08411648562880628,False
2021-08-17,0.0070857435071379,0.0532222723320802,0.08411648562880628,False
2021-08-18,0.0108066528452543,0.0532222723320802,0.08411648562880628,False
2021-08-19,-0.0012559032561569,0.0532222723320802,0.08411648562880628,False
2021-08-20,-0.0081086038907417,0.0532222723320802,0.08411648562880628,False
2021-08-23,-0.0084876679844121,0.0532222723320802,0.08411648562880628,False
2021-08-24,-0.001494618801962,0.0532222723320802,0.08411648562880628,False
2021-08-25,-0.0022176574032508,0.0532222723320802,0.08411648562880628,False
2021-08-26,0.0058419498276026,0.0532222723320802,0.08411648562880628,False
2021-08-27,-0.0087690715404522,0.0532222723320802,0.08411648562880628,False
2021-08-30,-0.0042973241068746,0.0532222723320802,0.08411648562880628,False
2021-08-31,0.0013500269158932,0.0532222723320802,0.08411648562880628,False
2021-09-01,-0.0003116400609533,0.0532222723320802,0.08411648562880628,False
2021-09-02,-0.0028386057544042,0.0532222723320802,0.08411648562880628,False
2021-09-03,0.0003350872611813,0.0532222723320802,0.08411648562880628,False
2021-09-07,0.0034013524523203,0.0532222723320802,0.08411648562880628,False
2021-09-08,0.0013194368138166,0.0532222723320802,0.08411648562880628,False
2021-09-09,0.0046162471500025,0.0532222723320802,0.08411648562880628,False
2021-09-10,0.0077525522862761,0.0532222723320802,0.08411648562880628,False
2021-09-13,-0.0022739003463696,0.0532222723320802,0.08411648562880628,False
2021-09-14,0.0057632139662586,0.0532222723320802,0.08411648562880628,False
2021-09-15,-0.0084382942220797,0.0532222723320802,0.08411648562880628,False
2021-09-16,0.0015523447127638,0.0532222723320802,0.08411648562880628,False
2021-09-17,0.0091526302757993,0.0532222723320802,0.08411648562880628,False
2021-09-20,0.0171230777263818,0.0532222723320802,0.08411648562880628,False
2021-09-21,0.0008126886585469,0.0532222723320802,0.08411648562880628,False
2021-09-22,-0.00947458522422,0.0532222723320802,0.08411648562880628,False
2021-09-23,-0.0120616803699359,0.0532222723320802,0.08411648562880628,False
2021-09-24,-0.0014599428113642,0.0532222723320802,0.08411648562880628,False
2021-09-27,0.0027802439201876,0.0532222723320802,0.08411648562880628,False
2021-09-28,0.020574317739894,0.0532222723320802,0.08411648562880628,False
2021-09-29,-0.0015679543362838,0.0532222723320802,0.08411648562880628,False
2021-09-30,0.0119812029450149,0.0532222723320802,0.08411648562880628,False
2021-10-01,-0.0114259521133341,0.0532222723320802,0.08411648562880628,False
2021-10-04,0.0130709520486437,0.0532222723320802,0.08411648562880628,False
2021-10-05,-0.0104695174986015,0.0532222723320802,0.08411648562880628,False
2021-10-06,-0.0040943993496248,0.0532222723320802,0.08411648562880628,False
2021-10-07,-0.0082640392250654,0.0532222723320802,0.08411648562880628,False
2021-10-08,0.0019155566024214,0.0532222723320802,0.08411648562880628,False
2021-10-11,0.0068894416443398,0.0532222723320802,0.08411648562880628,False
2021-10-12,0.0024197056865549,0.0532222723320802,0.08411648562880628,False
2021-10-13,-0.0030179558702319,0.0532222723320802,0.08411648562880628,False
2021-10-14,-0.0169191622857115,0.0532222723320802,0.08411648562880628,False
2021-10-15,-0.00743252063719,0.0532222723320802,0.08411648562880628,False
2021-10-18,-0.0033690878018038,0.0532222723320802,0.08411648562880628,False
2021-10-19,-0.0073661427842357,0.0532222723320802,0.08411648562880628,False
2021-10-20,-0.0036573335985606,0.0532222723320802,0.08411648562880628,False
2021-10-21,-0.00299139316836,0.0532222723320802,0.08411648562880628,False
2021-10-22,0.0010731292246643,0.0532222723320802,0.08411648562880628,False
2021-10-25,-0.0047369594408535,0.0532222723320802,0.08411648562880628,False
2021-10-26,-0.0018181414322441,0.0532222723320802,0.08411648562880628,False
2021-10-27,0.0050643703711055,0.0532222723320802,0.08411648562880628,False
2021-10-28,-0.009781288424184,0.0532222723320802,0.08411648562880628,False
2021-10-29,-0.0019474372317175,0.0532222723320802,0.08411648562880628,False
2021-11-01,-0.0017984589459023,0.0532222723320802,0.08411648562880628,False
2021-11-02,-0.0036736071203885,0.0532222723320802,0.08411648562880628,False
2021-11-03,-0.0064404946128902,0.0532222723320802,0.08411648562880628,False
2021-11-04,-0.004173222342817,0.0532222723320802,0.08411648562880628,False
2021-11-05,-0.0037258500452844,0.0532222723320802,0.08411648562880628,False
2021-11-08,-0.0008873940607025,0.0532222723320802,0.08411648562880628,False
2021-11-09,0.0035049109264001,0.0532222723320802,0.08411648562880628,False
2021-11-10,0.008259842163861,0.0532222723320802,0.08411648562880628,False
2021-11-11,-0.0005507883329889,0.0532222723320802,0.08411648562880628,False
2021-11-12,-0.0071966975641304,0.0532222723320802,0.08411648562880628,False
2021-11-15,1.0739878017001878e-05,0.0532222723320802,0.08411648562880628,False
2021-11-16,-0.0038577790571266,0.0532222723320802,0.08411648562880628,False
2021-11-17,0.0026050154828958,0.0532222723320802,0.08411648562880628,False
2021-11-18,-0.0033790647401719,0.0532222723320802,0.08411648562880628,False
2021-11-19,0.001399644604988,0.0532222723320802,0.08411648562880628,False
2021-11-22,0.0032022583169607,0.0532222723320802,0.08411648562880628,False
2021-11-23,-0.0016557613831952,0.0532222723320802,0.08411648562880628,False
2021-11-24,-0.0022912237766672,0.0532222723320802,0.08411648562880628,False
2021-11-26,0.0229870111593211,0.0532222723320802,0.08411648562880628,False
2021-11-29,-0.0131138360828242,0.0532222723320802,0.08411648562880628,False
2021-11-30,0.0191433811878505,0.0532222723320802,0.08411648562880628,False
2021-12-01,0.0118855414579559,0.0532222723320802,0.08411648562880628,False
2021-12-02,-0.0140946383960577,0.0532222723320802,0.08411648562880628,False
2021-12-03,0.0084844551417386,0.0532222723320802,0.08411648562880628,False
2021-12-06,-0.0116625993096861,0.0532222723320802,0.08411648562880628,False
2021-12-07,-0.0204956031862525,0.0532222723320802,0.08411648562880628,False
2021-12-08,-0.0030805355865858,0.0532222723320802,0.08411648562880628,False
2021-12-09,0.0072069882325236,0.0532222723320802,0.08411648562880628,False
2021-12-10,-0.0095037691182097,0.0532222723320802,0.08411648562880628,False
2021-12-13,0.0091781583427938,0.0532222723320802,0.08411648562880628,False
2021-12-14,0.0074987228546236,0.0532222723320802,0.08411648562880628,False
2021-12-15,-0.0162162673518908,0.0532222723320802,0.08411648562880628,False
2021-12-16,0.0087818633111124,0.0532222723320802,0.08411648562880628,False
2021-12-17,0.0103409645840536,0.0532222723320802,0.08411648562880628,False
2021-12-20,0.0114533983232565,0.0532222723320802,0.08411648562880628,False
2021-12-21,-0.0176217553851954,0.0532222723320802,0.08411648562880628,False
2021-12-22,-0.0101287280291275,0.0532222723320802,0.08411648562880628,False
2021-12-23,-0.0062044126852516,0.0532222723320802,0.08411648562880628,False
2021-12-27,-0.0137440515736058,0.0532222723320802,0.08411648562880628,False
2021-12-28,0.0010106653988873,0.0532222723320802,0.08411648562880628,False
2021-12-29,-0.0014009134018576,0.0532222723320802,0.08411648562880628,False
2021-12-30,0.0029942338419043,0.0532222723320802,0.08411648562880628,False
2021-12-31,0.0026296343734744,0.0532222723320802,0.08411648562880628,False
2022-01-03,-0.0063538241703883,0.0532222723320802,0.08411648562880628,False
2022-01-04,0.0006298202522032,0.0532222723320802,0.08411648562880628,False
2022-01-05,0.019583264304501,0.0532222723320802,0.08411648562880628,False
2022-01-06,0.0009642337401809,0.0532222723320802,0.08411648562880628,False
2022-01-07,0.0040584410823365,0.0532222723320802,0.08411648562880628,False
2022-01-10,0.0014420705375388,0.0532222723320802,0.08411648562880628,False
2022-01-11,-0.0091182864523993,0.0532222723320802,0.08411648562880628,False
2022-01-12,-0.002813792014667,0.0532222723320802,0.08411648562880628,False
2022-01-13,0.0143460292344005,0.0532222723320802,0.08411648562880628,False
2022-01-14,-0.0008196442695905,0.0532222723320802,0.08411648562880628,False
2022-01-18,0.0185591053980085,0.0532222723320802,0.08411648562880628,False
2022-01-19,0.0097367909414601,0.0532222723320802,0.08411648562880628,False
2022-01-20,0.0110987423043307,0.0532222723320802,0.08411648562880628,False
2022-01-21,0.0190959953246354,0.0532222723320802,0.08411648562880628,False
2022-01-24,-0.0027679047582695,0.0532222723320802,0.08411648562880628,False
2022-01-25,0.0122465905568662,0.0532222723320802,0.08411648562880628,False
2022-01-26,0.0014977569258856,0.0532222723320802,0.08411648562880628,False
2022-01-27,0.0053986351999709,0.0532222723320802,0.08411648562880628,False
2022-01-28,-0.0240559679147366,0.0532222723320802,0.08411648562880628,False
2022-01-31,-0.0187098262229844,0.0532222723320802,0.08411648562880628,False
2022-02-01,-0.006839560348317,0.0532222723320802,0.08411648562880628,False
2022-02-02,-0.0093784004483244,0.0532222723320802,0.08411648562880628,False
2022-02-03,0.0246934717201206,0.0532222723320802,0.08411648562880628,False
2022-02-04,-0.0051436784398636,0.0532222723320802,0.08411648562880628,False
2022-02-07,0.0037085809278284,0.0532222723320802,0.08411648562880628,False
2022-02-08,-0.0083661134666343,0.0532222723320802,0.08411648562880628,False
2022-02-09,-0.0144128420792647,0.0532222723320802,0.08411648562880628,False
2022-02-10,0.018281824485056,0.0532222723320802,0.08411648562880628,False
2022-02-11,0.0191516826380865,0.0532222723320802,0.08411648562880628,False
2022-02-14,0.0038479907556283,0.0532222723320802,0.08411648562880628,False
2022-02-15,-0.0156437176460641,0.0532222723320802,0.08411648562880628,False
2022-02-16,-0.0008808197202838,0.0532222723320802,0.08411648562880628,False
2022-02-17,0.0214005041369366,0.0532222723320802,0.08411648562880628,False
2022-02-18,0.0071919616638663,0.0532222723320802,0.08411648562880628,False
2022-02-22,0.010194735435016,0.0532222723320802,0.08411648562880628,False
2022-02-23,0.0185837357487884,0.0532222723320802,0.08411648562880628,False
2022-02-24,-0.014846105252724,0.0532222723320802,0.08411648562880628,False
2022-02-25,-0.0221260805512657,0.0532222723320802,0.08411648562880628,False
2022-02-28,0.0024455914631261,0.0532222723320802,0.08411648562880628,False
2022-03-01,0.015594467786613,0.0532222723320802,0.08411648562880628,False
2022-03-02,-0.0184710467806521,0.0532222723320802,0.08411648562880628,False
2022-03-03,0.0052685207442456,0.0501028928086054,0.07833498160245309,False
2022-03-04,0.0079656845430019,0.0501028928086054,0.07833498160245309,False
2022-03-07,0.0299625868144164,0.0451463627327869,0.07734367558728937,False
2022-03-08,0.007260043975698,0.0443276240533668,0.06622022991746804,False
2022-03-09,-0.0253735981221411,0.0443276240533668,0.06622022991746804,False
2022-03-10,0.0043010499202472,0.0359255421085777,0.0478748988446201,False
2022-03-11,0.0130462789332381,0.0359255421085777,0.0478748988446201,False
2022-03-14,0.0074486750955333,0.0357575941421853,0.044381963206641124,False
2022-03-15,-0.0211826297241449,0.0357575941421853,0.044381963206641124,False
2022-03-16,-0.0221369216483934,0.0342678455416263,0.04237000750429302,False
2022-03-17,-0.0122722050687002,0.0342678455416263,0.04237000750429302,False
2022-03-18,-0.0115948144118881,0.0342678455416263,0.04237000750429302,False
2022-03-21,0.0004347548543014,0.0342678455416263,0.04237000750429302,False
2022-03-22,-0.0112406995540742,0.0342678455416263,0.04237000750429302,False
2022-03-23,0.0123486302524952,0.0311551152363306,0.04174746144323388,False
2022-03-24,-0.014242012281618,0.0311551152363306,0.04174746144323388,False
2022-03-25,-0.0050533807042376,0.0311551152363306,0.04174746144323388,False
2022-03-28,-0.0071195510200425,0.0299625868144164,0.03871070625955979,False
2022-03-29,-0.012182044101391,0.0299625868144164,0.03871070625955979,False
2022-03-30,0.0063135889990887,0.0299625868144164,0.03871070625955979,False
2022-03-31,0.0157763352268817,0.0299625868144164,0.03871070625955979,False
2022-04-01,-0.003404420961463,0.0299625868144164,0.03871070625955979,False
2022-04-04,-0.0080583825321336,0.0299625868144164,0.03871070625955979,False
2022-04-05,0.0126311590740053,0.0299625868144164,0.03871070625955979,False
2022-04-06,0.0097644339124797,0.0299625868144164,0.03871070625955979,False
2022-04-07,-0.0042443655520372,0.0299625868144164,0.03871070625955979,False
2022-04-08,0.0026545466755523,0.0299625868144164,0.03871070625955979,False
2022-04-11,0.0170213345846961,0.0299625868144164,0.03871070625955979,False
2022-04-12,0.0034233005304522,0.0299625868144164,0.03871070625955979,False
2022-04-13,-0.0111126032689019,0.0299625868144164,0.03871070625955979,False
2022-04-14,0.0122184803835081,0.0284602110147759,0.03817172541524884,False
2022-04-18,0.0002048892724065,0.0284602110147759,0.03817172541524884,False
2022-04-19,-0.0159300447493866,0.0284602110147759,0.03817172541524884,False
2022-04-20,0.0006186664061825,0.0284602110147759,0.03817172541524884,False
2022-04-21,0.014862855551311,0.0284602110147759,0.03817172541524884,False
2022-04-22,0.0281320763773669,0.0284602110147759,0.03817172541524884,False
2022-04-25,-0.0056817651441118,0.0284602110147759,0.03817172541524884,False
2022-04-26,0.0285500089285977,0.0284602110147759,0.03817172541524884,True
2022-04-27,-0.0020958490249645,0.0285500089285977,0.03818968499801321,False
2022-04-28,-0.0244456553408321,0.0285500089285977,0.03818968499801321,False
2022-04-29,0.0369591597846941,0.0285500089285977,0.03818968499801321,True
2022-05-02,-0.0056591992938186,0.0299625868144164,0.03987151516923248,False
2022-05-03,-0.0048254650753595,0.0299625868144164,0.03987151516923248,False
2022-05-04,-0.0294252215573258,0.0299625868144164,0.03987151516923248,False
2022-05-05,0.036300677564099,0.0299625868144164,0.03987151516923248,True
2022-05-06,0.0056903844139527,0.0357575941421853,0.041139133319169005,False
2022-05-09,0.0325615195396041,0.0357575941421853,0.041139133319169005,False
2022-05-10,-0.0024548817604092,0.0357575941421853,0.041139133319169005,False
2022-05-11,0.0166002320956977,0.0357575941421853,0.041139133319169005,False
2022-05-12,0.0012968049941124,0.0357575941421853,0.041139133319169005,False
2022-05-13,-0.0235892679568694,0.0357575941421853,0.041139133319169005,False
2022-05-16,0.0039542085177224,0.0357575941421853,0.041139133319169005,False
2022-05-17,-0.0199689195814626,0.0357575941421853,0.041139133319169005,False
2022-05-18,0.0412338092912488,0.0357575941421853,0.041139133319169005,True
2022-05-19,0.0058508647773478,0.0359255421085777,0.0422343763489817,False
2022-05-20,-0.0001461310919903,0.0359255421085777,0.0422343763489817,False
2022-05-23,-0.0183849954120607,0.0359255421085777,0.0422343763489817,False
2022-05-24,0.008153950903558,0.0359255421085777,0.0422343763489817,False
2022-05-25,-0.0094063856489315,0.0359255421085777,0.0422343763489817,False
2022-05-26,-0.0196881660077208,0.0359255421085777,0.0422343763489817,False
2022-05-27,-0.024441130195822,0.0359255421085777,0.0422343763489817,False
2022-05-31,0.0062941351936669,0.0359255421085777,0.0422343763489817,False
2022-06-01,0.0075109050411554,0.0359255421085777,0.0422343763489817,False
2022-06-02,-0.0182632254155451,0.0359255421085777,0.0422343763489817,False
2022-06-03,0.016482405609817,0.0359255421085777,0.0422343763489817,False
2022-06-06,-0.003132489407036,0.0359255421085777,0.0422343763489817,False
2022-06-07,-0.0094783315317198,0.0357575941421853,0.037235356578160975,False
2022-06-08,0.0108526230401553,0.0357575941421853,0.037235356578160975,False
2022-06-09,0.0240864576651555,0.0357575941421853,0.037235356578160975,False
2022-06-10,0.0295424148114094,0.0357575941421853,0.037235356578160975,False
2022-06-13,0.0395399319900399,0.0357575941421853,0.037235356578160975,True
2022-06-14,0.0037808180394896,0.0359255421085777,0.037991824147731904,False
2022-06-15,-0.0144870588365344,0.0359255421085777,0.037991824147731904,False
2022-06-16,0.0330522071138406,0.0359255421085777,0.037991824147731904,False
2022-06-17,-0.0021984473410133,0.0359255421085777,0.037991824147731904,False
2022-06-21,-0.0241824749606719,0.0359255421085777,0.037991824147731904,False
2022-06-22,0.0013024200953574,0.0359255421085777,0.037991824147731904,False
2022-06-23,-0.0094870724855565,0.0359255421085777,0.037991824147731904,False
2022-06-24,-0.030105539729901,0.0359255421085777,0.037991824147731904,False
2022-06-27,0.0029774998903406,0.0359255421085777,0.037991824147731904,False
2022-06-28,0.0203486731494949,0.0359255421085777,0.037991824147731904,False
2022-06-29,0.0007119988201726,0.0359255421085777,0.037991824147731904,False
2022-06-30,0.0087978662463676,0.0359255421085777,0.037991824147731904,False
2022-07-01,-0.0104985112966391,0.0359255421085777,0.037991824147731904,False
2022-07-05,-0.0015828751061934,0.0359255421085777,0.037991824147731904,False
2022-07-06,-0.0035667957050661,0.0359255421085777,0.037991824147731904,False
2022-07-07,-0.0148537231809303,0.0359255421085777,0.037991824147731904,False
2022-07-08,0.0008306163961273,0.0359255421085777,0.037991824147731904,False
2022-07-11,0.0115944176605255,0.0359255421085777,0.037991824147731904,False
2022-07-12,0.0092868684974937,0.0359255421085777,0.037991824147731904,False
2022-07-13,0.0044668641118166,0.0359255421085777,0.037991824147731904,False
2022-07-14,0.0030031388127643,0.0359255421085777,0.037991824147731904,False
2022-07-15,-0.0190192316586336,0.0359255421085777,0.037991824147731904,False
2022-07-18,0.0083987424858359,0.0359255421085777,0.037991824147731904,False
2022-07-19,-0.0272535176437308,0.0359255421085777,0.037991824147731904,False
2022-07-20,-0.0058784939410571,0.0359255421085777,0.037991824147731904,False
2022-07-21,-0.0098130666895046,0.0359255421085777,0.037991824147731904,False
2022-07-22,0.0093762872938138,0.0359255421085777,0.037991824147731904,False
2022-07-25,-0.0013143029733058,0.0359255421085777,0.037991824147731904,False
2022-07-26,0.0116103425992633,0.0359255421085777,0.037991824147731904,False
2022-07-27,-0.025820048778629,0.0359255421085777,0.037991824147731904,False
2022-07-28,-0.0120603197919128,0.0359255421085777,0.037991824147731904,False
2022-07-29,-0.0141077757817535,0.0359255421085777,0.037991824147731904,False
2022-08-01,0.0028270765449167,0.0359255421085777,0.037991824147731904,False
2022-08-02,0.0066846883788709,0.0359255421085777,0.037991824147731904,False
2022-08-03,-0.0155174562700907,0.0359255421085777,0.037991824147731904,False
2022-08-04,0.0007776424495837,0.0359255421085777,0.037991824147731904,False
2022-08-05,0.0016270690189191,0.0359255421085777,0.037991824147731904,False
2022-08-08,0.0012383171221209,0.0359255421085777,0.037991824147731904,False
2022-08-09,0.0042577442359264,0.0359255421085777,0.037991824147731904,False
2022-08-10,-0.0210671584604074,0.0359255421085777,0.037991824147731904,False
2022-08-11,0.0007057229222018,0.0359255421085777,0.037991824147731904,False
2022-08-12,-0.0171740469514926,0.0359255421085777,0.037991824147731904,False
2022-08-15,-0.0039616840562331,0.0359255421085777,0.037991824147731904,False
2022-08-16,-0.0018739228259478,0.0359255421085777,0.037991824147731904,False
2022-08-17,0.007264114867648,0.0359255421085777,0.037991824147731904,False
2022-08-18,-0.0022669896063847,0.0359255421085777,0.037991824147731904,False
2022-08-19,0.0129839287130388,0.0359255421085777,0.037991824147731904,False
2022-08-22,0.0216323664664945,0.0359255421085777,0.037991824147731904,False
2022-08-23,0.0022403704344374,0.0359255421085777,0.037991824147731904,False
2022-08-24,-0.0029119166987241,0.0359255421085777,0.037991824147731904,False
2022-08-25,-0.013993241836107,0.0359255421085777,0.037991824147731904,False
2022-08-26,0.0342685763170395,0.0359255421085777,0.037991824147731904,False
2022-08-29,0.0066886751973248,0.0359255421085777,0.037991824147731904,False
2022-08-30,0.011089416492117,0.0359255421085777,0.037991824147731904,False
2022-08-31,0.007847738208153,0.0359255421085777,0.037991824147731904,False
2022-09-01,-0.0029917522671948,0.0359255421085777,0.037991824147731904,False
2022-09-02,0.0107945525707243,0.0359255421085777,0.037991824147731904,False
2022-09-06,0.0041034646908951,0.0359255421085777,0.037991824147731904,False
2022-09-07,-0.0181748486661698,0.0359255421085777,0.037991824147731904,False
2022-09-08,-0.0065889668804424,0.0359255421085777,0.037991824147731904,False
2022-09-09,-0.015156014981211,0.0359255421085777,0.037991824147731904,False
2022-09-12,-0.0105286514839956,0.0359255421085777,0.037991824147731904,False
2022-09-13,0.044199163031974,0.0359255421085777,0.037991824147731904,True
2022-09-14,-0.0033812890788447,0.036300677564099,0.03964654833241116,False
2022-09-15,0.0113822721681495,0.036300677564099,0.03964654833241116,False
2022-09-16,0.0072080497756631,0.036300677564099,0.03964654833241116,False
2022-09-19,-0.0068336977247057,0.036300677564099,0.03964654833241116,False
2022-09-20,0.0113361147366004,0.036300677564099,0.03964654833241116,False
2022-09-21,0.0172646740985063,0.036300677564099,0.03964654833241116,False
2022-09-22,0.0084632938304539,0.036300677564099,0.03964654833241116,False
2022-09-23,0.0173828287673307,0.036300677564099,0.03964654833241116,False
2022-09-26,0.0103943608902805,0.036300677564099,0.03964654833241116,False
2022-09-27,0.0021226109548247,0.036300677564099,0.03964654833241116,False
2022-09-28,-0.0194811441811523,0.036300677564099,0.03964654833241116,False
2022-09-29,0.0213527948230975,0.036300677564099,0.03964654833241116,False
2022-09-30,0.0151813515462093,0.036300677564099,0.03964654833241116,False
2022-10-03,-0.0255545775309301,0.036300677564099,0.03964654833241116,False
2022-10-04,-0.0301253414167998,0.036300677564099,0.03964654833241116,False
2022-10-05,0.0020199875589381,0.036300677564099,0.03964654833241116,False
2022-10-06,0.0102979229113952,0.036300677564099,0.03964654833241116,False
2022-10-07,0.028403196531478,0.036300677564099,0.03964654833241116,False
2022-10-10,0.0075206731336527,0.036300677564099,0.03964654833241116,False
2022-10-11,0.0065405184123237,0.036300677564099,0.03964654833241116,False
2022-10-12,0.0032961996501662,0.036300677564099,0.03964654833241116,False
2022-10-13,-0.0256342593076311,0.036300677564099,0.03964654833241116,False
2022-10-14,0.0239471207445284,0.036300677564099,0.03964654833241116,False
2022-10-17,-0.0261355245575618,0.036300677564099,0.03964654833241116,False
2022-10-18,-0.0113627682070874,0.036300677564099,0.03964654833241116,False
2022-10-19,0.0066944552396843,0.036300677564099,0.03964654833241116,False
2022-10-20,0.0079826867387666,0.036300677564099,0.03964654833241116,False
2022-10-21,-0.0234477598604472,0.036300677564099,0.03964654833241116,False
2022-10-24,-0.0118119402051114,0.036300677564099,0.03964654833241116,False
2022-10-25,-0.0161357700158749,0.036300677564099,0.03964654833241116,False
2022-10-26,0.0074151403989898,0.036300677564099,0.03964654833241116,False
2022-10-27,0.0061011850531844,0.036300677564099,0.03964654833241116,False
2022-10-28,-0.0243280367708563,0.036300677564099,0.03964654833241116,False
2022-10-31,0.0074823270303364,0.036300677564099,0.03964654833241116,False
2022-11-01,0.004109663720359,0.036300677564099,0.03964654833241116,False
2022-11-02,0.0253198437374828,0.036300677564099,0.03964654833241116,False
2022-11-03,0.0106424225319565,0.036300677564099,0.03964654833241116,False
2022-11-04,-0.0135268232855639,0.036300677564099,0.03964654833241116,False
2022-11-07,-0.0095680616793591,0.036300677564099,0.03964654833241116,False
2022-11-08,-0.0055822828287603,0.036300677564099,0.03964654833241116,False
2022-11-09,0.0209967847123034,0.036300677564099,0.03964654833241116,False
2022-11-10,-0.0539525156647976,0.036300677564099,0.03964654833241116,False
2022-11-11,-0.009198312304769,0.036300677564099,0.03964654833241116,False
2022-11-14,0.008975940544918,0.036300677564099,0.03964654833241116,False
2022-11-15,-0.0086753764146691,0.036300677564099,0.03964654833241116,False
2022-11-16,0.0082862831118737,0.036300677564099,0.03964654833241116,False
2022-11-17,0.0030941046442292,0.036300677564099,0.03964654833241116,False
2022-11-18,-0.0047472956481582,0.036300677564099,0.03964654833241116,False
2022-11-21,0.0038912498002756,0.036300677564099,0.03964654833241116,False
2022-11-22,-0.0134886062698283,0.036300677564099,0.03964654833241116,False
2022-11-23,-0.0058972660417383,0.036300677564099,0.03964654833241116,False
2022-11-25,0.0002830842622024,0.036300677564099,0.03964654833241116,False
2022-11-28,0.0155646967940648,0.036300677564099,0.03964654833241116,False
2022-11-29,0.0015931337016243,0.036300677564099,0.03964654833241116,False
2022-11-30,-0.0304786435212949,0.036300677564099,0.03964654833241116,False
2022-12-01,0.0008680098296065,0.036300677564099,0.03964654833241116,False
2022-12-02,0.0011953746637614,0.036300677564099,0.03964654833241116,False
2022-12-05,0.0180562496309722,0.036300677564099,0.03964654833241116,False
2022-12-06,0.014503869422986,0.036300677564099,0.03964654833241116,False
2022-12-07,0.0018641072533816,0.036300677564099,0.03964654833241116,False
2022-12-08,-0.0074936344139332,0.036300677564099,0.03964654833241116,False
2022-12-09,0.0073767194642132,0.036300677564099,0.03964654833241116,False
2022-12-12,-0.01417830729965,0.036300677564099,0.03964654833241116,False
2022-12-13,-0.0072632232554572,0.036300677564099,0.03964654833241116,False
2022-12-14,0.0060711166238359,0.036300677564099,0.03964654833241116,False
2022-12-15,0.025237477901826,0.036300677564099,0.03964654833241116,False
2022-12-16,0.0112002399460116,0.036300677564099,0.03964654833241116,False
2022-12-19,0.0090483289411038,0.036300677564099,0.03964654833241116,False
2022-12-20,-0.0010368006978907,0.036300677564099,0.03964654833241116,False
2022-12-21,-0.0147585486690542,0.036300677564099,0.03964654833241116,False
2022-12-22,0.0145571424981456,0.036300677564099,0.03964654833241116,False
2022-12-23,-0.005850952271915,0.036300677564099,0.03964654833241116,False
2022-12-27,0.0040578440346594,0.036300677564099,0.03964654833241116,False
2022-12-28,0.0120934704429486,0.036300677564099,0.03964654833241116,False
2022-12-29,-0.0173106343149943,0.036300677564099,0.03964654833241116,False
2022-12-30,0.0025439756461108,0.036300677564099,0.03964654833241116,False
2023-01-03,0.0040085724812736,0.036300677564099,0.03964654833241116,False
2023-01-04,-0.0075106945621389,0.036300677564099,0.03964654833241116,False
2023-01-05,0.0117138691364571,0.036300677564099,0.03964654833241116,False
2023-01-06,-0.0225838355890308,0.036300677564099,0.03964654833241116,False
2023-01-09,0.0007679273259905,0.036300677564099,0.03964654833241116,False
2023-01-10,-0.0069539979705937,0.036300677564099,0.03964654833241116,False
2023-01-11,-0.0127675711922936,0.036300677564099,0.03964654833241116,False
2023-01-12,-0.0034100849120427,0.036300677564099,0.03964654833241116,False
2023-01-13,-0.003988892144656,0.036300677564099,0.03964654833241116,False
2023-01-17,0.0020325554309963,0.036300677564099,0.03964654833241116,False
2023-01-18,0.0156849669777446,0.036300677564099,0.03964654833241116,False
2023-01-19,0.0076676719018124,0.036300677564099,0.03964654833241116,False
2023-01-20,-0.0187416735523519,0.036300677564099,0.03964654833241116,False
2023-01-23,-0.0118113159513285,0.036300677564099,0.03964654833241116,False
2023-01-24,0.0007117563642918,0.036300677564099,0.03964654833241116,False
2023-01-25,0.0001817415734656,0.036300677564099,0.03964654833241116,False
2023-01-26,-0.0109477080291143,0.036300677564099,0.03964654833241116,False
2023-01-27,-0.0024917340217038,0.036300677564099,0.03964654833241116,False
2023-01-30,0.0130535693152926,0.036300677564099,0.03964654833241116,False
2023-01-31,-0.0145363044164195,0.036300677564099,0.03964654833241116,False
2023-02-01,-0.0103980562968847,0.036300677564099,0.03964654833241116,False
2023-02-02,-0.0145923846268543,0.036300677564099,0.03964654833241116,False
2023-02-03,0.0104085926372854,0.036300677564099,0.03964654833241116,False
2023-02-06,0.0061593931939392,0.036300677564099,0.03964654833241116,False
2023-02-07,-0.012790364037397,0.036300677564099,0.03964654833241116,False
2023-02-08,0.0111425730124113,0.036300677564099,0.03964654833241116,False
2023-02-09,0.0088690098310373,0.036300677564099,0.03964654833241116,False
2023-02-10,-0.0021928557092171,0.036300677564099,0.03964654833241116,False
2023-02-13,-0.0113835699511551,0.036300677564099,0.03964654833241116,False
2023-02-14,0.0002804538554937,0.036300677564099,0.03964654833241116,False
2023-02-15,-0.0027693375330766,0.036300677564099,0.03964654833241116,False
2023-02-16,0.0138846892048816,0.036300677564099,0.03964654833241116,False
2023-02-17,0.0027712421722827,0.036300677564099,0.03964654833241116,False
2023-02-21,0.0202447839734716,0.036300677564099,0.03964654833241116,False
2023-02-22,0.0015747954856433,0.036300677564099,0.03964654833241116,False
2023-02-23,-0.0053152782632377,0.036300677564099,0.03964654833241116,False
2023-02-24,0.0105934646197741,0.036300677564099,0.03964654833241116,False
2023-02-27,-0.0030682925395522,0.036300677564099,0.03964654833241116,False
2023-02-28,0.0030406198309477,0.036300677564099,0.03964654833241116,False
2023-03-01,0.0047364642034928,0.036300677564099,0.03964654833241116,False
2023-03-02,-0.0075535937311959,0.036300677564099,0.03964654833241116,False
2023-03-03,-0.016018749176483,0.036300677564099,0.03964654833241116,False
2023-03-06,-0.0006869307788483,0.036300677564099,0.03964654833241116,False
2023-03-07,0.0154455904792625,0.036300677564099,0.03964654833241116,False
2023-03-08,-0.0014137941356032,0.036300677564099,0.03964654833241116,False
2023-03-09,0.0186318579454823,0.036300677564099,0.03964654833241116,False
2023-03-10,0.0145839694360666,0.036300677564099,0.03964654833241116,False
2023-03-13,0.0015109018407387,0.036300677564099,0.03964654833241116,False
2023-03-14,-0.0163423882353636,0.036300677564099,0.03964654833241116,False
2023-03-15,0.0070053639293535,0.036300677564099,0.03964654833241116,False
2023-03-16,-0.0174095762490317,0.036300677564099,0.03964654833241116,False
2023-03-17,0.0110806212739537,0.036300677564099,0.03964654833241116,False
2023-03-20,-0.0088788696359408,0.036300677564099,0.03964654833241116,False
2023-03-21,-0.0128986475185591,0.036300677564099,0.03964654833241116,False
2023-03-22,0.0166002486398428,0.036300677564099,0.03964654833241116,False
2023-03-23,-0.0029800838691824,0.036300677564099,0.03964654833241116,False
2023-03-24,-0.0056239630843032,0.036300677564099,0.03964654833241116,False
2023-03-27,-0.001645599563767,0.036300677564099,0.03964654833241116,False
2023-03-28,0.0015750832883878,0.036300677564099,0.03964654833241116,False
2023-03-29,-0.0141368707750468,0.036300677564099,0.03964654833241116,False
2023-03-30,-0.0056989991994826,0.036300677564099,0.03964654833241116,False
2023-03-31,-0.0143333277820365,0.036300677564099,0.03964654833241116,False
2023-04-03,-0.0036920225658028,0.036300677564099,0.03964654833241116,False
2023-04-04,0.0058138397451625,0.036300677564099,0.03964654833241116,False
2023-04-05,0.0024954816571214,0.036300677564099,0.03964654833241116,False
2023-04-06,-0.0035727731328032,0.036300677564099,0.03964654833241116,False
2023-04-10,-0.00099580701701,0.036300677564099,0.03964654833241116,False
2023-04-11,4.135333298352082e-05,0.036300677564099,0.03964654833241116,False
2023-04-12,0.0041434563234613,0.036300677564099,0.03964654833241116,False
2023-04-13,-0.0131755104978315,0.036300677564099,0.03964654833241116,False
2023-04-14,0.0020715175845779,0.036300677564099,0.03964654833241116,False
2023-04-17,-0.0033007035826147,0.036300677564099,0.03964654833241116,False
2023-04-18,-0.0008548548034659,0.036300677564099,0.03964654833241116,False
2023-04-19,8.426554793962826e-05,0.036300677564099,0.03964654833241116,False
2023-04-20,0.0059703351883111,0.036300677564099,0.03964654833241116,False
2023-04-21,-0.0009027812573008,0.036300677564099,0.03964654833241116,False
2023-04-24,-0.0008512167782723,0.036300677564099,0.03964654833241116,False
2023-04-25,0.0159371838185764,0.036300677564099,0.03964654833241116,False
2023-04-26,0.0038485835033448,0.036300677564099,0.03964654833241116,False
2023-04-27,-0.0193771934026963,0.036300677564099,0.03964654833241116,False
2023-04-28,-0.0082193313132434,0.036300677564099,0.03964654833241116,False
2023-05-01,0.0003861810485107,0.036300677564099,0.03964654833241116,False
2023-05-02,0.0116539066805717,0.036300677564099,0.03964654833241116,False
2023-05-03,0.0070229080548929,0.036300677564099,0.03964654833241116,False
2023-05-04,0.0072449134550627,0.036300677564099,0.03964654833241116,False
2023-05-05,-0.0183061663818797,0.036300677564099,0.03964654833241116,False
2023-05-08,-0.000452026484882,0.036300677564099,0.03964654833241116,False
2023-05-09,0.0045899389490595,0.036300677564099,0.03964654833241116,False
2023-05-10,-0.0044739422419144,0.036300677564099,0.03964654833241116,False
2023-05-11,0.0016980648897067,0.036300677564099,0.03964654833241116,False
2023-05-12,0.001584561589439,0.036300677564099,0.03964654833241116,False
2023-05-15,-0.0029537976803169,0.036300677564099,0.03964654833241116,False
2023-05-16,0.0063981076819174,0.036300677564099,0.03964654833241116,False
2023-05-17,-0.0118206886220715,0.036300677564099,0.03964654833241116,False
2023-05-18,-0.0094007230637271,0.036300677564099,0.03964654833241116,False
2023-05-19,0.0014469138806754,0.036300677564099,0.03964654833241116,False
2023-05-22,-0.0001550226798023,0.036300677564099,0.03964654833241116,False
2023-05-23,0.0112854687682842,0.036300677564099,0.03964654833241116,False
2023-05-24,0.0073455126783052,0.036300677564099,0.03964654833241116,False
2023-05-25,-0.0087194560790118,0.036300677564099,0.03964654833241116,False
2023-05-26,-0.0129646809316407,0.036300677564099,0.03964654833241116,False
2023-05-30,-1.660313066576836e-05,0.036300677564099,0.03964654833241116,False
2023-05-31,0.006127358186214,0.036300677564099,0.03964654833241116,False
2023-06-01,-0.0098062150858538,0.036300677564099,0.03964654833241116,False
2023-06-02,-0.0144298123901074,0.036300677564099,0.03964654833241116,False
2023-06-05,0.0020055914906577,0.036300677564099,0.03964654833241116,False
2023-06-06,-0.0023511302338505,0.036300677564099,0.03964654833241116,False
2023-06-07,0.0038192939264206,0.036300677564099,0.03964654833241116,False
2023-06-08,-0.0061695716075232,0.036300677564099,0.03964654833241116,False
2023-06-09,-0.0011474010230505,0.036300677564099,0.03964654833241116,False
2023-06-12,-0.0092779749817541,0.036300677564099,0.03964654833241116,False
2023-06-13,-0.0069085707259088,0.036300677564099,0.03964654833241116,False
2023-06-14,-0.0008190899801265,0.036300677564099,0.03964654833241116,False
2023-06-15,-0.0121045804935899,0.036300677564099,0.03964654833241116,False
2023-06-16,0.003678376467751,0.036300677564099,0.03964654833241116,False
2023-06-20,0.004746353835236,0.036300677564099,0.03964654833241116,False
2023-06-21,0.0052590863669252,0.036300677564099,0.03964654833241116,False
2023-06-22,-0.0037039303873345,0.036300677564099,0.03964654833241116,False
2023-06-23,0.0076882880565021,0.036300677564099,0.03964654833241116,False
2023-06-26,0.0044969343631321,0.036300677564099,0.03964654833241116,False
2023-06-27,-0.0113907335241807,0.036300677564099,0.03964654833241116,False
2023-06-28,0.0003541393883898,0.036300677564099,0.03964654833241116,False
2023-06-29,-0.00446356811449,0.036300677564099,0.03964654833241116,False
2023-06-30,-0.0121943502618858,0.036300677564099,0.03964654833241116,False
2023-07-03,-0.0011699930926736,0.036300677564099,0.03964654833241116,False
2023-07-05,0.0019702580976127,0.036300677564099,0.03964654833241116,False
2023-07-06,0.0079540611758947,0.036300677564099,0.03964654833241116,False
2023-07-07,0.0028692127957334,0.036300677564099,0.03964654833241116,False
2023-07-10,-0.0024021386106263,0.036300677564099,0.03964654833241116,False
2023-07-11,-0.0067195839982548,0.036300677564099,0.03964654833241116,False
2023-07-12,-0.0073839052353896,0.036300677564099,0.03964654833241116,False
2023-07-13,-0.0084344829896271,0.036300677564099,0.03964654833241116,False
2023-07-14,0.0010249321969074,0.036300677564099,0.03964654833241116,False
2023-07-17,-0.0038479695744204,0.036300677564099,0.03964654833241116,False
2023-07-18,-0.0070920669414283,0.036300677564099,0.03964654833241116,False
2023-07-19,-0.0023551348272336,0.036300677564099,0.03964654833241116,False
2023-07-20,0.0067798273962576,0.036300677564099,0.03964654833241116,False
2023-07-21,-0.000324042014613,0.036300677564099,0.03964654833241116,False
2023-07-24,-0.0040260384968748,0.036300677564099,0.03964654833241116,False
2023-07-25,-0.0028107195758387,0.036300677564099,0.03964654833241116,False
2023-07-26,0.0001554509786759,0.036300677564099,0.03964654833241116,False
2023-07-27,0.006445393055197,0.036300677564099,0.03964654833241116,False
2023-07-28,-0.0098293758104338,0.036300677564099,0.03964654833241116,False
2023-07-31,-0.0014676354365687,0.036300677564099,0.03964654833241116,False
2023-08-01,0.0026686453076827,0.036300677564099,0.03964654833241116,False
2023-08-02,0.0139362006383361,0.036300677564099,0.03964654833241116,False
2023-08-03,0.0025512254502915,0.036300677564099,0.03964654833241116,False
2023-08-04,0.0053141693739379,0.036300677564099,0.03964654833241116,False
2023-08-07,-0.0089836189648565,0.036300677564099,0.03964654833241116,False
2023-08-08,0.0042272051000588,0.036300677564099,0.03964654833241116,False
2023-08-09,0.0070636191020451,0.036300677564099,0.03964654833241116,False
2023-08-10,-0.0002506825210808,0.036300677564099,0.03964654833241116,False
2023-08-11,0.0010702648992294,0.036300677564099,0.03964654833241116,False
2023-08-14,-0.005734004879419,0.036300677564099,0.03964654833241116,False
2023-08-15,0.0116181393960964,0.036300677564099,0.03964654833241116,False
2023-08-16,0.0075840817926245,0.036300677564099,0.03964654833241116,False
2023-08-17,0.007742811377529,0.036300677564099,0.03964654833241116,False
2023-08-18,0.0001487178839572,0.036300677564099,0.03964654833241116,False
2023-08-21,-0.0068556348597997,0.036300677564099,0.03964654833241116,False
2023-08-22,0.0027813310465456,0.036300677564099,0.03964654833241116,False
2023-08-23,-0.0109843307107913,0.036300677564099,0.03964654833241116,False
2023-08-24,0.013549353984008,0.036300677564099,0.03964654833241116,False
2023-08-25,-0.0066955010602951,0.036300677564099,0.03964654833241116,False
2023-08-28,-0.0062450785941964,0.036300677564099,0.03964654833241116,False
2023-08-29,-0.0144040687120565,0.036300677564099,0.03964654833241116,False
2023-08-30,-0.0038258541811929,0.036300677564099,0.03964654833241116,False
2023-08-31,0.0015982129743398,0.036300677564099,0.03964654833241116,False
2023-09-01,-0.0017975127655185,0.036300677564099,0.03964654833241116,False
2023-09-05,0.0042029978213812,0.036300677564099,0.03964654833241116,False
2023-09-06,0.0069960144914322,0.036300677564099,0.03964654833241116,False
2023-09-07,0.0032164331157329,0.036300677564099,0.03964654833241116,False
2023-09-08,-0.001425606062257,0.036300677564099,0.03964654833241116,False
2023-09-11,-0.0067009514981355,0.036300677564099,0.03964654833241116,False
2023-09-12,0.0057121690230039,0.036300677564099,0.03964654833241116,False
2023-09-13,-0.0012408621175346,0.036300677564099,0.03964654833241116,False
2023-09-14,-0.0083945855336662,0.036300677564099,0.03964654833241116,False
2023-09-15,0.0122341458424939,0.036300677564099,0.03964654833241116,False
2023-09-18,-0.0007210276941755,0.036300677564099,0.03964654833241116,False
2023-09-19,0.0021533273615331,0.036300677564099,0.03964654833241116,False
2023-09-20,0.009439204206291,0.036300677564099,0.03964654833241116,False
2023-09-21,0.016536918318488,0.036300677564099,0.03964654833241116,False
2023-09-22,0.0022982374027607,0.036300677564099,0.03964654833241116,False
2023-09-25,-0.0040149942038066,0.036300677564099,0.03964654833241116,False
2023-09-26,0.0148441654822649,0.036300677564099,0.03964654833241116,False
2023-09-27,-0.0002292877722947,0.036300677564099,0.03964654833241116,False
2023-09-28,-0.0058758771430006,0.036300677564099,0.03964654833241116,False
2023-09-29,0.0027132596482893,0.036300677564099,0.03964654833241116,False
2023-10-02,-7.936440615299324e-05,0.036300677564099,0.03964654833241116,False
2023-10-03,0.0138393958634491,0.036300677564099,0.03964654833241116,False
2023-10-04,-0.0080770476078289,0.036300677564099,0.03964654833241116,False
2023-10-05,0.0013048811469951,0.036300677564099,0.03964654833241116,False
2023-10-06,-0.0117456420939611,0.036300677564099,0.03964654833241116,False
2023-10-09,-0.0062840681193874,0.036300677564099,0.03964654833241116,False
2023-10-10,-0.0051944760999853,0.036300677564099,0.03964654833241116,False
2023-10-11,-0.004283819500095,0.036300677564099,0.03964654833241116,False
2023-10-12,0.0062660249406549,0.036300677564099,0.03964654833241116,False
2023-10-13,0.0050314956602198,0.036300677564099,0.03964654833241116,False
2023-10-16,-0.0105386423025899,0.036300677564099,0.03964654833241116,False
2023-10-17,9.824987944376509e-05,0.036300677564099,0.03964654833241116,False
2023-10-18,0.0134904082511518,0.036300677564099,0.03964654833241116,False
2023-10-19,0.0085190323280579,0.036300677564099,0.03964654833241116,False
2023-10-20,0.0126651491961559,0.036300677564099,0.03964654833241116,False
2023-10-23,0.0016869920654349,0.036300677564099,0.03964654833241116,False
2023-10-24,-0.0072395235196288,0.036300677564099,0.03964654833241116,False
2023-10-25,0.014443434657238,0.036300677564099,0.03964654833241116,False
2023-10-26,0.0119030812055848,0.036300677564099,0.03964654833241116,False
2023-10-27,0.0048118385786207,0.036300677564099,0.03964654833241116,False
2023-10-30,-0.0119384743002859,0.036300677564099,0.03964654833241116,False
2023-10-31,-0.0064540848216882,0.036300677564099,0.03964654833241116,False
2023-11-01,-0.0104511949901918,0.036300677564099,0.03964654833241116,False
2023-11-02,-0.0186829389340864,0.036300677564099,0.03964654833241116,False
2023-11-03,-0.0093498835445514,0.036300677564099,0.03964654833241116,False
2023-11-06,-0.0017514577241005,0.036300677564099,0.03964654833241116,False
2023-11-07,-0.0028360934017119,0.036300677564099,0.03964654833241116,False
2023-11-08,-0.0010044110324198,0.036300677564099,0.03964654833241116,False
2023-11-09,0.0081166906990687,0.036300677564099,0.03964654833241116,False
2023-11-10,-0.0154957592707722,0.036300677564099,0.03964654833241116,False
2023-11-13,0.00083618844137,0.036300677564099,0.03964654833241116,False
2023-11-14,-0.0188953704745772,0.036300677564099,0.03964654833241116,False
2023-11-15,-0.0015957382078471,0.036300677564099,0.03964654833241116,False
2023-11-16,-0.0011897193967137,0.036300677564099,0.03964654833241116,False
2023-11-17,-0.0012812279371779,0.036300677564099,0.03964654833241116,False
2023-11-20,-0.0073631037937956,0.036300677564099,0.03964654833241116,False
2023-11-21,0.0020229759317579,0.036300677564099,0.03964654833241116,False
2023-11-22,-0.0040529050943133,0.036300677564099,0.03964654833241116,False
2023-11-24,-0.000596695609645,0.036300677564099,0.03964654833241116,False
2023-11-27,0.0019560693168983,0.036300677564099,0.03964654833241116,False
2023-11-28,-0.0009796385280502,0.036300677564099,0.03964654833241116,False
2023-11-29,0.0009466966151019,0.036300677564099,0.03964654833241116,False
2023-11-30,-0.0037769312649946,0.036300677564099,0.03964654833241116,False
2023-12-01,-0.0058565589538466,0.036300677564099,0.03964654833241116,False
2023-12-04,0.0054231880638269,0.036300677564099,0.03964654833241116,False
2023-12-05,0.0005690315939348,0.036300677564099,0.03964654833241116,False
2023-12-06,0.0039138519449437,0.036300677564099,0.03964654833241116,False
2023-12-07,-0.0079366106848219,0.036300677564099,0.03964654833241116,False
2023-12-08,-0.0040871341465037,0.036300677564099,0.03964654833241116,False
2023-12-11,-0.0039168135477814,0.036300677564099,0.03964654833241116,False
2023-12-12,-0.0045888127956924,0.036300677564099,0.03964654833241116,False
2023-12-13,-0.0135583451750198,0.036300677564099,0.03964654833241116,False
2023-12-14,-0.0026435651851544,0.036300677564099,0.03964654833241116,False
2023-12-15,7.625240044859478e-05,0.036300677564099,0.03964654833241116,False
2023-12-18,-0.0045181222634005,0.036300677564099,0.03964654833241116,False
2023-12-19,-0.0058492674508189,0.036300677564099,0.03964654833241116,False
2023-12-20,0.0147931479653056,0.036300677564099,0.03964654833241116,False
2023-12-21,-0.0102487693072718,0.036300677564099,0.03964654833241116,False
2023-12-22,-0.001658682152761,0.036300677564099,0.03964654833241116,False
2023-12-26,-0.0042227610469785,0.036300677564099,0.03964654833241116,False
2023-12-27,-0.0014294356164229,0.036300677564099,0.03964654833241116,False
2023-12-28,-0.0003701061103271,0.036300677564099,0.03964654833241116,False
2023-12-29,0.0028304770367338,0.036300677564099,0.03964654833241116,False
2024-01-02,0.0056766607997231,0.036300677564099,0.03964654833241116,False
2024-01-03,0.0080486183271976,0.036300677564099,0.03964654833241116,False
2024-01-04,0.0034342716633174,0.036300677564099,0.03964654833241116,False
2024-01-05,-0.0018240216394339,0.036300677564099,0.03964654833241116,False
2024-01-08,-0.0140159454363531,0.036300677564099,0.03964654833241116,False
2024-01-09,0.0014789938523175,0.036300677564099,0.03964654833241116,False
2024-01-10,-0.0056499806504959,0.036300677564099,0.03964654833241116,False
2024-01-11,0.0006712808369611,0.036300677564099,0.03964654833241116,False
2024-01-12,-0.0007506937530339,0.036300677564099,0.03964654833241116,False
2024-01-16,0.0037383190523568,0.036300677564099,0.03964654833241116,False
2024-01-17,0.0056327312711078,0.036300677564099,0.03964654833241116,False
2024-01-18,-0.0087667207262431,0.036300677564099,0.03964654833241116,False
2024-01-19,-0.0122383082325485,0.036300677564099,0.03964654833241116,False
2024-01-22,-0.0021919211872316,0.036300677564099,0.03964654833241116,False
2024-01-23,-0.0029171153407644,0.036300677564099,0.03964654833241116,False
2024-01-24,-0.0008115989762168,0.036300677564099,0.03964654833241116,False
2024-01-25,-0.0052465781349779,0.036300677564099,0.03964654833241116,False
2024-01-26,0.0006519977554263,0.036300677564099,0.03964654833241116,False
2024-01-29,-0.0075283655052462,0.036300677564099,0.03964654833241116,False
2024-01-30,0.0006008303969786,0.036300677564099,0.03964654833241116,False
2024-01-31,0.0162368517407336,0.036300677564099,0.03964654833241116,False
2024-02-01,-0.0124162861140497,0.036300677564099,0.03964654833241116,False
2024-02-02,-0.0106277707226331,0.036300677564099,0.03964654833241116,False
2024-02-05,0.0031914247092839,0.036300677564099,0.03964654833241116,False
2024-02-06,-0.0023077459317481,0.036300677564099,0.03964654833241116,False
2024-02-07,-0.0082076825940086,0.036300677564099,0.03964654833241116,False
2024-02-08,-0.0005704205400905,0.036300677564099,0.03964654833241116,False
2024-02-09,-0.0057259171287955,0.036300677564099,0.03964654833241116,False
2024-02-12,0.0009494041426524,0.036300677564099,0.03964654833241116,False
2024-02-13,0.0137686094198454,0.036300677564099,0.03964654833241116,False
2024-02-14,-0.0095341683042168,0.036300677564099,0.03964654833241116,False
2024-02-15,-0.00580437267404,0.036300677564099,0.03964654833241116,False
2024-02-16,0.004815043575961,0.036300677564099,0.03964654833241116,False
2024-02-20,0.0060234264658172,0.036300677564099,0.03964654833241116,False
2024-02-21,-0.0012634014951035,0.036300677564099,0.03964654833241116,False
2024-02-22,-0.0209028886664034,0.036300677564099,0.03964654833241116,False
2024-02-23,-0.0003478870265021,0.036300677564099,0.03964654833241116,False
2024-02-26,0.0037939392446684,0.036300677564099,0.03964654833241116,False
2024-02-27,-0.0017048955387209,0.036300677564099,0.03964654833241116,False
2024-02-28,0.0016595313211122,0.036300677564099,0.03964654833241116,False
2024-02-29,-0.0052154704557999,0.036300677564099,0.03964654833241116,False
2024-03-01,-0.0079759364333879,0.036300677564099,0.03964654833241116,False
2024-03-04,0.001193974574963,0.036300677564099,0.03964654833241116,False
2024-03-05,0.0102454062759179,0.036300677564099,0.03964654833241116,False
2024-03-06,-0.0051279328530016,0.036300677564099,0.03964654833241116,False
2024-03-07,-0.0102514022849836,0.036300677564099,0.03964654833241116,False
2024-03-08,0.0065499229920503,0.036300677564099,0.03964654833241116,False
2024-03-11,0.0011228682680281,0.036300677564099,0.03964654833241116,False
2024-03-12,-0.011139512586668,0.036300677564099,0.03964654833241116,False
2024-03-13,0.0019263840021219,0.036300677564099,0.03964654833241116,False
2024-03-14,0.0028752210514951,0.036300677564099,0.03964654833241116,False
2024-03-15,0.0065040228597376,0.036300677564099,0.03964654833241116,False
2024-03-18,-0.0062981842384804,0.036300677564099,0.03964654833241116,False
2024-03-19,-0.0056332530443431,0.036300677564099,0.03964654833241116,False
2024-03-20,-0.0088647655163601,0.036300677564099,0.03964654833241116,False
2024-03-21,-0.0032313090945288,0.036300677564099,0.03964654833241116,False
2024-03-22,0.0014031718343267,0.036300677564099,0.03964654833241116,False
2024-03-25,0.0030596403820319,0.036300677564099,0.03964654833241116,False
2024-03-26,0.0028037219828057,0.036300677564099,0.03964654833241116,False
2024-03-27,-0.008593595582706,0.036300677564099,0.03964654833241116,False
2024-03-28,-0.0011158627007616,0.036300677564099,0.03964654833241116,False
2024-04-01,0.0020156145269577,0.036300677564099,0.03964654833241116,False
2024-04-02,0.0072653882036724,0.036300677564099,0.03964654833241116,False
2024-04-03,-0.0010905275233378,0.036300677564099,0.03964654833241116,False
2024-04-04,0.0124110356192622,0.036300677564099,0.03964654833241116,False
2024-04-05,-0.0110380501356995,0.036300677564099,0.03964654833241116,False
2024-04-08,0.0003747011900415,0.036300677564099,0.03964654833241116,False
2024-04-09,-0.0014444494736345,0.036300677564099,0.03964654833241116,False
2024-04-10,0.0095019818322125,0.036300677564099,0.03964654833241116,False
2024-04-11,-0.0074172219833424,0.036300677564099,0.03964654833241116,False
2024-04-12,0.0146575878022485,0.036300677564099,0.03964654833241116,False
2024-04-15,0.0120941957874591,0.036300677564099,0.03964654833241116,False
2024-04-16,0.0020586245275039,0.036300677564099,0.03964654833241116,False
2024-04-17,0.0057973750760041,0.036300677564099,0.03964654833241116,False
2024-04-18,0.0022106017004853,0.036300677564099,0.03964654833241116,False
2024-04-19,0.0087971296540569,0.036300677564099,0.03964654833241116,False
2024-04-22,-0.008693351156839,0.036300677564099,0.03964654833241116,False
2024-04-23,-0.011893566567722,0.036300677564099,0.03964654833241116,False
2024-04-24,-0.0002129873779329,0.036300677564099,0.03964654833241116,False
2024-04-25,0.0045869342701194,0.036300677564099,0.03964654833241116,False
2024-04-26,-0.0101573813323253,0.036300677564099,0.03964654833241116,False
2024-04-29,-0.0031734080766393,0.0342685763170395,0.03910843163888024,False
2024-04-30,0.0158555511189281,0.0342685763170395,0.03910843163888024,False
2024-05-01,0.0034413534856316,0.0342685763170395,0.03910843163888024,False
2024-05-02,-0.0090870247250848,0.0342685763170395,0.03910843163888024,False
2024-05-03,-0.012478557659508,0.0330522071138406,0.03845873754882856,False
2024-05-06,-0.0102731736912478,0.0330522071138406,0.03845873754882856,False
2024-05-07,-0.0013425282288256,0.0330522071138406,0.03845873754882856,False
2024-05-08,5.835635193424912e-06,0.0330522071138406,0.03845873754882856,False
2024-05-09,-0.0050780326391067,0.0330522071138406,0.03845873754882856,False
2024-05-10,-0.0016480400801667,0.0330522071138406,0.03845873754882856,False
2024-05-13,0.0002413331738652,0.0330522071138406,0.03845873754882856,False
2024-05-14,-0.004826148527454,0.0330522071138406,0.03845873754882856,False
2024-05-15,-0.0116478277872996,0.0330522071138406,0.03845873754882856,False
2024-05-16,0.002083837474088,0.0295424148114094,0.03612045865286068,False
2024-05-17,-0.0011640956878937,0.0295424148114094,0.03612045865286068,False
2024-05-20,-0.0009159703084911,0.0295424148114094,0.03612045865286068,False
2024-05-21,-0.0024987497668926,0.0295424148114094,0.03612045865286068,False
2024-05-22,0.0027097912093521,0.0295424148114094,0.03612045865286068,False
2024-05-23,0.0074081622834719,0.0295424148114094,0.03612045865286068,False
2024-05-24,-0.0069766490766732,0.0295424148114094,0.03612045865286068,False
2024-05-28,-0.0002487709068859,0.0295424148114094,0.03612045865286068,False
2024-05-29,0.0073943172157425,0.0295424148114094,0.03612045865286068,False
2024-05-30,0.0059929575357541,0.0295424148114094,0.03612045865286068,False
2024-05-31,-0.0079958242319288,0.0295424148114094,0.03612045865286068,False
2024-06-03,-0.0011154602235352,0.0295424148114094,0.03612045865286068,False
2024-06-04,-0.0015016810037827,0.0295424148114094,0.03612045865286068,False
2024-06-05,-0.0117780158499572,0.0295424148114094,0.03612045865286068,False
2024-06-06,0.0001998366016368,0.0295424148114094,0.03612045865286068,False
2024-06-07,0.001115842050279,0.0295424148114094,0.03612045865286068,False
2024-06-10,-0.0025775299782409,0.028403196531478,0.0358926149968744,False
2024-06-11,-0.0027067148552095,0.0253198437374828,0.03304859734636298,False
2024-06-12,-0.0084677202418873,0.0253198437374828,0.03304859734636298,False
2024-06-13,-0.0023419114371167,0.0253198437374828,0.03304859734636298,False
2024-06-14,0.0003939382809974,0.025237477901826,0.03148565150396006,False
2024-06-17,-0.0076351643723205,0.025237477901826,0.03148565150396006,False
2024-06-18,-0.0025181541815171,0.025237477901826,0.03148565150396006,False
2024-06-20,0.0025291273954115,0.025237477901826,0.03148565150396006,False
2024-06-21,0.0015633517188252,0.025237477901826,0.03148565150396006,False
2024-06-24,0.0030698791558664,0.025237477901826,0.03148565150396006,False
2024-06-25,-0.0039258736791813,0.025237477901826,0.03148565150396006,False
2024-06-26,-0.0015711962247204,0.025237477901826,0.03148565150396006,False
2024-06-27,-0.000906909856799,0.025237477901826,0.03148565150396006,False
2024-06-28,0.0040920134623695,0.025237477901826,0.03148565150396006,False
2024-07-01,-0.0026719909814295,0.025237477901826,0.03148565150396006,False
2024-07-02,-0.006176205771185,0.025237477901826,0.03148565150396006,False
2024-07-03,-0.0050715622695336,0.025237477901826,0.03148565150396006,False
2024-07-05,-0.0054339743609695,0.025237477901826,0.03148565150396006,False
2024-07-08,-0.0010161824764044,0.025237477901826,0.03148565150396006,False
2024-07-09,-0.0007407974780654,0.025237477901826,0.03148565150396006,False
2024-07-10,-0.0101563148781058,0.025237477901826,0.03148565150396006,False
2024-07-11,0.0088016499692667,0.025237477901826,0.03148565150396006,False
2024-07-12,-0.0055018640249651,0.025237477901826,0.03148565150396006,False
2024-07-15,-0.0028222164233526,0.025237477901826,0.03148565150396006,False
2024-07-16,-0.0063690499714532,0.025237477901826,0.03148565150396006,False
2024-07-17,0.0140254415236455,0.025237477901826,0.03148565150396006,False
2024-07-18,0.00784711214535,0.025237477901826,0.03148565150396006,False
2024-07-19,0.007165879226406,0.025237477901826,0.03148565150396006,False
2024-07-22,-0.0107342172462202,0.025237477901826,0.03148565150396006,False
2024-07-23,0.0015593176939461,0.025237477901826,0.03148565150396006,False
2024-07-24,0.0234212422228928,0.025237477901826,0.03148565150396006,False
2024-07-25,0.0051558890197172,0.025237477901826,0.03148565150396006,False
2024-07-26,-0.0110294204095709,0.025237477901826,0.03148565150396006,False
2024-07-29,-0.0008129795718284,0.025237477901826,0.03148565150396006,False
2024-07-30,0.0049725143613676,0.025237477901826,0.03148565150396006,False
2024-07-31,-0.0156699807019177,0.025237477901826,0.03148565150396006,False
2024-08-01,0.0137881237919901,0.025237477901826,0.03148565150396006,False
2024-08-02,0.0185529066085532,0.025237477901826,0.03148565150396006,False
2024-08-05,0.0304270413923931,0.025237477901826,0.03148565150396006,True
2024-08-06,-0.0103008494935995,0.0253198437374828,0.03252356420207348,False
2024-08-07,0.0077647153887694,0.0253198437374828,0.03252356420207348,False
2024-08-08,-0.0227811395908988,0.0253198437374828,0.03252356420207348,False
2024-08-09,-0.0046607984343816,0.0253198437374828,0.03252356420207348,False
2024-08-12,-4.30330517200971e-05,0.0253198437374828,0.03252356420207348,False
2024-08-13,-0.0167072334190499,0.0253198437374828,0.03252356420207348,False
2024-08-14,-0.0038164365611984,0.0253198437374828,0.03252356420207348,False
2024-08-15,-0.0160044899313041,0.0253198437374828,0.03252356420207348,False
2024-08-16,-0.0019878023683961,0.0253198437374828,0.03252356420207348,False
2024-08-19,-0.0096753274361777,0.0253198437374828,0.03252356420207348,False
2024-08-20,0.0019865272376097,0.0253198437374828,0.03252356420207348,False
2024-08-21,-0.0042307147210067,0.0253198437374828,0.03252356420207348,False
2024-08-22,0.0089729422566572,0.0253198437374828,0.03252356420207348,False
2024-08-23,-0.0114179374016644,0.0253198437374828,0.03252356420207348,False
2024-08-26,0.0031587101696058,0.025237477901826,0.03071734451903078,False
2024-08-27,-0.0015939251127232,0.025237477901826,0.03071734451903078,False
2024-08-28,0.0059939007947352,0.025237477901826,0.03071734451903078,False
2024-08-29,3.937984343658622e-05,0.025237477901826,0.03071734451903078,False
2024-08-30,-0.0100424570791441,0.025237477901826,0.03071734451903078,False
2024-09-03,0.0213779633723976,0.025237477901826,0.03071734451903078,False
2024-09-04,0.0016038290273809,0.025237477901826,0.03071734451903078,False
2024-09-05,0.0030225810146741,0.025237477901826,0.03071734451903078,False
2024-09-06,0.0174109445074244,0.025237477901826,0.03071734451903078,False
2024-09-09,-0.0115135344358182,0.025237477901826,0.03071734451903078,False
2024-09-10,-0.0044626999777935,0.025237477901826,0.03071734451903078,False
2024-09-11,-0.0106085556498433,0.0239471207445284,0.026666936061541656,False
2024-09-12,-0.0074673521568026,0.0239471207445284,0.026666936061541656,False
2024-09-13,-0.005393142234356,0.0239471207445284,0.026666936061541656,False
2024-09-16,-0.0012558408673102,0.0239471207445284,0.026666936061541656,False
2024-09-17,-0.0002645150938964,0.0239471207445284,0.026666936061541656,False
2024-09-18,0.0029006587083132,0.0239471207445284,0.026666936061541656,False
2024-09-19,-0.0168343568927251,0.0239471207445284,0.026666936061541656,False
2024-09-20,0.0019429136300157,0.0239471207445284,0.026666936061541656,False
2024-09-23,-0.0028053344257131,0.0239471207445284,0.026666936061541656,False
2024-09-24,-0.0025080311033453,0.0239471207445284,0.026666936061541656,False
2024-09-25,0.0018629832062121,0.0239471207445284,0.026666936061541656,False
2024-09-26,-0.0040305421581992,0.0239471207445284,0.026666936061541656,False
2024-09-27,0.0012540029000721,0.0239471207445284,0.026666936061541656,False
2024-09-30,-0.0042276036584415,0.0239471207445284,0.026666936061541656,False
2024-10-01,0.0093678486944544,0.0239471207445284,0.026666936061541656,False
2024-10-02,-0.0001383813269864,0.0239471207445284,0.026666936061541656,False
2024-10-03,0.0016828286544586,0.0239471207445284,0.026666936061541656,False
2024-10-04,-0.0089302556991863,0.0239471207445284,0.026666936061541656,False
2024-10-07,0.0096322638293887,0.0234212422228928,0.025670545199824618,False
2024-10-08,-0.0096427068046943,0.0234212422228928,0.025670545199824618,False
2024-10-09,-0.0070882310169945,0.0234212422228928,0.025670545199824618,False
2024-10-10,0.0020722685059824,0.0234212422228928,0.025670545199824618,False
2024-10-11,-0.0060336087072987,0.0234212422228928,0.025670545199824618,False
2024-10-14,-0.0076781145745943,0.0213779633723976,0.02515671372539846,False
2024-10-15,0.0076385660375134,0.0213779633723976,0.02515671372539846,False
2024-10-16,-0.0046682327827797,0.0213779633723976,0.02515671372539846,False
2024-10-17,0.0001711751285381,0.0213779633723976,0.02515671372539846,False
2024-10-18,-0.0039636869427743,0.0213779633723976,0.02515671372539846,False
2024-10-21,0.001824432756419,0.0213779633723976,0.02515671372539846,False
2024-10-22,0.0004749666671957,0.0213779633723976,0.02515671372539846,False
2024-10-23,0.0092338242676795,0.0213779633723976,0.02515671372539846,False
2024-10-24,-0.0021434731305568,0.0213779633723976,0.02515671372539846,False
2024-10-25,0.0002994920131862,0.0213779633723976,0.02515671372539846,False
2024-10-28,-0.0026479346267329,0.0213779633723976,0.02515671372539846,False
2024-10-29,-0.0016128259449012,0.0213779633723976,0.02515671372539846,False
2024-10-30,0.0033056916724881,0.0213779633723976,0.02515671372539846,False
2024-10-31,0.0187901349287453,0.0209967847123034,0.02429210192036258,False
2024-11-01,-0.0040841580045254,0.0209967847123034,0.02429210192036258,False
2024-11-04,0.0028160448131902,0.0209967847123034,0.02429210192036258,False
2024-11-05,-0.012191031029563,0.0209967847123034,0.02429210192036258,False
2024-11-06,-0.0249812809571866,0.0209967847123034,0.02429210192036258,False
2024-11-07,-0.0074037541739956,0.0202447839734716,0.024141701772596218,False
2024-11-08,-0.003749794035718,0.0202447839734716,0.024141701772596218,False
2024-11-11,-0.0009685941909569,0.0202447839734716,0.024141701772596218,False
2024-11-12,0.0028968514769364,0.0202447839734716,0.024141701772596218,False
2024-11-13,-0.0002322007641401,0.0202447839734716,0.024141701772596218,False
2024-11-14,0.006068108582244,0.0202447839734716,0.024141701772596218,False
2024-11-15,0.0132914308667937,0.0202447839734716,0.024141701772596218,False
2024-11-18,-0.0039101597462065,0.0202447839734716,0.024141701772596218,False
2024-11-19,-0.0039557505205964,0.0202447839734716,0.024141701772596218,False
2024-11-20,-2.19506213354446e-05,0.0202447839734716,0.024141701772596218,False
2024-11-21,-0.0053262518442884,0.0202447839734716,0.024141701772596218,False
2024-11-22,-0.0034619595915364,0.0202447839734716,0.024141701772596218,False
2024-11-25,-0.0030159278201245,0.0202447839734716,0.024141701772596218,False
2024-11-26,-0.0057056971552638,0.0202447839734716,0.024141701772596218,False
2024-11-27,0.0038084810835777,0.0202447839734716,0.024141701772596218,False
2024-11-29,-0.0055921203968016,0.0202447839734716,0.024141701772596218,False
2024-12-02,-0.0024454638805813,0.0202447839734716,0.024141701772596218,False
2024-12-03,-0.0004513472420221,0.0202447839734716,0.024141701772596218,False
2024-12-04,-0.0060331816281361,0.0202447839734716,0.024141701772596218,False
2024-12-05,0.0018715258393823,0.0202447839734716,0.024141701772596218,False
2024-12-06,-0.0024923453675383,0.0202447839734716,0.024141701772596218,False
2024-12-09,0.0061631672852274,0.0202447839734716,0.024141701772596218,False
2024-12-10,0.0029682843142792,0.0202447839734716,0.024141701772596218,False
2024-12-11,-0.0081326264113682,0.0202447839734716,0.024141701772596218,False
2024-12-12,0.0054287314614632,0.0202447839734716,0.024141701772596218,False
2024-12-13,2.646698937187397e-05,0.0187901349287453,0.02285223317798008,False
2024-12-16,-0.0037921550087844,0.0187901349287453,0.02285223317798008,False
2024-12-17,0.0038714794806554,0.0187901349287453,0.02285223317798008,False
2024-12-18,0.0299365053045181,0.0187901349287453,0.02285223317798008,True
2024-12-19,0.0008654867505367,0.0202447839734716,0.025081507253134638,False
2024-12-20,-0.0108104794023972,0.0202447839734716,0.025081507253134638,False
2024-12-23,-0.0072608495856163,0.0202447839734716,0.025081507253134638,False
2024-12-24,-0.0109822331651268,0.0202447839734716,0.025081507253134638,False
2024-12-26,0.0004057410882578,0.0202447839734716,0.025081507253134638,False
2024-12-27,0.0111173049649122,0.0202447839734716,0.025081507253134638,False
2024-12-30,0.0107596739417297,0.0202447839734716,0.025081507253134638,False
2024-12-31,0.0042940064589823,0.0202447839734716,0.025081507253134638,False
2025-01-02,0.0022263631494489,0.0202447839734716,0.025081507253134638,False
2025-01-03,-0.012517356707826,0.0202447839734716,0.025081507253134638,False
2025-01-06,-0.0055227664968181,0.0202447839734716,0.025081507253134638,False
2025-01-07,0.011166021516637,0.0202447839734716,0.025081507253134638,False
2025-01-08,-0.0015591440938312,0.0202447839734716,0.025081507253134638,False
2025-01-10,0.0155316376502333,0.0202447839734716,0.025081507253134638,False
2025-01-13,-0.0015742043780551,0.0202447839734716,0.025081507253134638,False
2025-01-14,-0.0011456233341642,0.0202447839734716,0.025081507253134638,False
2025-01-15,-0.0181471325045163,0.0202447839734716,0.025081507253134638,False
2025-01-16,0.0021149243408667,0.0202447839734716,0.025081507253134638,False
2025-01-17,-0.009941478308394,0.0202447839734716,0.025081507253134638,False
2025-01-21,-0.008730009440596,0.0202447839734716,0.025081507253134638,False
2025-01-22,-0.0061191810869941,0.0202447839734716,0.025081507253134638,False
2025-01-23,-0.0052994194595293,0.0202447839734716,0.025081507253134638,False
2025-01-24,0.0028592159844677,0.0202447839734716,0.025081507253134638,False
2025-01-27,0.0146880590321123,0.0202447839734716,0.025081507253134638,False
2025-01-28,-0.0091756441777168,0.0202447839734716,0.025081507253134638,False
2025-01-29,0.0046898760569196,0.0202447839734716,0.025081507253134638,False
2025-01-30,-0.0052615481521802,0.0202447839734716,0.025081507253134638,False
2025-01-31,0.0050596039902671,0.0202447839734716,0.025081507253134638,False
2025-02-03,0.0076376907294952,0.0202447839734716,0.025081507253134638,False
2025-02-04,-0.0071989074030291,0.0202447839734716,0.025081507253134638,False
2025-02-05,-0.0039010539156136,0.0202447839734716,0.025081507253134638,False
2025-02-06,-0.0036376743552662,0.0202447839734716,0.025081507253134638,False
2025-02-07,0.0095098456936602,0.0202447839734716,0.025081507253134638,False
2025-02-10,-0.0066901122954551,0.0202447839734716,0.025081507253134638,False
2025-02-11,-0.0003395251436738,0.0202447839734716,0.025081507253134638,False
2025-02-12,0.0027275831896475,0.0202447839734716,0.025081507253134638,False
2025-02-13,-0.0103723132142357,0.0202447839734716,0.025081507253134638,False
2025-02-14,7.19463955744955e-05,0.0202447839734716,0.025081507253134638,False
2025-02-18,-0.0024420036555518,0.0202447839734716,0.025081507253134638,False
2025-02-19,-0.0023741488668242,0.0202447839734716,0.025081507253134638,False
2025-02-20,0.0043436048842902,0.0187901349287453,0.02479057744418938,False
2025-02-21,0.0172113966725391,0.0187901349287453,0.02479057744418938,False
2025-02-24,0.0049814935662523,0.0187901349287453,0.02479057744418938,False
2025-02-25,0.0046907151383955,0.0187901349287453,0.02479057744418938,False
2025-02-26,-0.0001360150295834,0.0187901349287453,0.02479057744418938,False
2025-02-27,0.0159917426785246,0.0187901349287453,0.02479057744418938,False
2025-02-28,-0.0157297804206633,0.0187901349287453,0.02479057744418938,False
2025-03-03,0.0177534026483088,0.0187901349287453,0.02479057744418938,False
2025-03-04,0.0123102882315054,0.0187901349287453,0.02479057744418938,False
2025-03-05,-0.0110974725287356,0.0187901349287453,0.02479057744418938,False
2025-03-06,0.0179796771074555,0.0187901349287453,0.02479057744418938,False
2025-03-07,-0.0055054350454544,0.0187901349287453,0.02479057744418938,False
2025-03-10,0.0273435417884281,0.0187901349287453,0.02479057744418938,True
2025-03-11,0.0075966469185365,0.0213779633723976,0.026501258816125937,False
2025-03-12,-0.0048749679404907,0.0213779633723976,0.026501258816125937,False
2025-03-13,0.0139883668064641,0.0213779633723976,0.026501258816125937,False
2025-03-14,-0.0210429059531969,0.0213779633723976,0.026501258816125937,False
2025-03-17,-0.006395634974606,0.0213779633723976,0.026501258816125937,False
2025-03-18,0.0107106670743197,0.0213779633723976,0.026501258816125937,False
2025-03-19,-0.0107406081729537,0.0213779633723976,0.026501258816125937,False
2025-03-20,0.0021872835137829,0.0213779633723976,0.026501258816125937,False
2025-03-21,-0.0008243136078323,0.0213779633723976,0.026501258816125937,False
2025-03-24,-0.0174921171286391,0.0213779633723976,0.026501258816125937,False
2025-03-25,-0.0015730954906538,0.0213779633723976,0.026501258816125937,False
2025-03-26,0.011219640357598,0.0213779633723976,0.026501258816125937,False
2025-03-27,0.0033124610071321,0.0213779633723976,0.026501258816125937,False
2025-03-28,0.0199346011268535,0.0213779633723976,0.026501258816125937,False
2025-03-31,-0.0055232403576457,0.0213779633723976,0.026501258816125937,False
2025-04-01,-0.003774104555212,0.0213779633723976,0.026501258816125937,False
2025-04-02,-0.0067056614294841,0.0213779633723976,0.026501258816125937,False
2025-04-03,0.0496059118289966,0.0213779633723976,0.026501258816125937,True
2025-04-04,0.0616090618982309,0.0234212422228928,0.032146848507445744,True
2025-04-07,0.0023341946059635,0.0273435417884281,0.039784412442513364,False
2025-04-08,0.0158250832770548,0.0273435417884281,0.039784412442513364,False
2025-04-09,-0.0908948798330364,0.0273435417884281,0.039784412442513364,False
2025-04-10,0.0352206070241116,0.0273435417884281,0.039784412442513364,True
2025-04-11,-0.017930380835778,0.0299365053045181,0.041359825489650066,False
2025-04-14,-0.0079133193263429,0.0299365053045181,0.041359825489650066,False
2025-04-15,0.0017292752253009,0.0299365053045181,0.041359825489650066,False
2025-04-16,0.0226632539649025,0.0299365053045181,0.041359825489650066,False
2025-04-17,-0.0013259586237727,0.0299365053045181,0.041359825489650066,False
2025-04-21,0.023849648334018,0.0299365053045181,0.041359825489650066,False
2025-04-22,-0.0248069521254506,0.0299365053045181,0.041359825489650066,False
2025-04-23,-0.0165238643668794,0.0299365053045181,0.041359825489650066,False
2025-04-24,-0.0200566280825831,0.0299365053045181,0.041359825489650066,False
2025-04-25,-0.0073460847957005,0.0299365053045181,0.041359825489650066,False
2025-04-28,-0.0006405015390019,0.0299365053045181,0.041359825489650066,False
2025-04-29,-0.0057856415455563,0.0299365053045181,0.041359825489650066,False
2025-04-30,-0.0014788972519335,0.0299365053045181,0.041359825489650066,False
2025-05-01,-0.0062793457164519,0.0299365053045181,0.041359825489650066,False
2025-05-02,-0.0146191911091127,0.0299365053045181,0.041359825489650066,False
2025-05-05,0.0064020470293184,0.0299365053045181,0.041359825489650066,False
2025-05-06,0.0077229852783917,0.0299365053045181,0.041359825489650066,False
2025-05-07,-0.0043369381067101,0.0299365053045181,0.041359825489650066,False
2025-05-08,-0.0057830211474656,0.0299365053045181,0.041359825489650066,False
2025-05-09,0.0007117341348763,0.0299365053045181,0.041359825489650066,False
2025-05-12,-0.0320399766770208,0.0299365053045181,0.041359825489650066,False
2025-05-13,-0.0072220590202459,0.0299365053045181,0.041359825489650066,False
2025-05-14,-0.001023891242276,0.0299365053045181,0.041359825489650066,False
2025-05-15,-0.0041238174387576,0.0299365053045181,0.041359825489650066,False
2025-05-16,-0.0069808493681001,0.0299365053045181,0.041359825489650066,False
2025-05-19,-0.0008757295660482,0.0299365053045181,0.041359825489650066,False
2025-05-20,0.0038877770695725,0.0299365053045181,0.041359825489650066,False
2025-05-21,0.0162667192677588,0.0299365053045181,0.041359825489650066,False
2025-05-22,0.0004449700224211,0.0299365053045181,0.041359825489650066,False
2025-05-23,0.0067308995914731,0.0299365053045181,0.041359825489650066,False
2025-05-27,-0.0202525808021843,0.0299365053045181,0.041359825489650066,False
2025-05-28,0.0055868025764447,0.0299365053045181,0.041359825489650066,False
2025-05-29,-0.0040031708706317,0.0299365053045181,0.041359825489650066,False
2025-05-30,8.118845699520562e-05,0.0299365053045181,0.041359825489650066,False
2025-06-02,-0.004093651490626,0.0299365053045181,0.041359825489650066,False
2025-06-03,-0.0057835335353689,0.0299365053045181,0.041359825489650066,False
2025-06-04,-7.368474471916267e-05,0.0299365053045181,0.041359825489650066,False
2025-06-05,0.0052913579786981,0.0299365053045181,0.041359825489650066,False
2025-06-06,-0.0102281962153767,0.0299365053045181,0.041359825489650066,False
2025-06-09,-0.0009195251863913,0.0299365053045181,0.041359825489650066,False
2025-06-10,-0.0054680125416468,0.0299365053045181,0.041359825489650066,False
2025-06-11,0.0027476603182873,0.0299365053045181,0.041359825489650066,False
2025-06-12,-0.0038151330716763,0.0299365053045181,0.041359825489650066,False
2025-06-13,0.0113606685901028,0.0299365053045181,0.041359825489650066,False
2025-06-16,-0.0093488231481891,0.0299365053045181,0.041359825489650066,False
2025-06-17,0.0083872597236431,0.0299365053045181,0.041359825489650066,False
2025-06-18,0.0003092880347205,0.0299365053045181,0.041359825489650066,False
2025-06-20,0.0021810352155877,0.0299365053045181,0.041359825489650066,False
2025-06-23,-0.0095606550712594,0.0299365053045181,0.041359825489650066,False
2025-06-24,-0.0110603286169586,0.0299365053045181,0.041359825489650066,False
2025-06-25,3.286108349665331e-06,0.0299365053045181,0.041359825489650066,False
2025-06-26,-0.0079881310325167,0.0299365053045181,0.041359825489650066,False
2025-06-27,-0.00520539925615,0.0299365053045181,0.041359825489650066,False
2025-06-30,-0.0051511375061288,0.0299365053045181,0.041359825489650066,False
2025-07-01,0.0011191571098791,0.0299365053045181,0.041359825489650066,False
2025-07-02,-0.0047338743064907,0.0299365053045181,0.041359825489650066,False
2025-07-03,-0.0083043782106639,0.0299365053045181,0.041359825489650066,False
2025-07-07,0.007893368104244,0.0299365053045181,0.041359825489650066,False
2025-07-08,0.0007161432504695,0.0299365053045181,0.041359825489650066,False
2025-07-09,-0.0060438027767796,0.0299365053045181,0.041359825489650066,False
2025-07-10,-0.0027424410729257,0.0299365053045181,0.041359825489650066,False
2025-07-11,0.0033029717732258,0.0299365053045181,0.041359825489650066,False
2025-07-14,-0.0014064243309367,0.0299365053045181,0.041359825489650066,False
2025-07-15,0.0039641450656725,0.0299365053045181,0.041359825489650066,False
2025-07-16,-0.0031885685253844,0.0299365053045181,0.041359825489650066,False
2025-07-17,-0.005359380240011,0.0299365053045181,0.041359825489650066,False
2025-07-18,9.049030280841674e-05,0.0299365053045181,0.041359825489650066,False
2025-07-21,-0.0013981570056732,0.0299365053045181,0.041359825489650066,False
2025-07-22,-0.0006373284966667,0.0299365053045181,0.041359825489650066,False
2025-07-23,-0.0077815321457028,0.0299365053045181,0.041359825489650066,False
2025-07-24,-0.0006979799969332,0.0299365053045181,0.041359825489650066,False
2025-07-25,-0.0039664510016805,0.0299365053045181,0.041359825489650066,False
2025-07-28,-0.0001768424712665,0.0299365053045181,0.041359825489650066,False
2025-07-29,0.0029638301974668,0.0299365053045181,0.041359825489650066,False
2025-07-30,0.0012502139385094,0.0299365053045181,0.041359825489650066,False
2025-07-31,0.0037016620463745,0.0299365053045181,0.041359825489650066,False
2025-08-01,0.0161213871855698,0.0299365053045181,0.041359825489650066,False
2025-08-04,-0.0146295644914144,0.0299365053045181,0.041359825489650066,False
2025-08-05,0.004869703780462,0.0299365053045181,0.041359825489650066,False
2025-08-06,-0.0072555222198526,0.0299365053045181,0.041359825489650066,False
2025-08-07,0.0007977981718278,0.0299365053045181,0.041359825489650066,False
2025-08-08,-0.0077694548163894,0.0299365053045181,0.041359825489650066,False
2025-08-11,0.0025072683938851,0.0299365053045181,0.041359825489650066,False
2025-08-12,-0.0112815590751707,0.0299365053045181,0.041359825489650066,False
2025-08-13,-0.0032248733840464,0.0299365053045181,0.041359825489650066,False
2025-08-14,-0.0003030448785544,0.0299365053045181,0.041359825489650066,False
2025-08-15,0.0029013399163647,0.0299365053045181,0.041359825489650066,False
2025-08-18,0.0001007682577357,0.0299365053045181,0.041359825489650066,False
2025-08-19,0.0058753291122071,0.0299365053045181,0.041359825489650066,False
2025-08-20,0.0024346306322649,0.0299365053045181,0.041359825489650066,False
2025-08-21,0.0040122197289511,0.0299365053045181,0.041359825489650066,False
2025-08-22,-0.0150722851587791,0.0299365053045181,0.041359825489650066,False
2025-08-25,0.0042755125396463,0.0299365053045181,0.041359825489650066,False
2025-08-26,-0.0041254737101163,0.0299365053045181,0.041359825489650066,False
2025-08-27,-0.002388130453303,0.0299365053045181,0.041359825489650066,False
2025-08-28,-0.0031517474414667,0.0299365053045181,0.041359825489650066,False
2025-08-29,0.0064187404027925,0.0299365053045181,0.041359825489650066,False
2025-09-02,0.0069463500610303,0.0299365053045181,0.041359825489650066,False
2025-09-03,-0.0050871123029413,0.0299365053045181,0.041359825489650066,False
2025-09-04,-0.0083118471028735,0.0299365053045181,0.041359825489650066,False
2025-09-05,0.0031701726699367,0.0299365053045181,0.041359825489650066,False
2025-09-08,-0.0021037644508885,0.0299365053045181,0.041359825489650066,False
2025-09-09,-0.0026845470300734,0.0299365053045181,0.041359825489650066,False
2025-09-10,-0.0029790282293981,0.0299365053045181,0.041359825489650066,False
2025-09-11,-0.0084500876230935,0.0299365053045181,0.041359825489650066,False
2025-09-12,0.0004828778814283,0.0299365053045181,0.041359825489650066,False
2025-09-15,-0.0046955777265597,0.0299365053045181,0.041359825489650066,False
2025-09-16,0.0012887604333313,0.0299365053045181,0.041359825489650066,False
2025-09-17,0.0009706390782443,0.0299365053045181,0.041359825489650066,False
2025-09-18,-0.0047776878367082,0.0299365053045181,0.041359825489650066,False
2025-09-19,-0.0048735239374811,0.0299365053045181,0.041359825489650066,False
2025-09-22,-0.0044003507147622,0.0299365053045181,0.041359825489650066,False
2025-09-23,0.0055173518287397,0.0299365053045181,0.041359825489650066,False
2025-09-24,0.0028506771652953,0.0299365053045181,0.041359825489650066,False
2025-09-25,0.0050216487425263,0.0299365053045181,0.041359825489650066,False
2025-09-26,-0.0058844891304135,0.0299365053045181,0.041359825489650066,False
2025-09-29,-0.0026320772599126,0.0299365053045181,0.041359825489650066,False
2025-09-30,-0.0040825036135079,0.0299365053045181,0.041359825489650066,False
2025-10-01,-0.0033941541712235,0.0299365053045181,0.041359825489650066,False
2025-10-02,-0.0006181636213842,0.0299365053045181,0.041359825489650066,False
2025-10-03,-6.55106568658717e-05,0.0299365053045181,0.041359825489650066,False
2025-10-06,-0.0036399592827626,0.0299365053045181,0.041359825489650066,False
2025-10-07,0.003818687706853,0.0299365053045181,0.041359825489650066,False
2025-10-08,-0.0058107484941873,0.0299365053045181,0.041359825489650066,False
2025-10-09,0.0027593739802789,0.0299365053045181,0.041359825489650066,False
2025-10-10,0.0274859754398998,0.0299365053045181,0.041359825489650066,False
2025-10-13,-0.015478263036934,0.0299365053045181,0.041359825489650066,False
2025-10-14,0.0015655514969425,0.0299365053045181,0.041359825489650066,False
2025-10-15,-0.0040179185034279,0.0299365053045181,0.041359825489650066,False
2025-10-16,0.0063142802751419,0.0299365053045181,0.041359825489650066,False
2025-10-17,-0.0052568739445263,0.0299365053045181,0.041359825489650066,False
2025-10-20,-0.0106157241361441,0.0299365053045181,0.041359825489650066,False
2025-10-21,-3.269591641698797e-05,0.0299365053045181,0.041359825489650066,False
2025-10-22,0.005351834774743,0.0299365053045181,0.041359825489650066,False
2025-10-23,-0.0058104798620133,0.0299365053045181,0.041359825489650066,False
2025-10-24,-0.0078713619752448,0.0299365053045181,0.041359825489650066,False
2025-10-27,-0.0122151413273793,0.0299365053045181,0.041359825489650066,False
2025-10-28,-0.0022853305022299,0.0299365053045181,0.041359825489650066,False
2025-10-29,4.357920473317536e-05,0.0299365053045181,0.041359825489650066,False
2025-10-30,0.0099541914245345,0.0299365053045181,0.041359825489650066,False
2025-10-31,-0.0026145009178832,0.0299365053045181,0.041359825489650066,False
2025-11-03,-0.0017192339969181,0.0299365053045181,0.041359825489650066,False
2025-11-04,0.0118062503923267,0.0299365053045181,0.041359825489650066,False
2025-11-05,-0.0036468976756877,0.0299365053045181,0.041359825489650066,False
2025-11-06,0.0112411345147227,0.0299365053045181,0.041359825489650066,False
2025-11-07,-0.0012610463474931,0.0299365053045181,0.041359825489650066,False
2025-11-10,-0.0152836267035018,0.0299365053045181,0.041359825489650066,False
2025-11-11,-0.0020731999523923,0.0299365053045181,0.041359825489650066,False
2025-11-12,-0.0006293191259445,0.0299365053045181,0.041359825489650066,False
2025-11-13,0.0166954516309277,0.0299365053045181,0.041359825489650066,False
2025-11-14,0.0005018514712717,0.0299365053045181,0.041359825489650066,False
2025-11-17,0.0092044978943051,0.0299365053045181,0.041359825489650066,False
2025-11-18,0.0082907098441693,0.0299365053045181,0.041359825489650066,False
2025-11-19,-0.0037468077372653,0.0299365053045181,0.041359825489650066,False
2025-11-20,0.0156897261163152,0.0299365053045181,0.041359825489650066,False
2025-11-21,-0.009775103041592,0.0299365053045181,0.041359825489650066,False
2025-11-24,-0.0153488188990818,0.0299365053045181,0.041359825489650066,False
2025-11-25,-0.0090208860008329,0.0299365053045181,0.041359825489650066,False
2025-11-26,-0.0068829694361496,0.0299365053045181,0.041359825489650066,False
2025-11-28,-0.0053404873411373,0.0299365053045181,0.041359825489650066,False
2025-12-01,0.0053375487460559,0.0299365053045181,0.041359825489650066,False
2025-12-02,-0.0024542211959366,0.0299365053045181,0.041359825489650066,False
2025-12-03,-0.0029753605210852,0.0299365053045181,0.041359825489650066,False
2025-12-04,-0.0010797387119744,0.0299365053045181,0.041359825489650066,False
2025-12-05,-0.0019347688846794,0.0299365053045181,0.041359825489650066,False
2025-12-08,0.0034833153316476,0.0299365053045181,0.041359825489650066,False
2025-12-09,0.0008767431610132,0.0299365053045181,0.041359825489650066,False
2025-12-10,-0.0067268806591399,0.0299365053045181,0.041359825489650066,False
2025-12-11,-0.002077191983717,0.0299365053045181,0.041359825489650066,False
2025-12-12,0.0107209134585545,0.0299365053045181,0.041359825489650066,False
2025-12-15,0.0015978388918367,0.0299365053045181,0.041359825489650066,False
2025-12-16,0.0023867640084396,0.0299365053045181,0.041359825489650066,False
2025-12-17,0.0116598566113712,0.0299365053045181,0.041359825489650066,False
2025-12-18,-0.0079029515204791,0.0299365053045181,0.041359825489650066,False
2025-12-19,-0.0087794074218288,0.0299365053045181,0.041359825489650066,False
2025-12-22,-0.0064158705755619,0.0299365053045181,0.041359825489650066,False
2025-12-23,-0.0045400670467882,0.0299365053045181,0.041359825489650066,False
2025-12-24,-0.0032163043447007,0.0299365053045181,0.041359825489650066,False
2025-12-26,0.0003044098771082,0.0299365053045181,0.041359825489650066,False
2025-12-29,0.0034981629239373,0.0299365053045181,0.041359825489650066,False
2025-12-30,0.0013766142506534,0.0299365053045181,0.041359825489650066,False
